PassengerID,Name,SeatRow,SeatColumn,Class
100000,Carol Williams,29,B,Economy
100001,Ryan White,26,E,Economy
100002,Jack Jones,22,A,Economy
100003,Frank Martin,23,A,Economy
100004,Alice Wilson,16,A,Economy
100005,Paul Garcia,17,E,Economy
100007,Eve Thomas,10,E,Business
100008,Mia Jones,9,D,Business
100009,Grace White,29,D,Economy
100010,Paul Jones,5,B,Business
100011,Carol Williams,3,B,First
100012,Eve Smith,16,B,Economy
100013,Grace Davis,2,A,First
100015,Tom Rodriguez,29,E,Economy
100016,Alice Smith,8,D,Business
100017,Leo White,29,F,Economy
100018,Carol Davis,16,C,Economy
100019,Noah Jones,28,E,Economy
100021,Leo Davis,18,D,Economy
100023,Quinn Taylor,27,E,Economy
100024,Ivy Jackson,5,D,Business
100025,Noah Harris,1,E,First
100027,Kate Anderson,19,A,Economy
100028,Bob Jones,17,C,Economy
100029,Tom Thomas,23,D,Economy
100030,Ivy Jackson,9,E,Business
100031,Paul Anderson,5,C,Business
100032,Ryan Harris,20,E,Economy
100033,Sara Jackson,12,A,Economy
100035,Carol Miller,27,D,Economy
100036,Leo Taylor,4,D,Business
100037,Eve Harris,18,A,Economy
100038,Henry Smith,20,F,Economy
100039,Olivia Wilson,6,D,Business
100040,Quinn Jones,7,B,Business
100041,Tom Harris,15,F,Economy
100042,Alice Thomas,9,A,Business
100047,Eve Williams,3,A,First
100048,Sara Williams,21,A,Economy
100049,Bob Thomas,19,C,Economy
100050,Mia Martinez,23,F,Economy
100051,Frank Jackson,13,A,Economy
100052,Ryan Smith,25,E,Economy
100053,Bob Taylor,19,D,Economy
100054,Jack Williams,4,A,Business
100055,Noah Williams,21,E,Economy
100056,Frank White,12,B,Economy
100057,Ivy Smith,11,B,Economy
100058,Henry Taylor,8,C,Business
100059,Mia White,10,B,Business
100060,Paul Harris,15,C,Economy
100061,Grace Miller,23,C,Economy
100062,Kate Anderson,30,A,Economy
100063,Jack Miller,13,C,Economy
100064,Henry Harris,15,D,Economy
100065,Ryan Wilson,6,F,Business
100068,Noah Garcia,26,A,Economy
100069,Eve Davis,21,B,Economy
100070,Leo Davis,27,C,Economy
100072,Paul Miller,13,B,Economy
100073,Bob Jackson,28,F,Economy
100076,Bob White,25,D,Economy
100077,Grace Taylor,13,D,Economy
100078,Quinn Rodriguez,8,F,Business
100079,Kate Williams,22,E,Economy
100080,Leo Rodriguez,9,B,Business
100081,Bob Miller,11,F,Economy
100082,Frank Brown,14,E,Economy
100084,David Rodriguez,20,C,Economy
100086,Quinn Jackson,21,C,Economy
100087,Tom Thomas,10,A,Business
100088,Kate Smith,24,F,Economy
100089,Olivia Johnson,14,F,Economy
100090,Noah Garcia,30,E,Economy
100091,Ivy Garcia,21,F,Economy
100094,Jack Martinez,4,C,Business
100096,David Brown,14,D,Economy
100097,Jack Wilson,5,F,Business
100101,Eve Thomas,16,F,Economy
100104,David Brown,7,A,Business
100106,David Martin,4,F,Business
100108,Bob Williams,16,D,Economy
100110,Carol Anderson,26,F,Economy
100111,David Martin,22,F,Economy
100112,Ryan Thomas,9,C,Business
100113,Sara Davis,15,B,Economy
100114,Mia Martin,18,F,Economy
100115,Jack Anderson,17,A,Economy
100117,Alice Miller,10,F,Business
100118,Ivy Smith,12,E,Economy
100121,Carol Davis,11,C,Economy
100123,Bob Jackson,18,B,Economy
100126,Noah Martinez,2,B,First
100130,Frank Wilson,1,A,First
100133,Quinn White,7,D,Business
100134,Paul Thomas,30,B,Economy
100135,Tom Brown,7,C,Business
100136,Sara Garcia,3,E,First
100138,Ryan Johnson,13,E,Economy
100140,Leo Jackson,18,C,Economy
100144,Ivy Miller,14,C,Economy
100145,Mia Taylor,24,A,Economy
100148,Sara Anderson,25,F,Economy
100152,Jack Harris,15,E,Economy
100154,Eve Wilson,29,A,Economy
100155,Leo Johnson,6,C,Business
100156,Paul Miller,11,D,Economy
100160,David Jones,22,C,Economy
100163,Frank Davis,13,F,Economy
100166,Quinn Wilson,17,F,Economy
100167,Bob Miller,26,C,Economy
100168,Olivia Brown,22,D,Economy
100169,David Jones,2,D,First
100171,Grace Garcia,9,F,Business
100172,Tom Rodriguez,25,A,Economy
100174,Eve Harris,26,D,Economy
100184,Quinn Miller,14,A,Economy
100186,David Jones,2,C,First
100193,Jack Martin,6,A,Business
100197,Sara Martin,30,F,Economy
100198,Paul Johnson,5,E,Business
100202,Noah Martinez,15,A,Economy
100206,Eve Davis,25,B,Economy
100207,Mia Davis,6,B,Business
100208,Jack Taylor,10,D,Business
100211,Paul Martinez,24,C,Economy
100214,Noah Taylor,17,B,Economy
100222,Quinn Brown,28,B,Economy
100223,Kate Johnson,4,B,Business
100227,Tom Martinez,3,F,First
100229,Carol Garcia,2,E,First
100230,Henry Harris,24,B,Economy
100242,Frank Jackson,26,B,Economy
100243,Bob Jackson,14,B,Economy
100245,Frank Anderson,4,E,Business
100246,Paul Harris,3,D,First
100248,Tom Thomas,8,A,Business
100251,Eve Johnson,5,A,Business
100256,Kate Williams,8,E,Business
100259,Paul Martinez,22,B,Economy
100263,Jack Thomas,28,C,Economy
100265,Sara Wilson,20,A,Economy
100267,Noah Garcia,28,D,Economy
100268,Ivy Rodriguez,27,F,Economy
100271,Eve Brown,20,D,Economy
100272,Mia Martinez,27,A,Economy
100278,Eve Martin,6,E,Business
100281,Paul Miller,25,C,Economy
100289,Jack Martinez,18,E,Economy
100290,Grace Jones,3,C,First
100292,Ryan Miller,11,E,Economy
100298,Leo Garcia,7,F,Business
100326,Frank Martin,1,F,First
100333,Eve Jones,23,B,Economy
100335,Ivy Jackson,19,F,Economy
100341,Tom Brown,1,B,First
100343,Ryan Jones,12,F,Economy
100347,Leo Jones,30,D,Economy
100353,Sara Rodriguez,28,A,Economy
100357,Sara Jones,30,C,Economy
100361,Paul Davis,19,B,Economy
100376,Ivy Taylor,16,E,Economy
100377,Tom White,8,B,Business
100379,Frank Miller,2,F,First
100386,Eve Brown,10,C,Business
100387,Henry Johnson,24,D,Economy
100461,Leo Smith,12,D,Economy
100475,Leo Smith,7,E,Business
100500,Grace Martinez,27,B,Economy
100528,Tom Miller,29,C,Economy
100582,Paul Wilson,23,E,Economy
100607,Tom Anderson,20,B,Economy
100619,Tom Smith,19,E,Economy
100635,Jack Thomas,24,E,Economy
100680,Ryan Anderson,11,A,Economy
100702,Frank Smith,12,C,Economy
100741,Sara Smith,1,D,First
100754,David Davis,21,D,Economy
100809,Eve Wilson,1,C,First
101080,David Smith,17,D,Economy
101081,Laura Johnson,1514,A,Economy
101082,Michael White,841,A,Economy
101083,Emily Harris,1420,B,Economy
101084,Jane Taylor,1223,B,Economy
101085,Sarah Anderson,1301,E,Economy
101086,Chris Martin,1330,F,Economy
101087,Laura Thomas,58,C,Economy
101088,Alex Martin,995,D,Economy
101089,Sarah Johnson,1036,A,Economy
101090,John Martin,844,C,Economy
101091,Alex Brown,1028,B,Economy
101092,Katie Thomas,435,E,Economy
101093,Jane Brown,1531,C,Economy
101094,Chris Jackson,497,C,Economy
101095,Jane Smith,688,E,Economy
101096,Sarah Smith,655,E,Economy
101097,Jane Smith,526,D,Economy
101098,Katie Smith,774,B,Economy
101099,Michael Jackson,1049,F,Economy
101100,David Johnson,1324,F,Economy
101101,Laura Smith,253,A,Economy
101102,Laura Jackson,1553,A,Economy
101103,Alex Martin,250,D,Economy
101104,Sarah Jackson,1115,A,Economy
101105,Laura Anderson,221,F,Economy
101106,Laura Martin,952,B,Economy
101107,John Thomas,385,B,Economy
101108,John Johnson,800,C,Economy
101109,Laura Johnson,467,C,Economy
101110,Jane Jackson,769,E,Economy
101111,David Harris,971,D,Economy
101112,Michael Anderson,1060,C,Economy
101113,Chris Taylor,1574,F,Economy
101114,Sarah Johnson,1468,A,Economy
101115,Sarah Smith,274,E,Economy
101116,Katie Anderson,1339,B,Economy
101117,Emily Johnson,1353,D,Economy
101118,John Taylor,1107,B,Economy
101119,Sarah Johnson,839,A,Economy
101120,David Taylor,865,A,Economy
101121,Emily Johnson,1158,D,Economy
101122,Laura Thomas,123,E,Economy
101123,Laura Taylor,1637,A,Economy
101124,Jane Harris,1595,A,Economy
101125,Michael Harris,1481,C,Economy
101126,Emily Thomas,925,B,Economy
101127,David Martin,311,B,Economy
101128,Sarah Johnson,750,E,Economy
101129,Michael Anderson,259,B,Economy
101130,Katie Brown,162,F,Economy
101131,Michael Thomas,1348,F,Economy
101132,Emily Anderson,202,A,Economy
101133,Jane Jackson,850,F,Economy
101134,Katie Taylor,900,C,Economy
101135,Michael Johnson,446,D,Economy
101136,Alex Smith,628,F,Economy
101137,Katie Smith,1273,C,Economy
101138,David Brown,1354,D,Economy
101139,Michael Harris,142,E,Economy
101140,David Martin,767,C,Economy
101141,Laura Jackson,861,E,Economy
101142,Laura Harris,725,E,Economy
101143,Michael Harris,645,E,Economy
101144,Alex Johnson,1344,C,Economy
101145,John Taylor,516,D,Economy
101146,Michael Martin,1400,C,Economy
101147,Sarah Smith,443,C,Economy
101148,John Smith,1162,B,Economy
101149,Emily Thomas,297,A,Economy
101150,Katie Anderson,1542,A,Economy
101151,Chris Martin,1331,B,Economy
101152,Alex Martin,315,A,Economy
101153,John Thomas,1150,F,Economy
101154,Laura Anderson,1342,D,Economy
101155,David Brown,809,F,Economy
101156,Michael Smith,1368,E,Economy
101157,Laura Anderson,969,A,Economy
101158,Alex Jackson,100,A,Economy
101159,Katie Martin,1306,E,Economy
101160,Laura White,527,F,Economy
101161,Katie Jackson,922,E,Economy
101162,Jane Johnson,223,A,Economy
101163,Alex Brown,1537,A,Economy
101164,John Taylor,565,B,Economy
101165,Sarah White,607,B,Economy
101166,David Jackson,1097,B,Economy
101167,Chris Harris,1560,B,Economy
101168,David Martin,1297,D,Economy
101169,John Johnson,1339,D,Economy
101170,Sarah Johnson,1581,E,Economy
101171,Jane Johnson,340,C,Economy
101172,Michael Brown,1131,B,Economy
101173,Jane White,1157,E,Economy
101174,David Taylor,808,A,Economy
101175,David Taylor,1121,B,Economy
101176,Emily Martin,837,F,Economy
101177,David Johnson,674,A,Economy
101178,Sarah Anderson,1481,F,Economy
101179,Alex Harris,695,E,Economy
101180,Chris Brown,1263,D,Economy
101181,David Anderson,833,C,Economy
101182,Emily Jackson,1636,E,Economy
101183,Chris Johnson,75,D,Economy
101184,David Brown,922,D,Economy
101185,Alex Martin,545,D,Economy
101186,Katie Johnson,636,E,Economy
101187,Emily Smith,721,B,Economy
101188,Laura Martin,1357,B,Economy
101189,Emily Jackson,1239,B,Economy
101190,David Thomas,1389,C,Economy
101191,Alex Jackson,258,C,Economy
101192,John White,1189,A,Economy
101193,Emily Johnson,92,E,Economy
101194,Jane Jackson,1644,B,Economy
101195,Emily White,301,F,Economy
101196,Laura Anderson,1657,D,Economy
101197,Sarah White,1260,D,Economy
101198,Katie Anderson,84,F,Economy
101199,Laura Jackson,1346,C,Economy
101200,Laura Smith,1378,A,Economy
101201,Katie White,1624,E,Economy
101202,Emily Smith,556,D,Economy
101203,Emily Martin,1018,D,Economy
101204,David White,640,B,Economy
101205,Sarah White,1307,F,Economy
101206,Sarah Taylor,933,E,Economy
101207,Jane Smith,1429,F,Economy
101208,Chris Anderson,1391,A,Economy
101209,Chris Thomas,1106,B,Economy
101210,Sarah Harris,380,E,Economy
101211,Laura Brown,965,D,Economy
101212,Alex Smith,100,F,Economy
101213,Alex Taylor,1655,B,Economy
101214,Sarah White,1354,F,Economy
101215,Chris Brown,725,C,Economy
101216,John Thomas,285,C,Economy
101217,Chris Jackson,1143,D,Economy
101218,Jane Taylor,1060,E,Economy
101219,Michael White,1053,F,Economy
101220,Laura White,1335,E,Economy
101221,Sarah Thomas,1646,A,Economy
101222,John Martin,1296,D,Economy
101223,Jane Brown,1160,C,Economy
101224,Michael Thomas,1368,C,Economy
101225,Jane Harris,1363,E,Economy
101226,David Thomas,880,A,Economy
101227,Katie Harris,1583,B,Economy
101228,Emily Taylor,551,F,Economy
101229,Sarah Jackson,792,B,Economy
101230,Katie Martin,212,A,Economy
101231,Jane Brown,39,F,Economy
101232,Michael Smith,500,E,Economy
101233,Jane Martin,404,A,Economy
101234,Katie White,268,B,Economy
101235,John White,916,B,Economy
101236,Laura Harris,239,E,Economy
101237,Emily Smith,176,D,Economy
101238,Laura White,1279,F,Economy
101239,John Brown,192,F,Economy
101240,John Brown,1619,E,Economy
101241,Laura Jackson,783,C,Economy
101242,John Thomas,674,E,Economy
101243,Emily Jackson,234,E,Economy
101244,Katie Smith,467,B,Economy
101245,Jane Brown,1585,C,Economy
101246,Katie White,669,D,Economy
101247,Laura White,576,E,Economy
101248,Chris Anderson,381,A,Economy
101249,Jane Brown,1135,A,Economy
101250,Emily Taylor,1261,C,Economy
101251,Chris Johnson,1325,B,Economy
101252,Chris Jackson,838,D,Economy
101253,Laura Martin,927,E,Economy
101254,Jane Johnson,1456,C,Economy
101255,Alex White,1610,E,Economy
101256,Alex Taylor,113,D,Economy
101257,Jane Johnson,633,C,Economy
101258,Jane Brown,1359,F,Economy
101259,David White,194,A,Economy
101260,Alex Jackson,1063,B,Economy
101261,Michael Taylor,153,E,Economy
101262,Emily Taylor,394,D,Economy
101263,Laura Harris,1406,E,Economy
101264,Michael White,1497,A,Economy
101265,Sarah Brown,52,B,Economy
101266,Emily Harris,1109,A,Economy
101267,Emily Thomas,761,C,Economy
101268,Emily Thomas,415,C,Economy
101269,Katie Thomas,1549,F,Economy
101270,Katie Jackson,452,C,Economy
101271,Alex Johnson,874,E,Economy
101272,Sarah Martin,504,C,Economy
101273,Sarah Anderson,1016,A,Economy
101274,Chris Anderson,330,C,Economy
101275,John Jackson,653,B,Economy
101276,David Taylor,908,F,Economy
101277,Laura Smith,1215,D,Economy
101278,John Anderson,231,A,Economy
101279,Laura Jackson,1072,F,Economy
101280,Katie Brown,1491,C,Economy
101281,Alex Anderson,741,F,Economy
101282,Jane Jackson,576,B,Economy
101283,Katie Jackson,969,C,Economy
101284,Michael Jackson,748,A,Economy
101285,David Smith,340,A,Economy
101286,Emily Anderson,216,C,Economy
101287,Katie Smith,1329,E,Economy
101288,Jane Harris,962,A,Economy
101289,Emily Johnson,260,E,Economy
101290,Laura Brown,1146,B,Economy
101291,John White,1463,A,Economy
101292,Emily Johnson,467,E,Economy
101293,David Thomas,1299,F,Economy
101294,Laura Taylor,1390,D,Economy
101295,Chris Martin,1429,A,Economy
101296,John Brown,1571,B,Economy
101297,Chris Johnson,654,B,Economy
101298,Alex Smith,813,A,Economy
101299,Emily Martin,1395,F,Economy
101300,Michael Jackson,1614,B,Economy
101301,Michael Harris,1280,C,Economy
101302,Jane Taylor,1482,F,Economy
101303,Jane Harris,1154,C,Economy
101304,Jane Brown,138,B,Economy
101305,Katie Brown,553,F,Economy
101306,John Smith,534,A,Economy
101307,Emily Johnson,724,F,Economy
101308,David Anderson,1513,D,Economy
101309,John Brown,1211,F,Economy
101310,Michael Brown,1610,B,Economy
101311,John Taylor,1215,C,Economy
101312,Michael Thomas,821,E,Economy
101313,David Thomas,987,C,Economy
101314,Sarah Thomas,1375,C,Economy
101315,Katie Taylor,122,A,Economy
101316,Sarah Taylor,124,A,Economy
101317,Jane Brown,1574,A,Economy
101318,Sarah Thomas,132,D,Economy
101319,Chris Johnson,173,F,Economy
101320,Laura Jackson,53,A,Economy
101321,Jane Johnson,950,A,Economy
101322,Sarah Jackson,1572,F,Economy
101323,Katie White,472,C,Economy
101324,Chris Brown,681,A,Economy
101325,Chris Jackson,1314,F,Economy
101326,Sarah Martin,843,B,Economy
101327,Chris Smith,1642,A,Economy
101328,Katie Thomas,849,B,Economy
101329,Sarah Johnson,1356,C,Economy
101330,David Johnson,330,D,Economy
101331,Katie Harris,1344,B,Economy
101332,David Harris,816,D,Economy
101333,Michael White,56,C,Economy
101334,John Thomas,535,C,Economy
101335,Michael Brown,787,F,Economy
101336,Laura White,1220,C,Economy
101337,Laura Smith,1192,A,Economy
101338,John White,788,A,Economy
101339,Alex Anderson,968,E,Economy
101340,Michael Johnson,127,D,Economy
101341,Laura White,979,E,Economy
101342,Chris Taylor,1664,A,Economy
101343,Emily Harris,1091,A,Economy
101344,Alex Harris,1444,F,Economy
101345,Katie Jackson,1336,D,Economy
101346,Emily Martin,1050,C,Economy
101347,Alex Johnson,1382,E,Economy
101348,Laura Anderson,851,B,Economy
101349,Laura Johnson,398,C,Economy
101350,Emily Johnson,549,E,Economy
101351,Sarah Johnson,1648,F,Economy
101352,Katie Martin,1386,A,Economy
101353,Jane Jackson,1137,F,Economy
101354,Sarah Thomas,1553,C,Economy
101355,David Martin,1236,F,Economy
101356,John Johnson,565,A,Economy
101357,Michael Jackson,1151,B,Economy
101358,Laura Martin,1393,C,Economy
101359,Emily Anderson,969,F,Economy
101360,Michael Anderson,1419,C,Economy
101361,John Smith,88,A,Economy
101362,Sarah Harris,574,B,Economy
101363,John Taylor,886,D,Economy
101364,Emily Smith,867,F,Economy
101365,Katie White,1478,A,Economy
101366,Michael Johnson,1361,C,Economy
101367,Emily Johnson,899,A,Economy
101368,Emily Smith,101,C,Economy
101369,Sarah Thomas,957,F,Economy
101370,Chris Martin,727,A,Economy
101371,Katie Jackson,1580,B,Economy
101372,Michael Thomas,978,D,Economy
101373,Emily White,566,E,Economy
101374,David Thomas,108,F,Economy
101375,Michael Johnson,1199,D,Economy
101376,David Harris,668,D,Economy
101377,John Johnson,1453,A,Economy
101378,Jane Martin,433,B,Economy
101379,Jane Taylor,1109,D,Economy
101380,Emily Anderson,1439,F,Economy
101381,Sarah Smith,396,D,Economy
101382,Chris Brown,766,B,Economy
101383,Sarah Martin,1016,F,Economy
101384,Emily Smith,1538,F,Economy
101385,Michael Anderson,253,D,Economy
101386,Chris Martin,1173,F,Economy
101387,Jane White,31,D,Economy
101388,Emily Taylor,1632,F,Economy
101389,Sarah Johnson,1417,B,Economy
101390,Emily Brown,577,A,Economy
101391,Jane Taylor,783,E,Economy
101392,John Martin,1133,D,Economy
101393,Alex Jackson,858,B,Economy
101394,David Harris,783,B,Economy
101395,Chris Harris,540,A,Economy
101396,Emily Martin,1451,E,Economy
101397,Chris Brown,619,D,Economy
101398,Katie Anderson,365,A,Economy
101399,Laura White,1311,E,Economy
101400,Alex Harris,1465,B,Economy
101401,Emily Martin,415,E,Economy
101402,Katie Martin,840,A,Economy
101403,Laura Brown,400,F,Economy
101404,Laura White,1008,D,Economy
101405,Jane Anderson,1448,B,Economy
101406,Katie Thomas,1177,A,Economy
101407,Emily Johnson,350,C,Economy
101408,Sarah Johnson,1324,D,Economy
101409,Emily Smith,442,C,Economy
101410,Sarah Taylor,966,B,Economy
101411,Emily Martin,1392,E,Economy
101412,Michael Johnson,409,E,Economy
101413,Emily Smith,1652,B,Economy
101414,Chris Jackson,110,D,Economy
101415,Alex Anderson,1078,A,Economy
101416,Chris Jackson,210,E,Economy
101417,Chris Johnson,1060,B,Economy
101418,Emily Harris,730,F,Economy
101419,Michael Taylor,1173,A,Economy
101420,Chris Jackson,1575,B,Economy
101421,David Taylor,1163,D,Economy
101422,Sarah Jackson,1322,A,Economy
101423,Alex White,241,F,Economy
101424,Chris Harris,568,F,Economy
101425,Jane Thomas,1343,E,Economy
101426,David Harris,285,F,Economy
101427,David White,319,B,Economy
101428,Jane Martin,1021,C,Economy
101429,Katie Thomas,944,F,Economy
101430,David White,258,D,Economy
101431,Chris Johnson,131,A,Economy
101432,Chris Thomas,142,A,Economy
101433,Katie Smith,1558,C,Economy
101434,Laura Brown,1456,F,Economy
101435,Chris Taylor,1000,C,Economy
101436,Michael Harris,1308,C,Economy
101437,Emily Jackson,864,B,Economy
101438,Chris Smith,1059,C,Economy
101439,Michael Smith,1170,A,Economy
101440,Katie Thomas,1582,B,Economy
101441,John Taylor,559,A,Economy
101442,John Thomas,314,E,Economy
101443,Alex Thomas,1360,A,Economy
101444,Chris Brown,1249,D,Economy
101445,Sarah Anderson,964,C,Economy
101446,David Johnson,963,F,Economy
101447,Katie Martin,474,D,Economy
101448,Michael Harris,575,E,Economy
101449,David Johnson,1643,D,Economy
101450,Emily Anderson,652,C,Economy
101451,Chris Smith,229,C,Economy
101452,John Harris,1027,D,Economy
101453,Michael Jackson,1447,A,Economy
101454,Jane Martin,1565,E,Economy
101455,John Harris,292,E,Economy
101456,Emily Brown,1438,F,Economy
101457,Laura Harris,1087,B,Economy
101458,Sarah Martin,1021,A,Economy
101459,Sarah Jackson,1498,F,Economy
101460,Alex Taylor,1584,E,Economy
101461,Sarah Taylor,467,F,Economy
101462,John Taylor,1611,C,Economy
101463,Sarah Harris,91,C,Economy
101464,Sarah Brown,445,F,Economy
101465,Laura Taylor,1437,A,Economy
101466,Michael Smith,1081,A,Economy
101467,Laura Anderson,407,D,Economy
101468,Katie Jackson,874,C,Economy
101469,Chris Martin,824,C,Economy
101470,Michael Brown,49,E,Economy
101471,John Taylor,120,C,Economy
101472,John White,1484,E,Economy
101473,Michael Taylor,629,D,Economy
101474,David Harris,459,C,Economy
101475,Jane Johnson,718,D,Economy
101476,Chris Jackson,1581,C,Economy
101477,Jane White,310,D,Economy
101478,Katie Brown,181,D,Economy
101479,David Martin,1521,C,Economy
101480,Sarah Harris,742,E,Economy
101481,Sarah Taylor,36,A,Economy
101482,David Taylor,217,D,Economy
101483,Alex Anderson,670,E,Economy
101484,Sarah Harris,484,E,Economy
101485,Alex Brown,1090,D,Economy
101486,Sarah Taylor,796,E,Economy
101487,John Thomas,778,B,Economy
101488,Jane Brown,1473,F,Economy
101489,Michael Anderson,1065,C,Economy
101490,Jane Brown,1254,E,Economy
101491,John Johnson,1608,A,Economy
101492,John Jackson,834,A,Economy
101493,Laura Taylor,1218,A,Economy
101494,Katie Johnson,1061,F,Economy
101495,Laura Smith,1210,C,Economy
101496,Jane Jackson,1644,E,Economy
101497,Chris Harris,375,F,Economy
101498,Chris Martin,1020,F,Economy
101499,Michael Thomas,467,D,Economy
101500,Emily Anderson,1211,A,Economy
101501,Michael Harris,892,E,Economy
101502,Laura Martin,1382,F,Economy
101503,Laura Anderson,456,C,Economy
101504,Alex Johnson,815,D,Economy
101505,Chris Thomas,999,B,Economy
101506,Michael Harris,1504,D,Economy
101507,Emily White,801,B,Economy
101508,Jane Martin,1136,A,Economy
101509,Jane Harris,569,A,Economy
101510,John Taylor,526,A,Economy
101511,Sarah Thomas,1480,C,Economy
101512,Alex Brown,1502,B,Economy
101513,Laura Brown,66,A,Economy
101514,Alex Brown,284,A,Economy
101515,Michael Harris,1344,E,Economy
101516,John Martin,87,F,Economy
101517,Laura Taylor,1321,B,Economy
101518,Chris Martin,652,A,Economy
101519,David Smith,609,C,Economy
101520,Katie Thomas,1309,F,Economy
101521,Katie White,145,F,Economy
101522,Jane Thomas,475,C,Economy
101523,Laura Smith,1030,D,Economy
101524,Laura Smith,1121,E,Economy
101525,Michael Brown,876,E,Economy
101526,Katie Brown,1416,C,Economy
101527,Jane Harris,290,D,Economy
101528,Chris Taylor,878,B,Economy
101529,Laura Smith,996,B,Economy
101530,Alex White,1341,D,Economy
101531,Emily Smith,809,A,Economy
101532,Katie Taylor,568,E,Economy
101533,Jane Jackson,403,C,Economy
101534,David Johnson,618,E,Economy
101535,Katie Smith,349,E,Economy
101536,David Brown,1462,E,Economy
101537,Emily Martin,1048,C,Economy
101538,Emily Thomas,846,B,Economy
101539,Alex Johnson,534,B,Economy
101540,Jane Thomas,1262,C,Economy
101541,Sarah Harris,489,D,Economy
101542,Michael Taylor,1662,C,Economy
101543,Katie Johnson,120,B,Economy
101544,Sarah Jackson,998,F,Economy
101545,Michael Johnson,1451,C,Economy
101546,David Martin,914,E,Economy
101547,Michael Brown,905,F,Economy
101548,Sarah Thomas,102,A,Economy
101549,John Thomas,1623,D,Economy
101550,David Taylor,1378,C,Economy
101551,Jane Jackson,126,D,Economy
101552,Laura Thomas,435,F,Economy
101553,Alex Thomas,1455,D,Economy
101554,John Johnson,162,E,Economy
101555,Laura Johnson,1374,A,Economy
101556,Jane Thomas,535,A,Economy
101557,Jane White,1058,D,Economy
101558,John Jackson,847,A,Economy
101559,Laura Jackson,1010,D,Economy
101560,Sarah Taylor,220,C,Economy
101561,Alex Taylor,106,C,Economy
101562,Jane Martin,1401,E,Economy
101563,Chris Taylor,454,D,Economy
101564,Alex Smith,928,B,Economy
101565,David Thomas,1132,B,Economy
101566,Katie Thomas,648,D,Economy
101567,Katie Taylor,505,A,Economy
101568,Jane Thomas,264,B,Economy
101569,Sarah Harris,1329,D,Economy
101570,Michael Taylor,1516,C,Economy
101571,Sarah Anderson,994,B,Economy
101572,John Johnson,1519,A,Economy
101573,Chris Johnson,404,B,Economy
101574,David White,146,A,Economy
101575,Michael Johnson,1089,D,Economy
101576,Emily Taylor,214,C,Economy
101577,Emily Thomas,1253,A,Economy
101578,Chris Jackson,942,C,Economy
101579,Chris Thomas,356,B,Economy
101580,Emily Thomas,573,B,Economy
101581,Katie Johnson,1235,E,Economy
101582,David Harris,329,D,Economy
101583,Chris Harris,978,F,Economy
101584,Sarah Brown,1516,E,Economy
101585,John Jackson,41,A,Economy
101586,John White,594,C,Economy
101587,David Brown,1219,A,Economy
101588,Jane Anderson,232,F,Economy
101589,Katie Anderson,462,D,Economy
101590,David Johnson,1091,C,Economy
101591,Alex Taylor,1529,B,Economy
101592,Michael Johnson,145,E,Economy
101593,Emily White,121,E,Economy
101594,David Brown,169,B,Economy
101595,John Johnson,197,E,Economy
101596,Katie Harris,1148,C,Economy
101597,Alex Johnson,443,E,Economy
101598,Emily Taylor,1373,F,Economy
101599,Chris Harris,843,A,Economy
101600,Emily Thomas,1366,A,Economy
101601,Laura Johnson,580,B,Economy
101602,Katie Harris,1180,D,Economy
101603,John Johnson,1321,F,Economy
101604,Emily Martin,51,D,Economy
101605,Alex Thomas,1205,B,Economy
101606,Sarah Anderson,1237,C,Economy
101607,David Johnson,1326,E,Economy
101608,John Brown,386,F,Economy
101609,Jane Brown,1136,B,Economy
101610,John Johnson,797,B,Economy
101611,Jane Taylor,1280,F,Economy
101612,Laura Martin,50,B,Economy
101613,Sarah Jackson,977,E,Economy
101614,John Smith,1242,C,Economy
101615,Alex Taylor,1325,C,Economy
101616,Jane Harris,1611,F,Economy
101617,Emily White,233,E,Economy
101618,Alex Thomas,633,E,Economy
101619,Michael Brown,501,B,Economy
101620,Chris Johnson,584,E,Economy
101621,John Jackson,1228,B,Economy
101622,David Brown,903,F,Economy
101623,Laura Smith,1167,D,Economy
101624,Chris Thomas,1014,E,Economy
101625,Emily Johnson,1047,E,Economy
101626,David Johnson,1592,F,Economy
101627,Alex Martin,639,B,Economy
101628,Emily Anderson,1596,F,Economy
101629,Sarah Thomas,1452,F,Economy
101630,Sarah Brown,890,E,Economy
101631,David White,722,A,Economy
101632,Chris Martin,393,A,Economy
101633,Alex Martin,1046,B,Economy
101634,Sarah Anderson,570,B,Economy
101635,Michael Taylor,444,F,Economy
101636,David Taylor,961,F,Economy
101637,Katie Jackson,1442,B,Economy
101638,Alex White,786,F,Economy
101639,Alex Smith,550,B,Economy
101640,Laura Anderson,831,F,Economy
101641,Jane Martin,114,E,Economy
101642,Michael Taylor,1053,C,Economy
101643,Michael Martin,1513,F,Economy
101644,Alex Anderson,1529,A,Economy
101645,Jane Taylor,857,B,Economy
101646,Michael Harris,517,D,Economy
101647,Chris Johnson,954,C,Economy
101648,Michael Smith,756,A,Economy
101649,Jane White,1543,C,Economy
101650,Michael Harris,522,A,Economy
101651,Katie Thomas,190,F,Economy
101652,John Taylor,399,D,Economy
101653,John White,1632,C,Economy
101654,Katie Harris,1103,F,Economy
101655,Laura Johnson,1561,B,Economy
101656,Alex Thomas,1605,C,Economy
101657,Katie Smith,1141,D,Economy
101658,Jane Thomas,1618,A,Economy
101659,Laura White,1214,A,Economy
101660,Chris Anderson,46,E,Economy
101661,Alex Brown,1590,A,Economy
101662,Katie Johnson,1070,F,Economy
101663,Sarah White,560,C,Economy
101664,Chris Thomas,991,D,Economy
101665,David Brown,1341,F,Economy
101666,Michael Martin,219,E,Economy
101667,Laura Martin,549,F,Economy
101668,David Anderson,906,A,Economy
101669,Jane Johnson,865,D,Economy
101670,John White,90,C,Economy
101671,Chris White,150,A,Economy
101672,Chris Jackson,336,A,Economy
101673,John Anderson,447,C,Economy
101674,Katie Taylor,864,C,Economy
101675,Michael Thomas,118,A,Economy
101676,Jane Anderson,1102,A,Economy
101677,Michael Harris,1517,F,Economy
101678,Jane White,258,E,Economy
101679,Katie Thomas,714,F,Economy
101680,Emily Brown,757,C,Economy
101681,Alex Taylor,222,C,Economy
101682,Alex Martin,701,C,Economy
101683,Laura Johnson,1459,F,Economy
101684,David Harris,1396,B,Economy
101685,Katie Taylor,544,A,Economy
101686,Sarah Anderson,1578,C,Economy
101687,Chris Martin,1144,E,Economy
101688,Jane Anderson,1421,C,Economy
101689,Michael Taylor,609,D,Economy
101690,Chris Thomas,751,D,Economy
101691,John Harris,271,F,Economy
101692,Jane Taylor,518,D,Economy
101693,Laura Brown,446,A,Economy
101694,Chris Johnson,1123,C,Economy
101695,Michael Harris,1383,F,Economy
101696,Jane Martin,1403,F,Economy
101697,Jane Anderson,1430,B,Economy
101698,Laura Anderson,197,A,Economy
101699,David Johnson,924,F,Economy
101700,Katie Anderson,951,B,Economy
101701,Katie Johnson,921,B,Economy
101702,Emily Thomas,609,E,Economy
101703,Emily Brown,829,A,Economy
101704,Michael Harris,74,B,Economy
101705,John Anderson,1467,E,Economy
101706,Alex White,1019,C,Economy
101707,David Harris,256,B,Economy
101708,Jane White,1197,D,Economy
101709,Katie Smith,613,A,Economy
101710,Jane Jackson,395,E,Economy
101711,Chris Jackson,933,B,Economy
101712,Sarah Jackson,1578,B,Economy
101713,Emily Harris,602,D,Economy
101714,David Brown,1555,F,Economy
101715,John Taylor,1598,B,Economy
101716,Chris Smith,175,D,Economy
101717,Michael Anderson,126,B,Economy
101718,Sarah Anderson,204,A,Economy
101719,Jane Harris,1188,D,Economy
101720,Emily Brown,70,E,Economy
101721,Sarah Anderson,31,B,Economy
101722,Alex Thomas,999,A,Economy
101723,John Anderson,963,A,Economy
101724,John White,992,B,Economy
101725,Jane White,430,A,Economy
101726,Emily Martin,1025,F,Economy
101727,Alex Anderson,697,E,Economy
101728,Emily Johnson,414,C,Economy
101729,Jane Harris,382,A,Economy
101730,Alex Brown,564,D,Economy
101731,David White,1452,A,Economy
101732,John Anderson,390,F,Economy
101733,David Harris,62,B,Economy
101734,Katie White,983,A,Economy
101735,Laura Harris,612,D,Economy
101736,Jane Harris,766,D,Economy
101737,Alex Taylor,180,D,Economy
101738,Emily Anderson,1070,E,Economy
101739,Sarah Jackson,500,F,Economy
101740,Sarah Thomas,1221,C,Economy
101741,Michael Anderson,807,B,Economy
101742,Emily Taylor,851,C,Economy
101743,John White,540,B,Economy
101744,Michael Harris,1026,C,Economy
101745,Alex White,913,C,Economy
101746,Chris Johnson,1270,C,Economy
101747,Chris Brown,642,D,Economy
101748,Chris Smith,777,D,Economy
101749,Michael Harris,1369,B,Economy
101750,Katie White,1604,E,Economy
101751,Katie Harris,1594,C,Economy
101752,David Jackson,702,A,Economy
101753,Katie Johnson,1579,A,Economy
101754,Emily Harris,259,C,Economy
101755,Laura Martin,780,F,Economy
101756,Sarah White,670,F,Economy
101757,Jane Taylor,1573,E,Economy
101758,Emily Taylor,1402,E,Economy
101759,Michael Martin,144,C,Economy
101760,Emily Johnson,604,D,Economy
101761,Laura Thomas,1260,F,Economy
101762,Laura Brown,91,E,Economy
101763,Katie Johnson,186,D,Economy
101764,Laura Thomas,1212,A,Economy
101765,Michael White,956,E,Economy
101766,David Martin,31,A,Economy
101767,Jane Harris,702,F,Economy
101768,Laura Thomas,300,E,Economy
101769,Chris Taylor,234,C,Economy
101770,Michael Taylor,1282,D,Economy
101771,Emily Jackson,818,B,Economy
101772,Laura Brown,487,F,Economy
101773,Alex Brown,641,B,Economy
101774,Sarah Martin,1480,B,Economy
101775,Alex Harris,1088,B,Economy
101776,Jane White,347,A,Economy
101777,Sarah Taylor,327,B,Economy
101778,Michael Jackson,1019,F,Economy
101779,David Thomas,690,F,Economy
101780,David Jackson,1490,E,Economy
101781,Chris Anderson,885,F,Economy
101782,Alex Smith,977,B,Economy
101783,Michael Smith,1207,C,Economy
101784,Laura Martin,1494,A,Economy
101785,Sarah Taylor,433,A,Economy
101786,Sarah Johnson,96,A,Economy
101787,Emily White,585,F,Economy
101788,David Anderson,337,A,Economy
101789,Emily Anderson,876,B,Economy
101790,Katie Anderson,1246,A,Economy
101791,Sarah Brown,205,D,Economy
101792,Laura Thomas,1316,A,Economy
101793,Michael Taylor,1428,F,Economy
101794,Jane White,1185,F,Economy
101795,Jane Brown,253,E,Economy
101796,Laura Taylor,509,E,Economy
101797,Michael Johnson,1367,C,Economy
101798,Michael Jackson,660,C,Economy
101799,Laura Thomas,390,B,Economy
101800,Michael Anderson,795,B,Economy
101801,Katie Taylor,70,A,Economy
101802,Katie Brown,481,F,Economy
101803,John Taylor,224,B,Economy
101804,Alex Taylor,49,D,Economy
101805,Laura Anderson,330,F,Economy
101806,David Smith,113,F,Economy
101807,John Smith,325,C,Economy
101808,David White,953,F,Economy
101809,Jane Jackson,819,F,Economy
101810,Chris Smith,616,A,Economy
101811,Emily Martin,307,F,Economy
101812,Katie Smith,1272,F,Economy
101813,David Jackson,1389,B,Economy
101814,David Martin,703,D,Economy
101815,David Jackson,808,B,Economy
101816,Laura Harris,1388,A,Economy
101817,David Anderson,265,B,Economy
101818,David Johnson,754,E,Economy
101819,Laura Brown,764,E,Economy
101820,Jane Johnson,406,E,Economy
101821,Alex Smith,1256,D,Economy
101822,Emily Martin,1432,E,Economy
101823,Katie Brown,954,A,Economy
101824,Emily Taylor,1345,E,Economy
101825,Katie Jackson,637,D,Economy
101826,Alex Thomas,1431,D,Economy
101827,Laura White,297,F,Economy
101828,Chris Thomas,1494,E,Economy
101829,Emily Brown,488,B,Economy
101830,Michael Martin,1039,D,Economy
101831,Jane Smith,936,E,Economy
101832,Katie White,736,E,Economy
101833,Jane Jackson,1549,D,Economy
101834,Jane Taylor,1625,D,Economy
101835,David Johnson,1287,C,Economy
101836,Laura Anderson,1665,A,Economy
101837,David Taylor,250,A,Economy
101838,Emily Taylor,606,F,Economy
101839,Sarah Johnson,948,E,Economy
101840,Michael Harris,1334,C,Economy
101841,Laura Jackson,691,A,Economy
101842,Sarah Brown,386,D,Economy
101843,Laura Anderson,1255,C,Economy
101844,Sarah Johnson,154,F,Economy
101845,Sarah Smith,1143,E,Economy
101846,Katie Smith,1229,D,Economy
101847,Sarah Thomas,850,E,Economy
101848,Alex Harris,1143,B,Economy
101849,Alex White,841,C,Economy
101850,Sarah Smith,1431,B,Economy
101851,Laura Smith,1500,F,Economy
101852,Emily Harris,1069,B,Economy
101853,Laura Johnson,1356,A,Economy
101854,Laura Smith,897,C,Economy
101855,Katie Brown,1300,A,Economy
101856,Katie Taylor,783,D,Economy
101857,Jane Thomas,191,D,Economy
101858,John Anderson,880,C,Economy
101859,Chris Jackson,535,F,Economy
101860,Katie Jackson,1639,C,Economy
101861,Emily Anderson,1251,A,Economy
101862,Jane Taylor,1371,C,Economy
101863,Laura Jackson,681,B,Economy
101864,Chris Taylor,650,E,Economy
101865,Chris Brown,652,D,Economy
101866,Laura Harris,797,C,Economy
101867,Jane Smith,854,D,Economy
101868,John Harris,1105,C,Economy
101869,Sarah Martin,896,C,Economy
101870,John Smith,1145,E,Economy
101871,Chris Thomas,1400,B,Economy
101872,John White,1450,B,Economy
101873,David Smith,1486,E,Economy
101874,David White,1356,D,Economy
101875,Jane Taylor,1207,B,Economy
101876,Emily Harris,943,C,Economy
101877,Katie Harris,1388,B,Economy
101878,Sarah Jackson,229,F,Economy
101879,Emily Taylor,354,A,Economy
101880,Alex Taylor,368,F,Economy
101881,Laura Brown,913,F,Economy
101882,Emily Brown,1050,E,Economy
101883,Sarah Brown,400,D,Economy
101884,Alex Johnson,318,D,Economy
101885,Michael Martin,1466,A,Economy
101886,David Smith,579,D,Economy
101887,Katie Smith,347,D,Economy
101888,John Harris,1398,B,Economy
101889,Chris Martin,376,C,Economy
101890,Michael Taylor,508,D,Economy
101891,Chris Jackson,185,C,Economy
101892,Alex Johnson,765,A,Economy
101893,Laura Brown,1495,D,Economy
101894,Jane Thomas,1133,B,Economy
101895,John Jackson,991,F,Economy
101896,Michael Brown,887,F,Economy
101897,Jane Smith,280,C,Economy
101898,Jane Smith,1424,E,Economy
101899,Alex Martin,1112,A,Economy
101900,John Jackson,1273,E,Economy
101901,Chris Jackson,451,F,Economy
101902,Chris Martin,248,E,Economy
101903,Alex Taylor,691,C,Economy
101904,Laura White,274,C,Economy
101905,John Harris,255,A,Economy
101906,Laura Taylor,266,E,Economy
101907,Alex Taylor,1430,F,Economy
101908,Katie Smith,154,E,Economy
101909,Katie Johnson,1218,D,Economy
101910,Alex Martin,318,A,Economy
101911,Emily Martin,62,A,Economy
101912,Jane Anderson,904,C,Economy
101913,John Martin,447,A,Economy
101914,Jane Taylor,144,B,Economy
101915,Laura Jackson,713,A,Economy
101916,Alex Taylor,1399,C,Economy
101917,John Jackson,494,F,Economy
101918,Michael Anderson,1052,F,Economy
101919,Michael Taylor,1646,C,Economy
101920,Katie Harris,1543,A,Economy
101921,Emily Thomas,319,E,Economy
101922,Katie Jackson,1195,C,Economy
101923,Jane Jackson,1634,B,Economy
101924,Emily Harris,1112,B,Economy
101925,Alex Jackson,1415,D,Economy
101926,Chris Martin,1361,E,Economy
101927,David White,446,E,Economy
101928,Chris Anderson,207,B,Economy
101929,Chris Taylor,1406,F,Economy
101930,Jane Brown,1520,D,Economy
101931,David Brown,918,C,Economy
101932,David Martin,776,D,Economy
101933,John Martin,195,E,Economy
101934,Michael Anderson,1033,A,Economy
101935,Emily Brown,178,C,Economy
101936,Katie Brown,1436,B,Economy
101937,Jane Taylor,473,A,Economy
101938,Emily Brown,986,C,Economy
101939,Emily Martin,256,A,Economy
101940,David Martin,1665,D,Economy
101941,David Johnson,917,E,Economy
101942,Emily Taylor,755,A,Economy
101943,John Smith,1133,A,Economy
101944,Emily Smith,1185,E,Economy
101945,Sarah Martin,731,C,Economy
101946,John Johnson,1157,A,Economy
101947,David White,872,F,Economy
101948,Emily Brown,66,C,Economy
101949,John Smith,1500,A,Economy
101950,Jane Thomas,1560,E,Economy
101951,Michael Smith,1097,F,Economy
101952,Michael Taylor,715,A,Economy
101953,Laura Johnson,1384,C,Economy
101954,Michael Anderson,758,A,Economy
101955,John Thomas,1605,D,Economy
101956,Laura Brown,1107,F,Economy
101957,Alex Jackson,718,E,Economy
101958,Emily Taylor,83,D,Economy
101959,Michael Harris,566,B,Economy
101960,Jane Johnson,765,E,Economy
101961,Katie Brown,207,C,Economy
101962,Alex Anderson,961,B,Economy
101963,Emily Martin,1484,F,Economy
101964,Laura Harris,900,E,Economy
101965,Jane White,1095,E,Economy
101966,David Martin,1330,E,Economy
101967,Michael Martin,880,B,Economy
101968,John Martin,712,C,Economy
101969,Alex Smith,341,A,Economy
101970,David White,398,B,Economy
101971,John Smith,778,F,Economy
101972,Laura White,1098,A,Economy
101973,Laura Taylor,1043,A,Economy
101974,Michael Anderson,553,B,Economy
101975,Jane Anderson,985,A,Economy
101976,Laura Brown,652,B,Economy
101977,Sarah Taylor,317,B,Economy
101978,Emily Harris,945,D,Economy
101979,Laura Brown,203,C,Economy
101980,Michael White,87,B,Economy
101981,Emily Harris,348,A,Economy
101982,Jane Martin,1095,B,Economy
101983,Jane Brown,444,B,Economy
101984,Michael Martin,148,F,Economy
101985,David Smith,761,D,Economy
101986,Emily Jackson,1537,D,Economy
101987,Katie Johnson,1422,E,Economy
101988,Alex Anderson,1643,E,Economy
101989,Katie Martin,1220,A,Economy
101990,Jane Harris,1377,B,Economy
101991,David Taylor,785,F,Economy
101992,Jane Smith,567,C,Economy
101993,Chris Jackson,430,C,Economy
101994,John Johnson,1445,B,Economy
101995,Alex Thomas,1627,C,Economy
101996,Alex Martin,104,A,Economy
101997,Alex Brown,685,E,Economy
101998,Chris Smith,856,F,Economy
101999,David Martin,1582,F,Economy
102000,Emily Brown,202,E,Economy
102001,Jane Thomas,300,B,Economy
102002,Katie Martin,527,B,Economy
102003,David Taylor,1465,F,Economy
102004,Emily White,1616,B,Economy
102005,Chris Thomas,1234,C,Economy
102006,Alex Thomas,417,E,Economy
102007,Sarah Thomas,1121,A,Economy
102008,Alex Martin,352,D,Economy
102009,Jane White,945,C,Economy
102010,Alex Martin,1024,C,Economy
102011,Chris Anderson,409,B,Economy
102012,Jane Taylor,1307,E,Economy
102013,Chris Taylor,1070,C,Economy
102014,Katie White,299,E,Economy
102015,David Smith,1568,D,Economy
102016,Sarah Taylor,913,D,Economy
102017,Laura Martin,877,D,Economy
102018,David Jackson,1479,B,Economy
102019,Jane Taylor,1277,A,Economy
102020,Sarah Harris,360,D,Economy
102021,Michael Harris,1395,D,Economy
102022,Jane Anderson,390,E,Economy
102023,David Taylor,1268,D,Economy
102024,Michael Harris,263,F,Economy
102025,Laura White,1187,A,Economy
102026,Sarah Smith,1453,E,Economy
102027,Laura Brown,387,F,Economy
102028,Jane White,422,D,Economy
102029,Katie White,1158,F,Economy
102030,Katie Thomas,1653,F,Economy
102031,Emily Harris,962,E,Economy
102032,David Smith,1383,B,Economy
102033,David Brown,1526,A,Economy
102034,Emily Smith,1655,C,Economy
102035,Chris Harris,573,A,Economy
102036,Emily Brown,657,C,Economy
102037,Chris Jackson,270,E,Economy
102038,David Thomas,146,F,Economy
102039,Chris Brown,1182,A,Economy
102040,Jane Brown,1634,D,Economy
102041,Sarah Martin,1373,A,Economy
102042,Chris Johnson,900,B,Economy
102043,Alex Jackson,1510,A,Economy
102044,Jane Smith,1360,D,Economy
102045,Jane Thomas,1160,B,Economy
102046,Alex White,1258,B,Economy
102047,John Jackson,1622,E,Economy
102048,Emily Harris,134,A,Economy
102049,David Brown,38,C,Economy
102050,Michael Martin,1056,C,Economy
102051,Jane White,1159,C,Economy
102052,Katie Martin,749,E,Economy
102053,Michael Harris,1395,A,Economy
102054,David White,1659,B,Economy
102055,Laura Taylor,241,A,Economy
102056,Laura Smith,1641,B,Economy
102057,Jane Johnson,473,C,Economy
102058,Emily Johnson,133,C,Economy
102059,Alex White,1335,B,Economy
102060,David White,439,B,Economy
102061,Michael White,678,F,Economy
102062,Alex Harris,459,A,Economy
102063,Michael Martin,393,E,Economy
102064,Chris Anderson,238,C,Economy
102065,Laura Brown,1108,C,Economy
102066,John Smith,1340,E,Economy
102067,David Harris,1035,D,Economy
102068,Michael Anderson,905,B,Economy
102069,Emily Taylor,1526,D,Economy
102070,John Jackson,125,F,Economy
102071,Michael Thomas,355,F,Economy
102072,Sarah Brown,282,E,Economy
102073,Emily White,91,A,Economy
102074,Chris Johnson,539,D,Economy
102075,Katie Johnson,85,A,Economy
102076,Chris Martin,1092,D,Economy
102077,Emily Thomas,455,E,Economy
102078,John Anderson,383,E,Economy
102079,Alex Thomas,1202,F,Economy
102080,Alex Taylor,1289,D,Economy
102081,John Harris,1490,D,Economy
102082,Sarah Johnson,245,B,Economy
102083,John Martin,1660,D,Economy
102084,Laura Anderson,434,E,Economy
102085,John Brown,609,B,Economy
102086,Emily Thomas,1485,D,Economy
102087,David Taylor,1182,C,Economy
102088,Chris Jackson,1659,C,Economy
102089,Laura White,245,C,Economy
102090,Sarah Martin,349,A,Economy
102091,Laura Martin,1260,A,Economy
102092,Chris Anderson,1523,F,Economy
102093,Laura Taylor,1177,C,Economy
102094,Katie Harris,431,C,Economy
102095,Emily Harris,690,B,Economy
102096,Katie Smith,1139,E,Economy
102097,Chris Johnson,970,C,Economy
102098,David Jackson,558,C,Economy
102099,Alex Anderson,1486,D,Economy
102100,Michael Brown,1035,A,Economy
102101,Emily Johnson,1352,E,Economy
102102,Sarah White,531,D,Economy
102103,Emily Smith,1405,F,Economy
102104,Laura Martin,1444,C,Economy
102105,Laura Smith,292,C,Economy
102106,David Thomas,630,D,Economy
102107,David White,848,C,Economy
102108,Michael White,1638,E,Economy
102109,Jane Smith,1564,F,Economy
102110,Sarah Jackson,60,F,Economy
102111,Michael Harris,776,E,Economy
102112,Laura Taylor,1254,F,Economy
102113,Laura Johnson,257,E,Economy
102114,Laura Harris,1613,A,Economy
102115,Laura Brown,1443,F,Economy
102116,Michael Thomas,1171,F,Economy
102117,Alex Jackson,753,F,Economy
102118,Michael Martin,414,E,Economy
102119,Laura Taylor,1567,D,Economy
102120,Jane Brown,1487,A,Economy
102121,David Smith,678,D,Economy
102122,Chris Anderson,559,C,Economy
102123,Sarah White,678,C,Economy
102124,Sarah Jackson,1187,D,Economy
102125,David Thomas,1628,A,Economy
102126,Laura Jackson,687,C,Economy
102127,John Jackson,1074,D,Economy
102128,Chris Thomas,476,C,Economy
102129,Chris White,1139,D,Economy
102130,John Taylor,1095,D,Economy
102131,Jane Brown,1431,A,Economy
102132,John Johnson,523,C,Economy
102133,Laura Martin,1075,F,Economy
102134,Sarah Taylor,712,B,Economy
102135,John Martin,345,E,Economy
102136,Alex White,696,E,Economy
102137,Alex Johnson,960,B,Economy
102138,Michael Brown,186,B,Economy
102139,Chris Martin,1534,A,Economy
102140,Katie Martin,600,B,Economy
102141,Emily Taylor,87,D,Economy
102142,Emily Smith,909,F,Economy
102143,Chris Brown,1523,E,Economy
102144,Sarah Thomas,1165,E,Economy
102145,Emily Jackson,950,D,Economy
102146,Michael Thomas,413,B,Economy
102147,Sarah Taylor,1598,F,Economy
102148,John Smith,499,B,Economy
102149,Sarah Brown,144,E,Economy
102150,Sarah Harris,815,A,Economy
102151,Sarah Smith,457,A,Economy
102152,David Brown,464,A,Economy
102153,David Anderson,924,B,Economy
102154,Sarah Thomas,1113,E,Economy
102155,Emily Brown,926,E,Economy
102156,Michael Martin,518,E,Economy
102157,Laura Brown,1031,B,Economy
102158,Emily Smith,565,C,Economy
102159,Michael Anderson,643,A,Economy
102160,Sarah Smith,1401,A,Economy
102161,Katie Harris,434,A,Economy
102162,David Johnson,1290,E,Economy
102163,Sarah Anderson,478,F,Economy
102164,David Harris,1209,A,Economy
102165,Emily Jackson,749,F,Economy
102166,Katie Taylor,807,C,Economy
102167,John Anderson,1620,A,Economy
102168,Emily Brown,1216,C,Economy
102169,Laura Johnson,1313,F,Economy
102170,Katie Smith,1428,D,Economy
102171,Emily Martin,684,C,Economy
102172,Katie Smith,1290,D,Economy
102173,Alex White,1104,F,Economy
102174,Laura Johnson,403,D,Economy
102175,Laura White,896,F,Economy
102176,John Brown,313,A,Economy
102177,Emily Thomas,491,E,Economy
102178,Katie Harris,1435,B,Economy
102179,Alex Taylor,290,A,Economy
102180,Jane Martin,1278,D,Economy
102181,David Johnson,1344,D,Economy
102182,Alex Brown,251,B,Economy
102183,Katie Smith,159,F,Economy
102184,Sarah Jackson,924,A,Economy
102185,David Harris,574,F,Economy
102186,Chris Brown,674,F,Economy
102187,Michael Jackson,1241,F,Economy
102188,Emily White,766,E,Economy
102189,Chris Brown,881,A,Economy
102190,Alex Harris,1460,B,Economy
102191,Sarah Jackson,1526,B,Economy
102192,Laura Anderson,790,E,Economy
102193,Chris Thomas,1482,D,Economy
102194,Chris Smith,1325,D,Economy
102195,Chris Martin,761,A,Economy
102196,Jane Jackson,325,F,Economy
102197,Michael Smith,1548,E,Economy
102198,Michael Anderson,1455,A,Economy
102199,Sarah White,288,B,Economy
102200,John Taylor,1119,A,Economy
102201,Sarah Johnson,1509,D,Economy
102202,Alex Anderson,622,C,Economy
102203,Emily Brown,873,F,Economy
102204,John Martin,557,D,Economy
102205,Katie Harris,254,B,Economy
102206,Jane Harris,1032,E,Economy
102207,Katie Taylor,1284,B,Economy
102208,Laura Taylor,904,F,Economy
102209,David White,878,F,Economy
102210,Laura Harris,1047,B,Economy
102211,John Smith,1071,C,Economy
102212,Jane Anderson,1058,F,Economy
102213,Emily Anderson,1631,B,Economy
102214,Michael Anderson,919,E,Economy
102215,Katie Anderson,1394,E,Economy
102216,Emily Anderson,546,A,Economy
102217,Emily Brown,1141,F,Economy
102218,Sarah Jackson,231,F,Economy
102219,Laura Brown,707,C,Economy
102220,Michael Jackson,1312,A,Economy
102221,Emily Jackson,686,F,Economy
102222,Alex Brown,1115,C,Economy
102223,Laura Harris,741,A,Economy
102224,Emily Harris,901,E,Economy
102225,Chris Johnson,1241,A,Economy
102226,Alex Harris,66,F,Economy
102227,Laura Brown,370,F,Economy
102228,Katie White,386,E,Economy
102229,Katie White,67,E,Economy
102230,Alex White,134,F,Economy
102231,Alex Thomas,792,A,Economy
102232,Jane Taylor,1507,C,Economy
102233,Jane Anderson,981,A,Economy
102234,David Martin,102,F,Economy
102235,Michael Martin,757,D,Economy
102236,John White,1499,E,Economy
102237,Sarah Taylor,415,B,Economy
102238,Laura Brown,346,E,Economy
102239,Sarah Smith,591,B,Economy
102240,Sarah Smith,817,A,Economy
102241,John Brown,1169,F,Economy
102242,Alex Thomas,1578,D,Economy
102243,David Smith,770,D,Economy
102244,Chris Jackson,383,C,Economy
102245,Jane Taylor,40,E,Economy
102246,Chris Taylor,907,E,Economy
102247,Jane Jackson,1024,F,Economy
102248,John Brown,700,E,Economy
102249,Laura Harris,1386,B,Economy
102250,Alex White,252,A,Economy
102251,Sarah Thomas,1183,E,Economy
102252,Laura Martin,1283,A,Economy
102253,Michael Smith,1586,C,Economy
102254,Sarah Brown,1077,F,Economy
102255,Katie Brown,925,F,Economy
102256,Chris Johnson,374,D,Economy
102257,Alex Thomas,691,D,Economy
102258,John Johnson,220,F,Economy
102259,Sarah White,1122,F,Economy
102260,Laura Brown,642,E,Economy
102261,John Martin,737,C,Economy
102262,Michael Thomas,1140,B,Economy
102263,Laura Thomas,850,D,Economy
102264,Laura Harris,1397,D,Economy
102265,Emily Brown,1282,F,Economy
102266,Laura Johnson,620,B,Economy
102267,Alex Taylor,119,B,Economy
102268,Emily Brown,1332,E,Economy
102269,Alex Anderson,895,A,Economy
102270,Chris Taylor,406,C,Economy
102271,Katie Martin,1364,B,Economy
102272,Jane White,1512,F,Economy
102273,Michael Martin,1111,B,Economy
102274,Sarah Johnson,1224,D,Economy
102275,Chris Martin,1505,B,Economy
102276,Emily Thomas,543,C,Economy
102277,Jane Jackson,317,D,Economy
102278,Katie White,1587,A,Economy
102279,Alex Brown,791,E,Economy
102280,Michael Martin,323,D,Economy
102281,Alex White,635,C,Economy
102282,John Johnson,1415,C,Economy
102283,Michael Smith,922,B,Economy
102284,Katie Jackson,699,B,Economy
102285,Jane Jackson,251,C,Economy
102286,Sarah Thomas,571,C,Economy
102287,Sarah Anderson,653,F,Economy
102288,Michael Martin,333,A,Economy
102289,Emily White,1467,C,Economy
102290,Sarah Martin,514,E,Economy
102291,Emily Harris,1036,C,Economy
102292,Michael Martin,1379,E,Economy
102293,Laura Thomas,583,B,Economy
102294,Sarah Harris,176,F,Economy
102295,Alex Martin,1465,C,Economy
102296,David Johnson,1417,D,Economy
102297,Michael Taylor,196,D,Economy
102298,Jane Anderson,176,C,Economy
102299,John Thomas,1492,F,Economy
102300,Alex Taylor,409,C,Economy
102301,John Taylor,1444,B,Economy
102302,Chris White,1351,E,Economy
102303,Alex Johnson,419,F,Economy
102304,Alex Thomas,1029,E,Economy
102305,Laura Smith,208,F,Economy
102306,Katie White,273,D,Economy
102307,Katie Harris,799,A,Economy
102308,Emily Martin,1155,A,Economy
102309,Laura Anderson,450,B,Economy
102310,Emily Smith,305,D,Economy
102311,Alex Taylor,1585,B,Economy
102312,Michael Thomas,1030,F,Economy
102313,David Martin,747,F,Economy
102314,Katie Harris,1626,A,Economy
102315,Sarah Harris,582,C,Economy
102316,Alex Brown,1048,F,Economy
102317,Katie Jackson,1156,B,Economy
102318,Sarah Brown,654,D,Economy
102319,David Taylor,592,C,Economy
102320,Michael Smith,146,D,Economy
102321,Michael Thomas,1362,C,Economy
102322,Katie Smith,777,A,Economy
102323,Emily Johnson,1466,D,Economy
102324,John Taylor,1053,E,Economy
102325,Alex Thomas,391,F,Economy
102326,Jane Martin,1134,C,Economy
102327,Michael Martin,199,A,Economy
102328,Katie Jackson,581,E,Economy
102329,Alex Taylor,1590,E,Economy
102330,Laura Smith,805,F,Economy
102331,Sarah Johnson,448,A,Economy
102332,Sarah Brown,1269,C,Economy
102333,Laura Jackson,1186,E,Economy
102334,David Smith,1195,F,Economy
102335,Michael White,789,C,Economy
102336,Jane Martin,661,B,Economy
102337,Laura Brown,190,A,Economy
102338,Laura Thomas,400,C,Economy
102339,Jane Jackson,1407,D,Economy
102340,Michael White,534,E,Economy
102341,Emily Brown,610,C,Economy
102342,John Martin,667,B,Economy
102343,David Thomas,1215,F,Economy
102344,John Martin,1422,C,Economy
102345,Laura White,448,F,Economy
102346,Laura Thomas,89,D,Economy
102347,Jane Harris,650,B,Economy
102348,Emily Martin,1152,B,Economy
102349,Alex Martin,1316,F,Economy
102350,Chris Thomas,1298,E,Economy
102351,John Thomas,485,D,Economy
102352,Emily White,1057,F,Economy
102353,Laura Johnson,696,F,Economy
102354,David Thomas,278,D,Economy
102355,Michael Taylor,747,E,Economy
102356,John Harris,442,D,Economy
102357,Katie Thomas,1546,E,Economy
102358,Michael Thomas,594,F,Economy
102359,Emily Jackson,737,B,Economy
102360,Chris Brown,346,C,Economy
102361,Katie Martin,1247,F,Economy
102362,Sarah Harris,1059,A,Economy
102363,Laura Jackson,1071,F,Economy
102364,Katie Brown,1061,D,Economy
102365,Jane Taylor,1318,C,Economy
102366,Sarah Taylor,1199,A,Economy
102367,Sarah Brown,529,C,Economy
102368,David Harris,738,E,Economy
102369,Laura Thomas,1489,C,Economy
102370,Chris Taylor,1443,B,Economy
102371,Katie Brown,1425,C,Economy
102372,Jane Harris,115,D,Economy
102373,Chris Jackson,277,E,Economy
102374,John Smith,1013,C,Economy
102375,Laura Thomas,1124,C,Economy
102376,John Brown,663,E,Economy
102377,Chris Martin,147,B,Economy
102378,Chris Anderson,846,E,Economy
102379,Michael Harris,723,E,Economy
102380,Chris Jackson,1068,D,Economy
102381,Chris Johnson,216,E,Economy
102382,David Martin,1017,A,Economy
102383,Jane Anderson,835,B,Economy
102384,John Martin,389,A,Economy
102385,Jane Taylor,185,D,Economy
102386,John Johnson,1329,F,Economy
102387,Laura White,461,A,Economy
102388,Chris Martin,1238,D,Economy
102389,Chris Smith,607,E,Economy
102390,Alex Martin,1583,C,Economy
102391,David Taylor,207,A,Economy
102392,Alex Anderson,1078,D,Economy
102393,Michael White,237,C,Economy
102394,Alex Jackson,706,D,Economy
102395,John Brown,1488,D,Economy
102396,Sarah Smith,1459,C,Economy
102397,Jane Brown,584,D,Economy
102398,Michael Johnson,44,B,Economy
102399,Laura Harris,1160,D,Economy
102400,Katie Thomas,1365,C,Economy
102401,David Harris,781,A,Economy
102402,Laura Brown,406,F,Economy
102403,Alex Johnson,287,F,Economy
102404,Laura Jackson,672,B,Economy
102405,John Johnson,175,E,Economy
102406,Emily Taylor,776,C,Economy
102407,Laura Harris,1411,D,Economy
102408,Laura Smith,984,A,Economy
102409,Laura Taylor,437,F,Economy
102410,Michael White,1304,B,Economy
102411,Jane Taylor,1605,F,Economy
102412,Chris Smith,841,B,Economy
102413,Emily Anderson,412,A,Economy
102414,Emily Smith,1225,C,Economy
102415,Laura Martin,162,D,Economy
102416,Michael Johnson,853,F,Economy
102417,Chris Harris,1158,B,Economy
102418,David Martin,924,D,Economy
102419,Emily Harris,440,B,Economy
102420,Chris Martin,268,E,Economy
102421,Chris Jackson,214,F,Economy
102422,Emily Anderson,342,D,Economy
102423,Alex Smith,1229,B,Economy
102424,David Jackson,1348,C,Economy
102425,Alex Martin,254,C,Economy
102426,Jane Taylor,144,A,Economy
102427,Laura Anderson,1485,C,Economy
102428,Chris Smith,266,A,Economy
102429,Michael Taylor,1231,A,Economy
102430,Alex Taylor,1661,A,Economy
102431,Sarah Johnson,1078,C,Economy
102432,Emily Anderson,129,B,Economy
102433,Chris Anderson,164,D,Economy
102434,Emily Anderson,927,A,Economy
102435,Emily Smith,823,C,Economy
102436,Jane Harris,744,A,Economy
102437,Laura Taylor,663,B,Economy
102438,Sarah Brown,238,F,Economy
102439,Katie Smith,51,E,Economy
102440,Katie Brown,244,F,Economy
102441,Alex Martin,713,B,Economy
102442,Laura Taylor,859,C,Economy
102443,Jane Taylor,645,B,Economy
102444,Emily Thomas,1465,A,Economy
102445,Laura Brown,985,D,Economy
102446,Alex Anderson,1086,A,Economy
102447,John Martin,640,C,Economy
102448,Emily Taylor,200,C,Economy
102449,Chris Martin,1006,A,Economy
102450,Alex Smith,1116,C,Economy
102451,Sarah Martin,358,D,Economy
102452,David Smith,1501,A,Economy
102453,Katie Anderson,432,B,Economy
102454,David Martin,1154,F,Economy
102455,Sarah Thomas,278,C,Economy
102456,Laura Taylor,813,E,Economy
102457,Jane Martin,562,E,Economy
102458,Sarah White,384,B,Economy
102459,John White,1495,F,Economy
102460,Michael Anderson,383,A,Economy
102461,Sarah White,1247,D,Economy
102462,John Brown,421,C,Economy
102463,Emily Brown,460,C,Economy
102464,Alex Johnson,1210,A,Economy
102465,Katie Thomas,1389,A,Economy
102466,Laura Smith,627,E,Economy
102467,John Brown,682,D,Economy
102468,David Taylor,1133,C,Economy
102469,Emily Jackson,758,B,Economy
102470,Michael Jackson,37,A,Economy
102471,John Smith,1295,C,Economy
102472,Sarah Anderson,35,B,Economy
102473,Alex Johnson,430,F,Economy
102474,John Johnson,1188,A,Economy
102475,Jane Taylor,1616,E,Economy
102476,Emily Harris,1248,F,Economy
102477,Chris Johnson,1093,A,Economy
102478,Katie Harris,1283,F,Economy
102479,Michael White,435,B,Economy
102480,Sarah Martin,801,E,Economy
102481,John Anderson,141,E,Economy
102482,Alex Harris,653,E,Economy
102483,Jane Harris,1483,B,Economy
102484,Laura Thomas,639,C,Economy
102485,Michael White,1230,F,Economy
102486,Michael Anderson,422,E,Economy
102487,Laura Jackson,392,C,Economy
102488,Sarah Anderson,1191,C,Economy
102489,Laura Brown,1560,A,Economy
102490,Alex White,279,C,Economy
102491,Sarah Taylor,105,A,Economy
102492,Michael Harris,334,A,Economy
102493,David Anderson,768,E,Economy
102494,David Thomas,54,D,Economy
102495,Jane Johnson,1247,E,Economy
102496,Katie Taylor,241,C,Economy
102497,David Brown,825,C,Economy
102498,Chris Smith,599,D,Economy
102499,John Johnson,1579,C,Economy
102500,Chris Anderson,341,F,Economy
102501,Laura Johnson,139,E,Economy
102502,Michael Anderson,1383,C,Economy
102503,Jane Harris,1584,A,Economy
102504,Sarah Harris,101,D,Economy
102505,Emily Jackson,1343,C,Economy
102506,Laura Thomas,919,F,Economy
102507,Chris Johnson,170,F,Economy
102508,Sarah Anderson,1322,F,Economy
102509,Emily Brown,1305,E,Economy
102510,John Jackson,1284,D,Economy
102511,David White,1361,B,Economy
102512,Laura Smith,329,C,Economy
102513,Sarah Anderson,349,C,Economy
102514,Jane Smith,350,D,Economy
102515,Chris Jackson,1471,A,Economy
102516,John White,1144,C,Economy
102517,Emily Taylor,380,C,Economy
102518,Emily Anderson,407,C,Economy
102519,Jane Anderson,768,B,Economy
102520,Jane Thomas,1269,E,Economy
102521,Sarah Anderson,708,F,Economy
102522,Michael Anderson,1650,F,Economy
102523,Chris Anderson,367,C,Economy
102524,Jane Taylor,1192,B,Economy
102525,Alex Martin,610,B,Economy
102526,John Thomas,165,D,Economy
102527,Emily Johnson,1478,F,Economy
102528,Chris Johnson,716,B,Economy
102529,David Smith,513,A,Economy
102530,Sarah Harris,1389,D,Economy
102531,David Thomas,746,A,Economy
102532,Sarah White,445,A,Economy
102533,Emily Smith,885,D,Economy
102534,Sarah Jackson,177,C,Economy
102535,Laura Anderson,611,E,Economy
102536,David Jackson,195,F,Economy
102537,Katie Thomas,904,D,Economy
102538,Emily Martin,391,B,Economy
102539,John Anderson,223,B,Economy
102540,Michael Taylor,585,B,Economy
102541,Jane White,1392,C,Economy
102542,Sarah Smith,814,E,Economy
102543,John Harris,666,A,Economy
102544,Michael Harris,264,E,Economy
102545,John Brown,432,A,Economy
102546,Sarah Johnson,658,A,Economy
102547,Laura Smith,262,A,Economy
102548,Sarah Johnson,641,C,Economy
102549,Jane Jackson,342,E,Economy
102550,Jane Brown,659,C,Economy
102551,Jane Thomas,68,E,Economy
102552,Emily Martin,425,D,Economy
102553,Emily Taylor,325,D,Economy
102554,Alex Harris,286,B,Economy
102555,Chris White,226,D,Economy
102556,Alex Taylor,680,D,Economy
102557,Jane White,630,E,Economy
102558,Jane Jackson,1473,C,Economy
102559,David Anderson,1564,B,Economy
102560,David Martin,594,A,Economy
102561,Michael Smith,1102,F,Economy
102562,Michael Smith,1245,D,Economy
102563,Laura Taylor,910,A,Economy
102564,Jane Martin,615,F,Economy
102565,Sarah Anderson,299,D,Economy
102566,Chris Johnson,1307,C,Economy
102567,Laura Thomas,485,C,Economy
102568,David White,455,A,Economy
102569,David Thomas,86,E,Economy
102570,Michael Thomas,1149,D,Economy
102571,David Martin,215,E,Economy
102572,Chris Harris,1559,D,Economy
102573,John Anderson,661,C,Economy
102574,Sarah Jackson,1597,F,Economy
102575,Jane Smith,80,F,Economy
102576,David Johnson,372,C,Economy
102577,Chris Harris,605,F,Economy
102578,Alex Taylor,1459,D,Economy
102579,Laura Anderson,858,D,Economy
102580,Laura Thomas,915,A,Economy
102581,Chris Jackson,727,E,Economy
102582,Chris Thomas,660,B,Economy
102583,John Martin,683,A,Economy
102584,Sarah Smith,1370,F,Economy
102585,Jane Jackson,1189,E,Economy
102586,Laura Smith,628,B,Economy
102587,Emily White,1002,C,Economy
102588,Laura Anderson,556,F,Economy
102589,David Thomas,1094,D,Economy
102590,Katie Harris,94,C,Economy
102591,David Brown,1194,F,Economy
102592,Chris Harris,1011,D,Economy
102593,Alex White,328,F,Economy
102594,Chris Jackson,1208,E,Economy
102595,Jane Smith,156,B,Economy
102596,Sarah Brown,536,E,Economy
102597,John White,1086,D,Economy
102598,Alex Brown,1250,C,Economy
102599,David White,808,C,Economy
102600,Emily White,876,C,Economy
102601,Laura Thomas,789,E,Economy
102602,Laura Harris,811,D,Economy
102603,John Anderson,565,D,Economy
102604,Emily Taylor,1046,E,Economy
102605,Michael Harris,543,F,Economy
102606,Emily Taylor,441,A,Economy
102607,Chris Jackson,1445,E,Economy
102608,Alex Martin,1152,E,Economy
102609,Katie Anderson,1328,E,Economy
102610,Chris Thomas,295,B,Economy
102611,Alex Harris,986,B,Economy
102612,Jane Thomas,1139,A,Economy
102613,Michael Johnson,472,D,Economy
102614,Laura Anderson,1298,A,Economy
102615,Chris White,1457,E,Economy
102616,Chris Martin,1406,A,Economy
102617,Katie Brown,1348,A,Economy
102618,Michael Martin,683,D,Economy
102619,Emily Johnson,830,F,Economy
102620,Emily Harris,877,C,Economy
102621,Katie Johnson,930,F,Economy
102622,Laura Anderson,56,F,Economy
102623,Chris Anderson,331,C,Economy
102624,Emily Thomas,244,E,Economy
102625,Sarah Johnson,779,A,Economy
102626,Jane Thomas,1438,A,Economy
102627,Laura Johnson,396,E,Economy
102628,Jane White,603,A,Economy
102629,Laura Jackson,646,A,Economy
102630,John Martin,334,D,Economy
102631,John Thomas,155,C,Economy
102632,Katie Thomas,644,E,Economy
102633,Jane Taylor,638,D,Economy
102634,Emily Jackson,1506,E,Economy
102635,Alex Johnson,973,A,Economy
102636,John Brown,78,B,Economy
102637,David Harris,597,D,Economy
102638,Emily Smith,1503,E,Economy
102639,Chris Thomas,303,B,Economy
102640,Sarah Anderson,973,F,Economy
102641,Jane Taylor,350,E,Economy
102642,Laura Brown,725,D,Economy
102643,Alex Jackson,1385,B,Economy
102644,Jane Anderson,659,A,Economy
102645,Michael Martin,1581,F,Economy
102646,Jane Taylor,668,F,Economy
102647,Laura Harris,537,D,Economy
102648,Michael Anderson,779,D,Economy
102649,John White,790,A,Economy
102650,Michael Jackson,1666,B,Economy
102651,Katie Martin,1075,A,Economy
102652,Michael Harris,1031,D,Economy
102653,Laura Taylor,787,D,Economy
102654,John Thomas,572,E,Economy
102655,Michael Anderson,1576,D,Economy
102656,John Taylor,1616,C,Economy
102657,Katie Johnson,1288,A,Economy
102658,Chris Johnson,1264,E,Economy
102659,Sarah Taylor,446,F,Economy
102660,Alex Thomas,1029,F,Economy
102661,Emily Smith,972,D,Economy
102662,Sarah Thomas,846,F,Economy
102663,Michael White,1176,A,Economy
102664,Jane Anderson,532,B,Economy
102665,Chris Smith,704,C,Economy
102666,Katie White,1249,E,Economy
102667,Laura Martin,1185,D,Economy
102668,Chris Harris,1391,E,Economy
102669,Sarah Martin,1300,C,Economy
102670,Chris Harris,540,C,Economy
102671,Michael Smith,651,F,Economy
102672,Katie Brown,249,E,Economy
102673,Katie Jackson,1279,D,Economy
102674,Chris White,40,D,Economy
102675,John Thomas,1571,C,Economy
102676,Laura Thomas,1568,A,Economy
102677,Laura Anderson,1201,D,Economy
102678,Alex Thomas,801,C,Economy
102679,Katie Brown,899,F,Economy
102680,Emily Brown,418,C,Economy
102681,Laura Anderson,604,C,Economy
102682,Alex Taylor,570,E,Economy
102683,Michael Anderson,516,A,Economy
102684,David Martin,390,A,Economy
102685,John White,1363,D,Economy
102686,Emily Johnson,412,D,Economy
102687,John Jackson,1213,D,Economy
102688,Chris Brown,1565,F,Economy
102689,Laura Martin,1447,C,Economy
102690,Laura Thomas,411,B,Economy
102691,Laura Harris,483,A,Economy
102692,Katie Thomas,1522,E,Economy
102693,Emily Brown,108,B,Economy
102694,Chris Thomas,314,B,Economy
102695,Katie Thomas,322,D,Economy
102696,Laura Taylor,1502,C,Economy
102697,Michael Taylor,655,A,Economy
102698,Sarah Anderson,166,B,Economy
102699,Michael Jackson,227,F,Economy
102700,John Brown,1532,B,Economy
102701,Jane Harris,793,E,Economy
102702,Michael Johnson,334,E,Economy
102703,Jane Jackson,1375,A,Economy
102704,Alex Anderson,1424,F,Economy
102705,Chris Taylor,452,D,Economy
102706,John Jackson,1592,B,Economy
102707,Sarah Jackson,390,C,Economy
102708,Emily Harris,490,B,Economy
102709,Laura Smith,1652,C,Economy
102710,Michael White,797,D,Economy
102711,John Thomas,61,A,Economy
102712,Emily Thomas,1595,B,Economy
102713,Chris Brown,1012,F,Economy
102714,Chris Martin,1062,A,Economy
102715,Jane Smith,95,B,Economy
102716,David Jackson,268,F,Economy
102717,Sarah Thomas,1188,E,Economy
102718,Katie Harris,1308,E,Economy
102719,Laura Harris,898,E,Economy
102720,Chris Taylor,1635,F,Economy
102721,Chris Taylor,1280,E,Economy
102722,Michael Brown,803,C,Economy
102723,Sarah Johnson,1571,D,Economy
102724,Katie Thomas,298,C,Economy
102725,David Harris,183,E,Economy
102726,John Harris,1231,E,Economy
102727,Chris Harris,391,D,Economy
102728,David Martin,704,E,Economy
102729,Emily Smith,1260,B,Economy
102730,Jane Brown,1240,A,Economy
102731,Sarah Harris,1645,E,Economy
102732,Laura Taylor,1413,B,Economy
102733,Chris Martin,548,A,Economy
102734,Michael White,488,A,Economy
102735,Chris Harris,1225,D,Economy
102736,Emily Thomas,976,B,Economy
102737,Jane White,308,A,Economy
102738,Jane Thomas,960,A,Economy
102739,Emily Anderson,959,D,Economy
102740,David White,910,F,Economy
102741,Alex Thomas,868,E,Economy
102742,David Johnson,1257,D,Economy
102743,David Anderson,1438,D,Economy
102744,David Taylor,982,A,Economy
102745,Jane Martin,610,F,Economy
102746,Laura Martin,714,E,Economy
102747,David White,1621,D,Economy
102748,Jane Harris,678,B,Economy
102749,David White,495,F,Economy
102750,David Taylor,433,C,Economy
102751,Katie Brown,1491,A,Economy
102752,Laura Thomas,1627,E,Economy
102753,John Brown,451,B,Economy
102754,Michael Harris,347,E,Economy
102755,Michael Brown,1131,D,Economy
102756,John White,771,B,Economy
102757,Emily Smith,297,E,Economy
102758,John Taylor,107,F,Economy
102759,Emily Martin,1021,E,Economy
102760,Katie Thomas,845,A,Economy
102761,Michael Thomas,1116,B,Economy
102762,Alex Johnson,1536,F,Economy
102763,David White,1603,A,Economy
102764,Katie Martin,232,D,Economy
102765,David Taylor,920,B,Economy
102766,Sarah White,230,E,Economy
102767,Sarah Brown,1277,C,Economy
102768,Michael Johnson,626,D,Economy
102769,Chris Jackson,943,F,Economy
102770,Katie Harris,468,C,Economy
102771,Alex Anderson,502,D,Economy
102772,Laura Smith,1438,C,Economy
102773,Alex Johnson,892,A,Economy
102774,John Martin,1602,C,Economy
102775,Alex Jackson,1658,A,Economy
102776,John Brown,921,F,Economy
102777,Chris Martin,669,B,Economy
102778,Sarah Anderson,418,A,Economy
102779,John Martin,1156,D,Economy
102780,David Smith,1539,B,Economy
102781,Chris Anderson,987,E,Economy
102782,Alex Taylor,86,A,Economy
102783,Katie Harris,420,D,Economy
102784,Alex Thomas,163,F,Economy
102785,Laura Jackson,820,E,Economy
102786,Emily Johnson,604,F,Economy
102787,Alex Taylor,1000,A,Economy
102788,Laura Harris,782,B,Economy
102789,Laura Anderson,728,A,Economy
102790,Michael White,620,E,Economy
102791,David Brown,713,C,Economy
102792,Jane Johnson,582,E,Economy
102793,Laura Harris,1126,A,Economy
102794,Jane Thomas,1325,E,Economy
102795,Michael Brown,281,F,Economy
102796,Emily Taylor,361,D,Economy
102797,Sarah Brown,1337,F,Economy
102798,Michael Taylor,1240,E,Economy
102799,Emily Anderson,437,D,Economy
102800,Laura Martin,1404,F,Economy
102801,Michael White,494,A,Economy
102802,Laura Brown,1071,E,Economy
102803,Laura Smith,1427,B,Economy
102804,John Martin,1244,D,Economy
102805,Chris Brown,1379,C,Economy
102806,David Anderson,1434,B,Economy
102807,Laura Anderson,1112,D,Economy
102808,Michael White,300,D,Economy
102809,Sarah Smith,458,E,Economy
102810,John Martin,380,F,Economy
102811,Michael Jackson,811,E,Economy
102812,Alex Harris,231,E,Economy
102813,Jane Anderson,1503,D,Economy
102814,Jane Smith,606,A,Economy
102815,Chris Smith,472,A,Economy
102816,Laura Anderson,278,F,Economy
102817,Katie Harris,1630,B,Economy
102818,Sarah White,556,C,Economy
102819,Chris Smith,473,F,Economy
102820,John Harris,1628,E,Economy
102821,John Taylor,815,C,Economy
102822,Sarah Harris,1470,F,Economy
102823,Alex White,750,F,Economy
102824,David Smith,639,D,Economy
102825,Emily Smith,1196,B,Economy
102826,Michael Harris,103,A,Economy
102827,Sarah Taylor,1274,C,Economy
102828,Sarah Harris,832,D,Economy
102829,Jane Martin,784,E,Economy
102830,Emily White,494,C,Economy
102831,Chris Harris,1348,D,Economy
102832,Sarah Martin,1344,A,Economy
102833,John Martin,799,D,Economy
102834,Jane Taylor,1371,B,Economy
102835,Jane Martin,545,E,Economy
102836,David Jackson,1314,C,Economy
102837,Alex Harris,1398,E,Economy
102838,Chris Harris,1386,E,Economy
102839,Jane Jackson,94,E,Economy
102840,Sarah Anderson,713,D,Economy
102841,Michael Harris,538,A,Economy
102842,Sarah Thomas,1335,C,Economy
102843,Alex Brown,1246,D,Economy
102844,Katie Johnson,671,E,Economy
102845,Chris Taylor,503,B,Economy
102846,Sarah Harris,405,A,Economy
102847,Chris Thomas,378,B,Economy
102848,John Thomas,912,A,Economy
102849,Jane Harris,885,B,Economy
102850,Michael Johnson,831,D,Economy
102851,Jane Martin,1142,E,Economy
102852,David Thomas,253,F,Economy
102853,Laura White,661,A,Economy
102854,Emily Jackson,125,E,Economy
102855,David Martin,888,E,Economy
102856,John Johnson,605,A,Economy
102857,Chris Smith,1060,F,Economy
102858,Emily Martin,1440,C,Economy
102859,Jane Taylor,95,F,Economy
102860,Michael White,1633,F,Economy
102861,David Thomas,819,E,Economy
102862,John Taylor,202,F,Economy
102863,Michael Thomas,977,D,Economy
102864,Alex White,686,D,Economy
102865,Katie Taylor,186,C,Economy
102866,Jane Brown,1022,C,Economy
102867,Laura Brown,1122,B,Economy
102868,Chris Anderson,658,F,Economy
102869,Katie White,374,A,Economy
102870,David Thomas,574,D,Economy
102871,Chris White,1505,F,Economy
102872,Laura Anderson,637,B,Economy
102873,Chris White,965,A,Economy
102874,Emily Thomas,1565,B,Economy
102875,Katie Smith,1470,A,Economy
102876,Jane Jackson,724,A,Economy
102877,Michael Harris,1423,F,Economy
102878,Michael Taylor,415,A,Economy
102879,Michael Martin,1018,F,Economy
102880,Laura Thomas,76,B,Economy
102881,Chris Smith,505,F,Economy
102882,David Harris,894,B,Economy
102883,David Johnson,1318,E,Economy
102884,Emily Martin,937,B,Economy
102885,Emily Thomas,1235,D,Economy
102886,John Taylor,1286,D,Economy
102887,Chris Jackson,497,B,Economy
102888,Chris Taylor,1241,C,Economy
102889,John Smith,852,A,Economy
102890,Laura Jackson,270,A,Economy
102891,Emily Brown,685,D,Economy
102892,Chris Thomas,934,C,Economy
102893,Chris Smith,855,E,Economy
102894,Emily Thomas,1216,F,Economy
102895,John Brown,206,D,Economy
102896,Alex Martin,1282,A,Economy
102897,Michael Johnson,748,D,Economy
102898,Alex Johnson,901,D,Economy
102899,Chris Thomas,708,D,Economy
102900,Alex Jackson,417,A,Economy
102901,Laura Anderson,1438,E,Economy
102902,Laura Harris,1482,C,Economy
102903,Jane Smith,512,A,Economy
102904,Emily Johnson,840,D,Economy
102905,Michael Johnson,934,E,Economy
102906,Emily Harris,810,C,Economy
102907,Jane Taylor,1222,C,Economy
102908,Alex Jackson,57,E,Economy
102909,Jane White,276,A,Economy
102910,Alex Taylor,634,C,Economy
102911,John Jackson,1213,E,Economy
102912,Laura White,1025,E,Economy
102913,Sarah Johnson,1083,B,Economy
102914,Jane Johnson,748,C,Economy
102915,Michael Martin,958,C,Economy
102916,Chris Thomas,311,F,Economy
102917,Michael Harris,719,F,Economy
102918,Jane Anderson,1222,E,Economy
102919,Alex Johnson,63,C,Economy
102920,Katie Thomas,315,D,Economy
102921,Emily Anderson,1413,D,Economy
102922,John Harris,525,E,Economy
102923,Michael Anderson,984,B,Economy
102924,David Johnson,1056,A,Economy
102925,Alex Brown,1243,E,Economy
102926,Katie Johnson,1389,E,Economy
102927,Laura Thomas,1635,E,Economy
102928,Laura Anderson,702,B,Economy
102929,Alex Jackson,541,C,Economy
102930,John Johnson,1310,C,Economy
102931,Chris Harris,85,D,Economy
102932,Michael Jackson,468,F,Economy
102933,Jane Anderson,1338,A,Economy
102934,John Brown,667,D,Economy
102935,Sarah Johnson,1249,C,Economy
102936,Emily Martin,278,E,Economy
102937,Laura Brown,447,F,Economy
102938,John Smith,278,A,Economy
102939,Chris Smith,1408,C,Economy
102940,Sarah Brown,1593,A,Economy
102941,Michael Johnson,480,F,Economy
102942,Jane Martin,1594,E,Economy
102943,Chris Johnson,1332,D,Economy
102944,Jane Brown,631,F,Economy
102945,Jane Brown,1384,F,Economy
102946,Michael Brown,446,B,Economy
102947,Emily Anderson,862,E,Economy
102948,Alex Brown,1231,F,Economy
102949,Sarah Harris,1171,C,Economy
102950,Chris Martin,577,E,Economy
102951,Laura Thomas,1425,E,Economy
102952,Chris Johnson,1292,A,Economy
102953,John Brown,1291,E,Economy
102954,Sarah Taylor,1232,B,Economy
102955,Michael Anderson,778,D,Economy
102956,David Smith,684,D,Economy
102957,Alex Brown,1191,F,Economy
102958,Laura White,760,A,Economy
102959,Jane Harris,1111,A,Economy
102960,Chris Taylor,1347,C,Economy
102961,Alex White,103,F,Economy
102962,John Smith,1060,D,Economy
102963,David Anderson,963,B,Economy
102964,Katie Brown,1362,D,Economy
102965,Chris Anderson,116,D,Economy
102966,Laura Brown,1220,F,Economy
102967,John Brown,342,F,Economy
102968,Jane Smith,1213,A,Economy
102969,Katie Smith,1482,E,Economy
102970,John Martin,393,B,Economy
102971,Laura Anderson,262,D,Economy
102972,Laura Brown,1407,C,Economy
102973,Sarah Harris,99,C,Economy
102974,Jane Smith,265,D,Economy
102975,Emily Anderson,244,C,Economy
102976,Jane Jackson,1517,A,Economy
102977,John Harris,94,A,Economy
102978,Jane Johnson,60,C,Economy
102979,Alex Taylor,1650,A,Economy
102980,Laura Anderson,879,B,Economy
102981,Michael Johnson,1275,A,Economy
102982,Laura Harris,1068,B,Economy
102983,Emily Anderson,1123,A,Economy
102984,Michael Smith,1098,D,Economy
102985,Emily Johnson,442,A,Economy
102986,Chris Harris,513,F,Economy
102987,Emily Smith,483,C,Economy
102988,John Jackson,822,C,Economy
102989,Emily Taylor,1089,B,Economy
102990,Sarah Harris,1503,C,Economy
102991,Katie Thomas,1040,D,Economy
102992,David Brown,386,A,Economy
102993,Laura Smith,60,A,Economy
102994,Laura White,1320,D,Economy
102995,Emily Thomas,276,B,Economy
102996,Jane Jackson,1025,A,Economy
102997,John Jackson,71,E,Economy
102998,Katie Harris,1647,C,Economy
102999,John Jackson,1147,D,Economy
103000,Michael Smith,1491,B,Economy
103001,Alex White,818,A,Economy
103002,Jane Anderson,1658,C,Economy
103003,Alex Johnson,803,F,Economy
103004,Laura Taylor,1596,B,Economy
103005,Chris Johnson,1666,F,Economy
103006,Alex Harris,339,B,Economy
103007,Alex Jackson,1251,F,Economy
103008,Alex Taylor,100,D,Economy
103009,Chris Harris,198,D,Economy
103010,Michael Jackson,73,C,Economy
103011,David Martin,1102,E,Economy
103012,Jane Thomas,168,E,Economy
103013,David Anderson,476,F,Economy
103014,Katie Thomas,1193,C,Economy
103015,Sarah Martin,806,F,Economy
103016,Alex Anderson,424,A,Economy
103017,Laura White,433,E,Economy
103018,Michael Brown,708,C,Economy
103019,Laura Brown,1008,E,Economy
103020,Michael Thomas,441,D,Economy
103021,Jane Taylor,705,B,Economy
103022,Laura White,1440,A,Economy
103023,Jane Smith,883,B,Economy
103024,Alex Anderson,558,E,Economy
103025,John Taylor,1308,F,Economy
103026,John Martin,223,C,Economy
103027,Michael Anderson,395,C,Economy
103028,Emily Thomas,526,F,Economy
103029,David Martin,787,C,Economy
103030,Laura Taylor,67,F,Economy
103031,Michael White,139,C,Economy
103032,Alex Brown,1151,C,Economy
103033,Sarah Martin,965,F,Economy
103034,Laura Thomas,1263,F,Economy
103035,Emily Harris,1206,B,Economy
103036,Chris Thomas,173,E,Economy
103037,Katie Martin,311,D,Economy
103038,John Thomas,1296,E,Economy
103039,Alex Taylor,1552,C,Economy
103040,Laura Taylor,242,E,Economy
103041,Jane Harris,43,A,Economy
103042,Emily Thomas,684,A,Economy
103043,Jane Brown,1607,B,Economy
103044,Sarah White,1232,C,Economy
103045,Katie White,344,E,Economy
103046,Michael Brown,1388,F,Economy
103047,Laura Jackson,1410,C,Economy
103048,Katie Smith,1136,D,Economy
103049,John Martin,298,D,Economy
103050,Sarah Brown,256,D,Economy
103051,Jane Anderson,578,D,Economy
103052,Emily Johnson,139,F,Economy
103053,Laura Thomas,738,B,Economy
103054,David Brown,929,C,Economy
103055,David Jackson,530,B,Economy
103056,Laura Harris,1105,F,Economy
103057,Katie Martin,1463,C,Economy
103058,Emily Jackson,995,E,Economy
103059,David Thomas,1645,F,Economy
103060,Chris Smith,1559,C,Economy
103061,Laura Thomas,114,F,Economy
103062,Michael Johnson,1301,C,Economy
103063,Sarah Smith,1159,D,Economy
103064,Michael Jackson,1182,E,Economy
103065,John Taylor,771,D,Economy
103066,Laura Taylor,765,D,Economy
103067,Alex Martin,1013,D,Economy
103068,Michael Thomas,1630,D,Economy
103069,Laura Johnson,710,E,Economy
103070,Sarah Johnson,1651,F,Economy
103071,David Johnson,65,C,Economy
103072,Michael Harris,1403,C,Economy
103073,Jane Jackson,1097,E,Economy
103074,Sarah Thomas,846,C,Economy
103075,Jane Martin,1250,B,Economy
103076,David Brown,1189,C,Economy
103077,John Harris,1109,B,Economy
103078,David Taylor,281,C,Economy
103079,Chris Harris,158,E,Economy
103080,Laura Brown,1530,B,Economy
103081,Katie Anderson,1382,C,Economy
103082,Michael Jackson,1205,A,Economy
103083,David White,884,E,Economy
103084,Jane Smith,1279,E,Economy
103085,Emily Martin,112,B,Economy
103086,Michael Harris,377,E,Economy
103087,Michael Anderson,1206,F,Economy
103088,Emily Taylor,1463,D,Economy
103089,David Thomas,1278,B,Economy
103090,Chris White,428,C,Economy
103091,Chris Brown,1305,A,Economy
103092,Jane Thomas,447,D,Economy
103093,Katie Anderson,1623,C,Economy
103094,Jane Smith,1262,E,Economy
103095,Jane Smith,162,B,Economy
103096,Jane White,1062,B,Economy
103097,Michael Anderson,1129,E,Economy
103098,Alex Harris,344,D,Economy
103099,Katie Smith,1181,D,Economy
103100,Michael Smith,1153,A,Economy
103101,Alex Martin,1463,E,Economy
103102,David White,1461,F,Economy
103103,Alex Harris,876,A,Economy
103104,Laura Smith,344,B,Economy
103105,John Brown,1446,F,Economy
103106,Katie Jackson,76,D,Economy
103107,Emily White,550,D,Economy
103108,Sarah White,951,D,Economy
103109,Jane White,1655,F,Economy
103110,John Johnson,1446,D,Economy
103111,Katie Jackson,945,F,Economy
103112,John Anderson,1449,F,Economy
103113,David Johnson,1514,F,Economy
103114,Katie Harris,1534,B,Economy
103115,Michael Martin,636,F,Economy
103116,Jane Harris,757,E,Economy
103117,John Smith,303,F,Economy
103118,Chris Smith,448,D,Economy
103119,Chris Harris,280,F,Economy
103120,Michael Jackson,823,E,Economy
103121,Michael Smith,1116,D,Economy
103122,Emily White,1640,B,Economy
103123,David Anderson,1525,D,Economy
103124,Laura Anderson,907,F,Economy
103125,Katie Martin,1369,A,Economy
103126,Jane Harris,530,E,Economy
103127,Emily Brown,421,A,Economy
103128,John Martin,227,E,Economy
103129,Katie Harris,1502,D,Economy
103130,Laura White,1255,A,Economy
103131,David Jackson,896,B,Economy
103132,Emily Jackson,353,A,Economy
103133,John Smith,1416,A,Economy
103134,Sarah Smith,1216,E,Economy
103135,David Jackson,807,D,Economy
103136,Emily Brown,765,B,Economy
103137,Sarah Jackson,1355,F,Economy
103138,Jane Martin,42,A,Economy
103139,Katie Taylor,1554,A,Economy
103140,Jane Harris,35,F,Economy
103141,David Taylor,216,A,Economy
103142,Jane Thomas,57,F,Economy
103143,Sarah Thomas,1651,A,Economy
103144,David White,155,B,Economy
103145,John Martin,147,D,Economy
103146,Sarah White,1660,C,Economy
103147,Chris Anderson,303,D,Economy
103148,Michael Thomas,736,F,Economy
103149,Jane Harris,859,B,Economy
103150,Michael Anderson,1303,C,Economy
103151,Michael Jackson,506,B,Economy
103152,Katie Smith,863,B,Economy
103153,John White,443,F,Economy
103154,Laura Jackson,742,A,Economy
103155,Laura Johnson,610,D,Economy
103156,Sarah Jackson,1444,E,Economy
103157,Jane Johnson,236,E,Economy
103158,Alex Jackson,320,D,Economy
103159,John Jackson,943,E,Economy
103160,David Thomas,653,D,Economy
103161,Michael Johnson,1080,D,Economy
103162,Alex Thomas,1369,E,Economy
103163,Chris Thomas,594,B,Economy
103164,Michael Martin,287,B,Economy
103165,Chris Harris,1057,E,Economy
103166,David Thomas,1603,E,Economy
103167,John Martin,593,A,Economy
103168,Alex Johnson,416,E,Economy
103169,Jane Martin,825,D,Economy
103170,Emily Harris,161,E,Economy
103171,Michael Smith,625,E,Economy
103172,John Jackson,1244,F,Economy
103173,Sarah Thomas,77,E,Economy
103174,Emily Jackson,530,A,Economy
103175,Emily Brown,751,C,Economy
103176,Sarah White,551,C,Economy
103177,Michael Harris,89,A,Economy
103178,Katie White,481,D,Economy
103179,Sarah Brown,843,F,Economy
103180,David White,1531,E,Economy
103181,Alex Harris,1280,A,Economy
103182,Emily Taylor,522,D,Economy
103183,Chris Smith,1238,B,Economy
103184,John Taylor,55,E,Economy
103185,John White,613,C,Economy
103186,Katie Thomas,263,A,Economy
103187,John Martin,521,D,Economy
103188,Laura Jackson,1127,C,Economy
103189,Sarah Harris,879,F,Economy
103190,Michael Thomas,405,D,Economy
103191,Alex Taylor,764,A,Economy
103192,Laura Jackson,495,A,Economy
103193,Laura Harris,1334,B,Economy
103194,Laura Thomas,738,F,Economy
103195,Alex White,1602,B,Economy
103196,Jane Anderson,1107,D,Economy
103197,Katie Johnson,893,E,Economy
103198,Michael White,1049,E,Economy
103199,David Thomas,1590,B,Economy
103200,Sarah Johnson,452,B,Economy
103201,Chris Thomas,686,E,Economy
103202,Chris Smith,1121,F,Economy
103203,Laura White,1378,E,Economy
103204,Alex Brown,1650,B,Economy
103205,Alex Brown,1051,D,Economy
103206,Chris Taylor,805,A,Economy
103207,John Johnson,1132,A,Economy
103208,John Brown,258,A,Economy
103209,David Smith,194,F,Economy
103210,Sarah Johnson,670,A,Economy
103211,Katie Harris,497,A,Economy
103212,Michael Harris,213,F,Economy
103213,Michael Martin,1047,F,Economy
103214,Michael Taylor,189,A,Economy
103215,Michael Harris,560,D,Economy
103216,John Thomas,836,E,Economy
103217,Emily Martin,320,A,Economy
103218,Katie Martin,917,F,Economy
103219,Chris Thomas,821,D,Economy
103220,Sarah Taylor,1595,C,Economy
103221,David Johnson,1055,B,Economy
103222,Laura Thomas,1038,C,Economy
103223,Laura Anderson,490,F,Economy
103224,Michael Johnson,875,B,Economy
103225,Laura Anderson,1494,F,Economy
103226,Chris Brown,1643,F,Economy
103227,Laura Jackson,1166,B,Economy
103228,John Martin,487,B,Economy
103229,Emily Taylor,1284,E,Economy
103230,Sarah Taylor,868,F,Economy
103231,Jane Anderson,136,F,Economy
103232,Katie Martin,214,E,Economy
103233,Jane Brown,697,A,Economy
103234,Emily Martin,1469,B,Economy
103235,Laura Brown,1172,F,Economy
103236,David Taylor,328,C,Economy
103237,Emily Brown,554,E,Economy
103238,David Anderson,1099,F,Economy
103239,Alex Anderson,325,E,Economy
103240,Chris White,219,D,Economy
103241,Sarah Jackson,1062,F,Economy
103242,Alex Harris,1384,D,Economy
103243,Jane Anderson,815,F,Economy
103244,Chris Brown,1486,F,Economy
103245,John Taylor,255,C,Economy
103246,Jane Brown,1466,F,Economy
103247,Katie Johnson,906,B,Economy
103248,Jane White,617,D,Economy
103249,Emily Johnson,255,E,Economy
103250,John Smith,1636,B,Economy
103251,David Jackson,1032,B,Economy
103252,Alex Harris,399,C,Economy
103253,Jane White,1131,A,Economy
103254,Sarah Taylor,242,F,Economy
103255,John Smith,675,F,Economy
103256,David Smith,1406,C,Economy
103257,David Taylor,1163,F,Economy
103258,Laura Martin,851,A,Economy
103259,David Taylor,478,D,Economy
103260,Jane Johnson,680,A,Economy
103261,Emily Johnson,667,A,Economy
103262,Michael Smith,1218,B,Economy
103263,Chris Brown,140,D,Economy
103264,Katie White,1043,E,Economy
103265,Michael Jackson,544,F,Economy
103266,Sarah Taylor,1072,C,Economy
103267,Jane Johnson,544,B,Economy
103268,Chris White,392,E,Economy
103269,Sarah Anderson,1589,D,Economy
103270,John Johnson,1205,E,Economy
103271,Sarah Brown,1019,D,Economy
103272,John White,1571,A,Economy
103273,Emily White,589,C,Economy
103274,Michael White,496,F,Economy
103275,Jane Thomas,980,E,Economy
103276,Alex Taylor,586,D,Economy
103277,Chris Martin,1587,E,Economy
103278,Laura Smith,1069,A,Economy
103279,Michael Anderson,1595,D,Economy
103280,Alex Anderson,331,D,Economy
103281,Katie Harris,1640,F,Economy
103282,Michael Anderson,129,D,Economy
103283,Michael Taylor,169,D,Economy
103284,Jane Jackson,1476,B,Economy
103285,Jane Martin,1429,B,Economy
103286,Michael White,1623,B,Economy
103287,Chris Smith,174,E,Economy
103288,Alex Brown,167,E,Economy
103289,Sarah Johnson,918,D,Economy
103290,Emily Anderson,436,C,Economy
103291,Michael Jackson,941,B,Economy
103292,Jane Anderson,887,C,Economy
103293,John Jackson,962,B,Economy
103294,David Jackson,697,C,Economy
103295,Sarah Taylor,627,C,Economy
103296,Katie Martin,321,E,Economy
103297,Emily White,1565,D,Economy
103298,Emily White,676,F,Economy
103299,Alex Brown,324,D,Economy
103300,Emily Brown,1119,F,Economy
103301,John Johnson,814,D,Economy
103302,Chris Thomas,425,A,Economy
103303,Michael Thomas,476,A,Economy
103304,Michael Johnson,925,A,Economy
103305,David Smith,413,E,Economy
103306,Katie Jackson,1232,A,Economy
103307,Chris Thomas,1642,B,Economy
103308,Sarah Anderson,887,A,Economy
103309,Katie Smith,430,D,Economy
103310,Laura Johnson,730,B,Economy
103311,Alex Martin,1387,F,Economy
103312,Michael Taylor,799,B,Economy
103313,Chris Taylor,839,B,Economy
103314,Michael Johnson,940,C,Economy
103315,Sarah Smith,1603,C,Economy
103316,Michael Taylor,747,A,Economy
103317,Jane Anderson,463,A,Economy
103318,Katie Martin,1601,F,Economy
103319,Katie Johnson,787,A,Economy
103320,Laura Johnson,1412,D,Economy
103321,Sarah Smith,1355,B,Economy
103322,John Anderson,580,F,Economy
103323,Chris Anderson,1618,B,Economy
103324,Laura Anderson,1216,A,Economy
103325,Alex Harris,1555,E,Economy
103326,David Thomas,1173,E,Economy
103327,John White,1186,A,Economy
103328,Alex Martin,1220,B,Economy
103329,David White,252,D,Economy
103330,Alex Smith,612,E,Economy
103331,Laura Jackson,1621,A,Economy
103332,Alex Harris,1195,B,Economy
103333,David Johnson,1450,A,Economy
103334,Chris Johnson,1109,C,Economy
103335,Sarah Martin,388,B,Economy
103336,Emily Anderson,559,E,Economy
103337,Jane Harris,1349,E,Economy
103338,Jane Johnson,529,F,Economy
103339,Katie White,1246,B,Economy
103340,Sarah Smith,286,C,Economy
103341,David Harris,429,F,Economy
103342,Laura Harris,581,A,Economy
103343,John Anderson,466,E,Economy
103344,Laura White,150,B,Economy
103345,Alex Harris,1568,B,Economy
103346,Sarah Brown,1588,F,Economy
103347,Sarah Johnson,230,D,Economy
103348,David Taylor,1524,D,Economy
103349,Jane Johnson,1223,E,Economy
103350,David White,1658,B,Economy
103351,Alex Taylor,1628,C,Economy
103352,David Taylor,307,B,Economy
103353,Katie Anderson,173,D,Economy
103354,Emily Anderson,1095,A,Economy
103355,Alex Brown,564,F,Economy
103356,Sarah Thomas,715,F,Economy
103357,Chris Martin,1310,A,Economy
103358,Jane Taylor,1125,B,Economy
103359,John Martin,743,C,Economy
103360,Alex Martin,67,D,Economy
103361,David Martin,439,D,Economy
103362,Emily Thomas,1109,F,Economy
103363,Jane Taylor,271,D,Economy
103364,Sarah Jackson,723,A,Economy
103365,Chris Jackson,1437,E,Economy
103366,Alex Martin,1198,A,Economy
103367,Katie Thomas,187,A,Economy
103368,Emily White,1015,C,Economy
103369,Katie White,1314,E,Economy
103370,Laura Jackson,562,C,Economy
103371,Michael Thomas,1519,E,Economy
103372,Chris Brown,368,E,Economy
103373,Sarah Jackson,680,C,Economy
103374,Katie Johnson,995,C,Economy
103375,David Jackson,1369,F,Economy
103376,Katie Martin,1119,C,Economy
103377,John White,1587,F,Economy
103378,Laura White,343,A,Economy
103379,Laura White,266,F,Economy
103380,Chris Taylor,172,B,Economy
103381,John Brown,1045,F,Economy
103382,Jane Brown,82,B,Economy
103383,David Anderson,290,C,Economy
103384,Alex Smith,374,C,Economy
103385,Sarah Brown,693,B,Economy
103386,Alex White,781,C,Economy
103387,Laura Martin,408,C,Economy
103388,Emily Thomas,1276,C,Economy
103389,Jane Anderson,998,A,Economy
103390,Laura Harris,1426,C,Economy
103391,Emily White,530,C,Economy
103392,Laura Taylor,236,B,Economy
103393,Emily Martin,929,A,Economy
103394,Michael Smith,1345,B,Economy
103395,Jane Jackson,418,B,Economy
103396,John Jackson,1656,D,Economy
103397,Alex Martin,252,B,Economy
103398,John Thomas,1339,A,Economy
103399,Jane Johnson,770,C,Economy
103400,Chris Johnson,984,C,Economy
103401,Jane Anderson,88,D,Economy
103402,Chris Brown,866,F,Economy
103403,David Anderson,526,E,Economy
103404,Michael Anderson,266,B,Economy
103405,Emily Anderson,1160,E,Economy
103406,Laura Jackson,429,A,Economy
103407,Laura Smith,610,E,Economy
103408,Chris Thomas,58,A,Economy
103409,Laura Martin,1023,A,Economy
103410,Michael Jackson,994,F,Economy
103411,Chris Jackson,1414,F,Economy
103412,David Anderson,1540,B,Economy
103413,John Johnson,1135,F,Economy
103414,Sarah Jackson,737,F,Economy
103415,Sarah Smith,618,C,Economy
103416,Jane Johnson,276,E,Economy
103417,Jane Jackson,832,A,Economy
103418,Emily Anderson,286,D,Economy
103419,Laura White,1185,A,Economy
103420,Michael Brown,220,B,Economy
103421,Alex Johnson,1171,B,Economy
103422,Chris Harris,588,B,Economy
103423,Katie Harris,1311,A,Economy
103424,David Harris,1635,D,Economy
103425,Chris Brown,559,F,Economy
103426,Jane White,152,D,Economy
103427,Sarah Harris,911,E,Economy
103428,Emily White,77,C,Economy
103429,Sarah Anderson,1457,B,Economy
103430,John Thomas,1332,B,Economy
103431,Alex Taylor,1427,C,Economy
103432,Katie Jackson,48,B,Economy
103433,Michael Smith,63,A,Economy
103434,David Johnson,1353,C,Economy
103435,Jane Johnson,1472,D,Economy
103436,Alex White,824,A,Economy
103437,Katie Taylor,1225,A,Economy
103438,Jane Jackson,756,B,Economy
103439,Michael Smith,970,D,Economy
103440,David Johnson,742,F,Economy
103441,Sarah Jackson,174,A,Economy
103442,David Jackson,1052,B,Economy
103443,John Harris,1399,B,Economy
103444,Michael Brown,1600,E,Economy
103445,Laura Thomas,1046,A,Economy
103446,Alex Jackson,871,A,Economy
103447,David Thomas,549,A,Economy
103448,Alex Martin,949,B,Economy
103449,Emily Taylor,1458,B,Economy
103450,Laura Smith,643,F,Economy
103451,Katie Martin,1316,D,Economy
103452,Laura Anderson,868,D,Economy
103453,Laura Smith,807,A,Economy
103454,Michael Smith,687,A,Economy
103455,David Martin,623,E,Economy
103456,John Jackson,1081,D,Economy
103457,Alex Taylor,768,F,Economy
103458,Laura Smith,461,F,Economy
103459,Michael Taylor,411,E,Economy
103460,Alex Martin,843,D,Economy
103461,Katie Smith,154,B,Economy
103462,Laura Johnson,553,D,Economy
103463,Emily Anderson,1380,A,Economy
103464,Laura White,475,B,Economy
103465,Michael Taylor,361,B,Economy
103466,Katie Smith,1328,F,Economy
103467,Jane Anderson,1431,E,Economy
103468,Jane Harris,720,D,Economy
103469,Chris Jackson,61,C,Economy
103470,Michael Smith,1058,C,Economy
103471,Sarah Johnson,234,D,Economy
103472,Alex Harris,1634,A,Economy
103473,Sarah Johnson,1613,B,Economy
103474,Emily Jackson,140,E,Economy
103475,Michael White,545,A,Economy
103476,Michael Harris,869,F,Economy
103477,Alex Harris,715,B,Economy
103478,Katie Martin,612,B,Economy
103479,John Smith,432,F,Economy
103480,Laura Anderson,553,A,Economy
103481,Laura Smith,1006,E,Economy
103482,Katie Johnson,1340,A,Economy
103483,Chris Jackson,1203,C,Economy
103484,Chris Johnson,1186,D,Economy
103485,John Anderson,178,F,Economy
103486,Alex Jackson,371,C,Economy
103487,David White,622,B,Economy
103488,Katie Taylor,81,B,Economy
103489,Michael Jackson,750,B,Economy
103490,Jane Taylor,593,D,Economy
103491,David Johnson,277,B,Economy
103492,Sarah Martin,605,D,Economy
103493,Chris Jackson,1654,C,Economy
103494,Michael Jackson,1394,D,Economy
103495,Laura Johnson,1474,E,Economy
103496,Jane Johnson,1456,E,Economy
103497,Katie Johnson,625,C,Economy
103498,David Anderson,1381,B,Economy
103499,Katie Smith,870,D,Economy
103500,Alex Johnson,1586,F,Economy
103501,John Thomas,931,D,Economy
103502,David White,1457,C,Economy
103503,Emily Jackson,352,C,Economy
103504,Laura Anderson,956,F,Economy
103505,Chris Smith,196,B,Economy
103506,Emily Anderson,1297,B,Economy
103507,Michael Johnson,1425,A,Economy
103508,David Smith,1413,F,Economy
103509,Emily Brown,854,B,Economy
103510,Jane White,183,D,Economy
103511,Katie Smith,1572,C,Economy
103512,Sarah Jackson,1289,B,Economy
103513,Michael Brown,128,B,Economy
103514,David Harris,989,F,Economy
103515,Alex Jackson,1448,E,Economy
103516,Michael Brown,1420,F,Economy
103517,Michael Brown,1315,C,Economy
103518,John White,566,D,Economy
103519,John Harris,802,F,Economy
103520,Sarah Brown,1099,A,Economy
103521,David Johnson,510,D,Economy
103522,Chris Johnson,877,E,Economy
103523,John Martin,512,D,Economy
103524,John Jackson,237,E,Economy
103525,Chris Brown,1468,D,Economy
103526,Katie Brown,1159,B,Economy
103527,David Harris,1423,A,Economy
103528,Laura Thomas,1092,F,Economy
103529,Laura Harris,430,E,Economy
103530,Alex Brown,1435,D,Economy
103531,Katie Martin,126,A,Economy
103532,David Brown,238,A,Economy
103533,Laura Harris,171,E,Economy
103534,Katie Martin,188,A,Economy
103535,David Harris,408,F,Economy
103536,Emily Anderson,1224,A,Economy
103537,Jane Smith,82,E,Economy
103538,Emily Smith,894,D,Economy
103539,John White,1272,A,Economy
103540,Laura Jackson,1502,E,Economy
103541,Jane Harris,555,A,Economy
103542,Laura Anderson,119,A,Economy
103543,David Brown,1537,E,Economy
103544,Laura Brown,1447,D,Economy
103545,Michael Smith,1525,C,Economy
103546,Chris Johnson,1577,E,Economy
103547,Emily Taylor,232,C,Economy
103548,Jane Brown,309,B,Economy
103549,Emily Martin,873,E,Economy
103550,David Taylor,1317,A,Economy
103551,Emily Thomas,1439,B,Economy
103552,Sarah White,312,D,Economy
103553,Jane Thomas,309,C,Economy
103554,Jane Anderson,1510,F,Economy
103555,Sarah White,612,F,Economy
103556,Emily Brown,373,B,Economy
103557,Jane Harris,470,A,Economy
103558,Michael Harris,1473,D,Economy
103559,Jane White,52,D,Economy
103560,Katie Anderson,161,B,Economy
103561,Laura Anderson,629,E,Economy
103562,Sarah White,1328,A,Economy
103563,Alex Smith,972,B,Economy
103564,Sarah Anderson,82,A,Economy
103565,David Thomas,607,D,Economy
103566,Laura Martin,192,B,Economy
103567,Michael Brown,217,E,Economy
103568,Sarah Jackson,1098,B,Economy
103569,Katie Taylor,928,A,Economy
103570,Katie Brown,1076,E,Economy
103571,Katie Taylor,902,B,Economy
103572,Emily Jackson,414,F,Economy
103573,Jane Jackson,908,D,Economy
103574,John Johnson,44,D,Economy
103575,Michael Harris,510,A,Economy
103576,Jane Martin,1339,F,Economy
103577,Chris Jackson,31,E,Economy
103578,Sarah Anderson,278,B,Economy
103579,Michael White,1015,E,Economy
103580,Laura Smith,1499,D,Economy
103581,Laura Jackson,204,C,Economy
103582,David Smith,128,C,Economy
103583,Chris Anderson,582,A,Economy
103584,Sarah Johnson,182,C,Economy
103585,Katie Johnson,530,D,Economy
103586,Alex Martin,1563,F,Economy
103587,Emily White,995,F,Economy
103588,Emily Harris,854,C,Economy
103589,David Jackson,739,B,Economy
103590,Sarah White,492,E,Economy
103591,Sarah Martin,183,B,Economy
103592,David White,628,E,Economy
103593,David Martin,1143,F,Economy
103594,Chris Anderson,1122,C,Economy
103595,Laura Martin,1586,E,Economy
103596,John Taylor,395,A,Economy
103597,Michael Thomas,1313,D,Economy
103598,David Smith,211,C,Economy
103599,Katie Johnson,806,C,Economy
103600,Michael Jackson,1183,C,Economy
103601,Michael Martin,1148,D,Economy
103602,Emily Jackson,976,F,Economy
103603,Alex Harris,243,A,Economy
103604,Laura Johnson,586,E,Economy
103605,John Harris,991,E,Economy
103606,Sarah Martin,173,A,Economy
103607,Emily Brown,1452,D,Economy
103608,John Smith,471,B,Economy
103609,Chris Thomas,925,D,Economy
103610,Michael Johnson,387,C,Economy
103611,Emily Taylor,1624,D,Economy
103612,Sarah Johnson,149,A,Economy
103613,Sarah Johnson,602,B,Economy
103614,Jane Johnson,249,C,Economy
103615,Emily Smith,635,A,Economy
103616,Emily Harris,1319,E,Economy
103617,Alex Smith,218,A,Economy
103618,Chris Anderson,1175,B,Economy
103619,John Thomas,1450,F,Economy
103620,Laura Taylor,1461,E,Economy
103621,Laura Martin,1041,A,Economy
103622,David Jackson,1378,B,Economy
103623,Sarah Taylor,361,A,Economy
103624,Jane Taylor,401,A,Economy
103625,John Thomas,322,F,Economy
103626,Katie Martin,1150,B,Economy
103627,John Smith,1170,B,Economy
103628,Alex Brown,588,E,Economy
103629,David Smith,1620,C,Economy
103630,Laura Smith,999,E,Economy
103631,Emily Thomas,642,A,Economy
103632,Emily Martin,104,C,Economy
103633,Emily Taylor,759,D,Economy
103634,Michael Brown,198,B,Economy
103635,John Anderson,1141,E,Economy
103636,Sarah White,1217,C,Economy
103637,Laura Anderson,42,E,Economy
103638,John Thomas,82,C,Economy
103639,John Thomas,583,F,Economy
103640,Laura Anderson,1560,F,Economy
103641,John Smith,1507,F,Economy
103642,Emily Jackson,449,F,Economy
103643,Michael Harris,1250,E,Economy
103644,Chris Smith,1314,A,Economy
103645,Emily Brown,135,D,Economy
103646,Laura Harris,392,D,Economy
103647,Sarah Taylor,1536,E,Economy
103648,Emily White,750,C,Economy
103649,Sarah Brown,239,A,Economy
103650,Alex Jackson,467,A,Economy
103651,Chris Taylor,217,B,Economy
103652,Chris Harris,1126,E,Economy
103653,David Taylor,798,F,Economy
103654,Sarah White,430,B,Economy
103655,John Taylor,1494,B,Economy
103656,Alex White,321,F,Economy
103657,Jane Taylor,824,D,Economy
103658,David Harris,1226,C,Economy
103659,David Jackson,1529,E,Economy
103660,David Anderson,1235,B,Economy
103661,Michael White,1584,F,Economy
103662,Alex Martin,596,D,Economy
103663,David Jackson,1085,F,Economy
103664,Jane Martin,1394,B,Economy
103665,Jane Smith,1449,A,Economy
103666,Laura Jackson,282,A,Economy
103667,Michael Brown,411,D,Economy
103668,Jane Thomas,528,D,Economy
103669,Katie Martin,1359,D,Economy
103670,Michael Martin,638,C,Economy
103671,Alex Smith,759,F,Economy
103672,Michael Smith,371,A,Economy
103673,Emily Anderson,1520,C,Economy
103674,John Jackson,865,B,Economy
103675,Laura Taylor,1391,C,Economy
103676,Laura Brown,329,F,Economy
103677,Laura Harris,431,A,Economy
103678,David Brown,571,D,Economy
103679,Katie Smith,1510,E,Economy
103680,John Jackson,148,D,Economy
103681,Sarah Smith,150,F,Economy
103682,Jane Thomas,1197,F,Economy
103683,Michael Brown,827,B,Economy
103684,Alex Harris,727,D,Economy
103685,Michael Brown,1641,F,Economy
103686,John Harris,1028,F,Economy
103687,Sarah Thomas,476,B,Economy
103688,Katie Thomas,1288,E,Economy
103689,Katie White,886,E,Economy
103690,David Thomas,1333,D,Economy
103691,Sarah White,1522,C,Economy
103692,Katie Martin,1143,A,Economy
103693,Sarah Martin,239,D,Economy
103694,Emily Johnson,717,F,Economy
103695,Jane Smith,237,F,Economy
103696,Chris White,847,B,Economy
103697,Laura Smith,782,C,Economy
103698,Alex Thomas,1651,B,Economy
103699,Katie Martin,340,D,Economy
103700,Michael Martin,362,D,Economy
103701,Chris Jackson,1642,E,Economy
103702,Michael Anderson,213,D,Economy
103703,David Johnson,97,A,Economy
103704,Alex White,355,B,Economy
103705,Chris Harris,1403,A,Economy
103706,Chris Anderson,1215,E,Economy
103707,John Jackson,567,E,Economy
103708,Michael Brown,724,C,Economy
103709,David Thomas,435,A,Economy
103710,Chris Anderson,601,A,Economy
103711,Emily Martin,1435,E,Economy
103712,Katie Martin,493,F,Economy
103713,John Smith,842,C,Economy
103714,Katie Harris,1100,A,Economy
103715,Michael Jackson,1435,A,Economy
103716,David Harris,1329,C,Economy
103717,Katie Anderson,1656,A,Economy
103718,David Harris,1425,D,Economy
103719,Katie Jackson,449,B,Economy
103720,Katie Harris,204,B,Economy
103721,Chris Jackson,350,F,Economy
103722,Katie Jackson,1661,E,Economy
103723,David Martin,68,C,Economy
103724,Laura Smith,804,F,Economy
103725,John Anderson,1515,B,Economy
103726,Sarah White,723,C,Economy
103727,Jane Smith,803,B,Economy
103728,Chris Johnson,717,A,Economy
103729,Sarah Thomas,1553,D,Economy
103730,Chris Smith,1230,E,Economy
103731,Laura Jackson,538,C,Economy
103732,Katie Harris,36,F,Economy
103733,Emily Johnson,776,B,Economy
103734,Alex Johnson,130,A,Economy
103735,Chris Brown,751,F,Economy
103736,Emily Anderson,1261,F,Economy
103737,Emily Brown,793,F,Economy
103738,Emily Thomas,113,A,Economy
103739,Alex Johnson,521,F,Economy
103740,Jane Jackson,1178,D,Economy
103741,Katie Smith,572,A,Economy
103742,Jane White,776,A,Economy
103743,Sarah Brown,1624,A,Economy
103744,Katie Martin,351,E,Economy
103745,Michael Brown,589,A,Economy
103746,Sarah Thomas,1627,D,Economy
103747,Laura Brown,914,B,Economy
103748,Alex Smith,577,C,Economy
103749,Alex Thomas,1545,E,Economy
103750,Laura Harris,867,A,Economy
103751,Jane Brown,580,A,Economy
103752,Laura Harris,1197,A,Economy
103753,Sarah Harris,123,B,Economy
103754,Laura Anderson,315,E,Economy
103755,Emily Thomas,1290,A,Economy
103756,Alex Brown,1034,A,Economy
103757,Emily Smith,1283,C,Economy
103758,Emily White,745,C,Economy
103759,Emily Anderson,384,F,Economy
103760,Sarah Jackson,117,E,Economy
103761,Michael Taylor,685,B,Economy
103762,Alex Smith,1192,D,Economy
103763,John Taylor,1082,D,Economy
103764,John Anderson,1650,D,Economy
103765,Emily White,392,F,Economy
103766,Jane White,71,D,Economy
103767,Jane Johnson,656,D,Economy
103768,Laura Brown,1298,C,Economy
103769,Jane Johnson,592,D,Economy
103770,Alex White,903,B,Economy
103771,Alex Jackson,774,D,Economy
103772,Katie White,1420,C,Economy
103773,Alex Smith,699,F,Economy
103774,Laura Johnson,210,C,Economy
103775,Alex Johnson,1039,A,Economy
103776,David Smith,1285,F,Economy
103777,Chris Taylor,365,C,Economy
103778,Emily Anderson,1554,D,Economy
103779,Alex Martin,126,F,Economy
103780,Michael Jackson,103,E,Economy
103781,Michael Taylor,274,A,Economy
103782,Emily Anderson,791,D,Economy
103783,Alex Smith,39,B,Economy
103784,Alex Smith,347,F,Economy
103785,Jane Thomas,356,C,Economy
103786,Emily Johnson,71,B,Economy
103787,Laura Anderson,487,A,Economy
103788,Michael Thomas,289,C,Economy
103789,Jane Harris,696,D,Economy
103790,Chris Taylor,1132,D,Economy
103791,David Anderson,625,B,Economy
103792,Jane Smith,1269,A,Economy
103793,Emily Johnson,1430,D,Economy
103794,Sarah Harris,1312,C,Economy
103795,Sarah Harris,1457,A,Economy
103796,John Martin,1327,D,Economy
103797,Sarah Johnson,1294,F,Economy
103798,Katie White,375,B,Economy
103799,Jane Martin,1620,F,Economy
103800,Katie Harris,327,D,Economy
103801,Sarah Taylor,1416,D,Economy
103802,David Anderson,1382,B,Economy
103803,Katie Martin,407,F,Economy
103804,Emily Harris,479,C,Economy
103805,Alex Brown,345,C,Economy
103806,Alex Brown,402,A,Economy
103807,John Smith,848,E,Economy
103808,Jane White,878,D,Economy
103809,Chris Anderson,403,A,Economy
103810,Chris Anderson,321,C,Economy
103811,Jane Brown,458,D,Economy
103812,Emily Martin,1443,A,Economy
103813,Sarah Martin,1219,E,Economy
103814,John Johnson,1165,B,Economy
103815,Katie White,1009,E,Economy
103816,Alex Brown,357,D,Economy
103817,David Smith,1647,D,Economy
103818,Michael Anderson,1077,D,Economy
103819,Emily White,675,B,Economy
103820,Katie Anderson,969,D,Economy
103821,Michael Smith,1178,C,Economy
103822,Michael Smith,361,E,Economy
103823,Alex Thomas,791,C,Economy
103824,Sarah Martin,826,D,Economy
103825,John Smith,47,B,Economy
103826,Laura Taylor,649,E,Economy
103827,Michael White,615,A,Economy
103828,David Harris,413,F,Economy
103829,Chris Thomas,639,E,Economy
103830,Michael Smith,1437,C,Economy
103831,David White,916,A,Economy
103832,Alex Taylor,1588,A,Economy
103833,John Jackson,1551,E,Economy
103834,Emily Taylor,1615,B,Economy
103835,Jane Smith,348,C,Economy
103836,Chris Jackson,882,C,Economy
103837,Jane Smith,658,B,Economy
103838,Sarah Brown,1266,A,Economy
103839,Chris Taylor,215,F,Economy
103840,Alex Jackson,1353,B,Economy
103841,Laura Johnson,1044,C,Economy
103842,Sarah Martin,775,F,Economy
103843,Katie Anderson,915,F,Economy
103844,John Harris,1244,C,Economy
103845,Michael Anderson,279,B,Economy
103846,Jane Taylor,263,C,Economy
103847,David Smith,1612,F,Economy
103848,David Martin,1437,D,Economy
103849,Alex Taylor,1044,B,Economy
103850,Sarah Jackson,1376,C,Economy
103851,Laura Martin,1593,E,Economy
103852,Michael Taylor,717,E,Economy
103853,Emily Thomas,1485,B,Economy
103854,Sarah Martin,1642,D,Economy
103855,Laura Taylor,43,D,Economy
103856,Alex White,1298,F,Economy
103857,David Brown,133,E,Economy
103858,Jane Martin,441,E,Economy
103859,Emily White,670,B,Economy
103860,Sarah Thomas,1015,B,Economy
103861,David Martin,788,F,Economy
103862,Katie Taylor,1024,B,Economy
103863,Emily White,615,D,Economy
103864,Katie Taylor,1430,E,Economy
103865,Laura Jackson,718,F,Economy
103866,Michael Smith,314,D,Economy
103867,Jane Anderson,1291,B,Economy
103868,Katie Harris,1545,B,Economy
103869,Katie Taylor,1661,C,Economy
103870,Chris Taylor,1355,A,Economy
103871,Chris Martin,844,B,Economy
103872,John Martin,224,D,Economy
103873,Chris Thomas,165,C,Economy
103874,Emily Martin,698,A,Economy
103875,Laura Smith,98,D,Economy
103876,Katie Harris,1286,C,Economy
103877,John Thomas,293,B,Economy
103878,Jane Martin,1327,E,Economy
103879,Emily Thomas,476,E,Economy
103880,John Taylor,336,F,Economy
103881,Alex Brown,798,D,Economy
103882,David Martin,901,C,Economy
103883,Chris Taylor,537,F,Economy
103884,David Harris,1020,B,Economy
103885,David Brown,59,E,Economy
103886,Jane Thomas,54,C,Economy
103887,Alex Thomas,1162,E,Economy
103888,Sarah Anderson,1123,B,Economy
103889,John Thomas,408,A,Economy
103890,Jane Johnson,1019,A,Economy
103891,Sarah Jackson,1454,F,Economy
103892,David Harris,632,D,Economy
103893,David Taylor,1400,F,Economy
103894,Alex White,866,B,Economy
103895,Michael White,1619,C,Economy
103896,Laura Taylor,1525,A,Economy
103897,Michael Harris,1056,F,Economy
103898,Katie Smith,1016,B,Economy
103899,David Taylor,1316,B,Economy
103900,John Jackson,732,F,Economy
103901,Laura Smith,593,C,Economy
103902,John Jackson,802,C,Economy
103903,Laura Jackson,769,F,Economy
103904,Sarah White,579,B,Economy
103905,Chris Anderson,1247,C,Economy
103906,John White,1648,B,Economy
103907,Chris White,848,D,Economy
103908,Jane Taylor,469,E,Economy
103909,Sarah Smith,1572,A,Economy
103910,Alex Brown,913,B,Economy
103911,Alex Jackson,958,A,Economy
103912,Emily Smith,1104,B,Economy
103913,Jane Harris,775,C,Economy
103914,David Smith,1042,E,Economy
103915,Michael Johnson,536,C,Economy
103916,Laura Jackson,1177,F,Economy
103917,Emily Johnson,748,B,Economy
103918,John Taylor,1617,B,Economy
103919,Sarah Martin,1211,E,Economy
103920,Sarah Anderson,613,E,Economy
103921,Laura Thomas,333,B,Economy
103922,Jane Brown,1549,B,Economy
103923,Laura Jackson,1248,A,Economy
103924,David Johnson,225,F,Economy
103925,Katie Anderson,607,A,Economy
103926,Sarah Taylor,626,F,Economy
103927,Laura Smith,262,F,Economy
103928,Jane Anderson,349,B,Economy
103929,John Martin,1259,A,Economy
103930,John Martin,1460,F,Economy
103931,Katie Thomas,99,F,Economy
103932,Sarah Smith,78,A,Economy
103933,Jane White,1408,D,Economy
103934,David Harris,43,E,Economy
103935,Laura Anderson,785,B,Economy
103936,Katie Jackson,583,D,Economy
103937,Jane Johnson,1290,B,Economy
103938,Chris Thomas,811,B,Economy
103939,Michael Brown,866,C,Economy
103940,Laura Thomas,394,E,Economy
103941,Sarah Brown,280,B,Economy
103942,Jane Smith,1191,D,Economy
103943,Katie Brown,182,F,Economy
103944,Jane White,701,A,Economy
103945,David Martin,1428,B,Economy
103946,Emily White,540,D,Economy
103947,Chris Jackson,294,E,Economy
103948,Emily Brown,1329,B,Economy
103949,Michael Jackson,443,D,Economy
103950,Chris Thomas,1163,E,Economy
103951,Sarah Jackson,1350,C,Economy
103952,Jane Thomas,348,E,Economy
103953,Michael Smith,152,A,Economy
103954,Katie Harris,1022,F,Economy
103955,Chris Smith,983,F,Economy
103956,Katie Thomas,254,A,Economy
103957,Katie Martin,786,A,Economy
103958,Alex Taylor,923,F,Economy
103959,David Anderson,895,F,Economy
103960,Chris Anderson,1144,A,Economy
103961,David Brown,1557,F,Economy
103962,Emily Smith,1129,D,Economy
103963,Laura Smith,542,B,Economy
103964,David Johnson,1186,C,Economy
103965,Alex Brown,1510,C,Economy
103966,Emily Taylor,936,D,Economy
103967,Katie White,1473,A,Economy
103968,Jane Martin,771,E,Economy
103969,Michael Brown,1277,E,Economy
103970,Katie Martin,1183,F,Economy
103971,Emily Jackson,1663,A,Economy
103972,John White,1490,C,Economy
103973,Jane Taylor,385,A,Economy
103974,Jane Thomas,770,E,Economy
103975,Emily Taylor,161,D,Economy
103976,Sarah Johnson,1267,F,Economy
103977,John Thomas,312,B,Economy
103978,Alex Smith,150,E,Economy
103979,Sarah White,835,E,Economy
103980,Michael White,564,B,Economy
103981,David Smith,1515,E,Economy
103982,Alex Jackson,912,E,Economy
103983,John Smith,824,E,Economy
103984,Katie Taylor,1126,F,Economy
103985,Michael Brown,1567,C,Economy
103986,Michael White,1037,D,Economy
103987,Laura Smith,292,A,Economy
103988,Michael Martin,44,C,Economy
103989,Emily Johnson,188,D,Economy
103990,Laura Harris,588,A,Economy
103991,Michael Harris,508,A,Economy
103992,Katie Jackson,1398,C,Economy
103993,John Jackson,799,C,Economy
103994,Katie White,502,E,Economy
103995,John Jackson,1513,B,Economy
103996,David Brown,470,D,Economy
103997,Alex Martin,761,B,Economy
103998,Katie Johnson,412,C,Economy
103999,Alex Johnson,525,C,Economy
104000,Katie Johnson,1331,A,Economy
104001,Katie Martin,804,D,Economy
104002,Alex Harris,558,B,Economy
104003,Sarah Thomas,983,E,Economy
104004,Laura Jackson,1416,B,Economy
104005,Jane Taylor,875,E,Economy
104006,Laura Johnson,241,D,Economy
104007,John Martin,1199,E,Economy
104008,Alex Brown,742,B,Economy
104009,Emily White,1182,F,Economy
104010,Chris Jackson,740,A,Economy
104011,Alex Martin,935,B,Economy
104012,Katie Martin,976,C,Economy
104013,Emily Johnson,487,D,Economy
104014,David Martin,1614,D,Economy
104015,Chris Johnson,485,F,Economy
104016,Chris Taylor,719,E,Economy
104017,Jane Thomas,159,D,Economy
104018,Emily Harris,1081,E,Economy
104019,Katie Anderson,235,B,Economy
104020,Laura Thomas,198,C,Economy
104021,Laura Smith,1237,D,Economy
104022,Sarah Johnson,940,E,Economy
104023,David Brown,117,C,Economy
104024,Emily Martin,1446,A,Economy
104025,Michael Harris,647,B,Economy
104026,David Jackson,827,C,Economy
104027,Jane Martin,36,D,Economy
104028,David Taylor,1026,E,Economy
104029,Laura Martin,1487,E,Economy
104030,Laura Thomas,1192,F,Economy
104031,John Johnson,495,E,Economy
104032,Katie Smith,397,A,Economy
104033,Katie Jackson,935,E,Economy
104034,David Anderson,946,C,Economy
104035,David Martin,225,B,Economy
104036,Katie Martin,1609,C,Economy
104037,Emily Anderson,816,E,Economy
104038,Katie White,780,B,Economy
104039,Jane Thomas,632,E,Economy
104040,Laura Anderson,997,D,Economy
104041,Sarah Johnson,1562,E,Economy
104042,Jane Harris,431,F,Economy
104043,Sarah Martin,457,F,Economy
104044,Sarah Thomas,211,A,Economy
104045,Michael Smith,71,F,Economy
104046,Jane Thomas,197,D,Economy
104047,Jane Brown,1519,C,Economy
104048,Jane Harris,686,B,Economy
104049,Alex Martin,935,D,Economy
104050,Sarah Johnson,168,C,Economy
104051,David Martin,1132,F,Economy
104052,Alex Jackson,1492,E,Economy
104053,Jane Smith,160,D,Economy
104054,Laura Taylor,480,A,Economy
104055,Katie Smith,1122,A,Economy
104056,John Smith,340,B,Economy
104057,David Jackson,326,C,Economy
104058,Emily Harris,1609,E,Economy
104059,Katie Taylor,542,D,Economy
104060,Katie Anderson,980,D,Economy
104061,David Harris,1540,D,Economy
104062,Laura Brown,1418,A,Economy
104063,Emily Smith,1179,D,Economy
104064,Jane Smith,423,E,Economy
104065,Laura Jackson,1103,C,Economy
104066,John Johnson,1026,B,Economy
104067,Michael Taylor,75,B,Economy
104068,Jane White,935,C,Economy
104069,Katie Harris,699,A,Economy
104070,Michael Brown,1288,F,Economy
104071,David Taylor,867,B,Economy
104072,Chris Brown,872,B,Economy
104073,Michael Harris,1579,E,Economy
104074,Alex Thomas,526,C,Economy
104075,Michael Jackson,292,D,Economy
104076,Katie Taylor,429,D,Economy
104077,Laura White,519,B,Economy
104078,Emily Johnson,1331,C,Economy
104079,Alex Smith,1089,C,Economy
104080,Katie Smith,64,C,Economy
104081,Michael Jackson,358,B,Economy
104082,Michael Johnson,57,B,Economy
104083,Sarah White,1430,A,Economy
104084,Emily Brown,458,A,Economy
104085,David Smith,1638,C,Economy
104086,Chris Anderson,1452,E,Economy
104087,Sarah Johnson,80,B,Economy
104088,Katie Thomas,1167,E,Economy
104089,Katie Johnson,531,E,Economy
104090,Michael Jackson,454,C,Economy
104091,Emily Taylor,1432,D,Economy
104092,Katie Thomas,762,E,Economy
104093,David Thomas,567,B,Economy
104094,Laura Taylor,845,D,Economy
104095,Katie Brown,1237,F,Economy
104096,Laura Brown,458,F,Economy
104097,Alex Martin,615,E,Economy
104098,John Taylor,1030,C,Economy
104099,Michael Martin,1227,E,Economy
104100,Emily Jackson,1111,F,Economy
104101,Chris White,201,E,Economy
104102,Jane White,462,E,Economy
104103,Laura Harris,1376,A,Economy
104104,Alex Anderson,812,A,Economy
104105,Chris Taylor,841,D,Economy
104106,Katie White,1667,C,Economy
104107,David Johnson,763,D,Economy
104108,Jane Thomas,311,A,Economy
104109,Alex Anderson,1601,C,Economy
104110,David Jackson,695,D,Economy
104111,Michael Taylor,600,E,Economy
104112,Alex Anderson,1404,B,Economy
104113,Laura Brown,1200,F,Economy
104114,Emily Johnson,1433,B,Economy
104115,Alex Jackson,327,A,Economy
104116,Katie Jackson,139,D,Economy
104117,Sarah Taylor,617,C,Economy
104118,Katie Anderson,1618,C,Economy
104119,Michael Johnson,410,F,Economy
104120,John Johnson,1146,A,Economy
104121,John Taylor,73,B,Economy
104122,Jane Smith,273,F,Economy
104123,David Taylor,338,D,Economy
104124,Katie Thomas,554,A,Economy
104125,David Jackson,1547,C,Economy
104126,Michael Martin,1050,B,Economy
104127,Katie White,335,B,Economy
104128,Michael Anderson,772,E,Economy
104129,Katie Smith,338,B,Economy
104130,John Harris,839,F,Economy
104131,Alex Jackson,416,D,Economy
104132,Laura Johnson,1172,C,Economy
104133,Jane Martin,395,B,Economy
104134,Michael Harris,973,D,Economy
104135,Michael Harris,1210,F,Economy
104136,David Martin,95,E,Economy
104137,Emily Martin,932,C,Economy
104138,Alex Taylor,163,D,Economy
104139,Alex Jackson,1536,A,Economy
104140,Jane Johnson,247,E,Economy
104141,David Johnson,633,B,Economy
104142,Chris Smith,559,B,Economy
104143,Sarah Jackson,806,B,Economy
104144,Katie Martin,1065,B,Economy
104145,David Johnson,188,B,Economy
104146,Alex Brown,527,A,Economy
104147,Jane Smith,480,C,Economy
104148,Alex Harris,1248,B,Economy
104149,Chris Smith,920,C,Economy
104150,Laura Johnson,1260,C,Economy
104151,Laura Harris,79,A,Economy
104152,Jane Smith,146,B,Economy
104153,Michael Anderson,621,E,Economy
104154,Sarah Johnson,599,B,Economy
104155,David Thomas,133,F,Economy
104156,Michael Johnson,1196,A,Economy
104157,Jane Taylor,1204,C,Economy
104158,Sarah Johnson,1508,C,Economy
104159,John Martin,1589,F,Economy
104160,Sarah Thomas,1243,A,Economy
104161,Sarah Jackson,1118,F,Economy
104162,Katie Harris,1377,A,Economy
104163,Michael Brown,36,E,Economy
104164,Michael Anderson,37,C,Economy
104165,Michael Taylor,1315,E,Economy
104166,Alex Martin,1535,F,Economy
104167,Jane Johnson,1566,E,Economy
104168,Chris White,553,E,Economy
104169,Michael Taylor,365,F,Economy
104170,John Anderson,272,D,Economy
104171,Alex Anderson,416,C,Economy
104172,Laura Taylor,1185,B,Economy
104173,Sarah Thomas,1162,D,Economy
104174,Chris Johnson,1084,C,Economy
104175,Chris Jackson,1606,F,Economy
104176,Chris Brown,882,B,Economy
104177,Laura Thomas,1183,A,Economy
104178,David White,1551,C,Economy
104179,Michael Anderson,228,E,Economy
104180,Chris Martin,309,A,Economy
104181,David Harris,1036,D,Economy
104182,Chris Jackson,1283,B,Economy
104183,Laura White,211,D,Economy
104184,John Taylor,1469,A,Economy
104185,Michael Martin,111,C,Economy
104186,Sarah Smith,1550,E,Economy
104187,Laura Brown,299,B,Economy
104188,David Harris,479,D,Economy
104189,Alex Anderson,1054,B,Economy
104190,Alex Martin,1068,C,Economy
104191,John Taylor,49,F,Economy
104192,David Martin,834,B,Economy
104193,John Smith,371,E,Economy
104194,David Martin,1062,D,Economy
104195,Katie Taylor,662,A,Economy
104196,Jane Anderson,227,A,Economy
104197,Michael Jackson,1159,F,Economy
104198,Alex Smith,548,B,Economy
104199,Alex Martin,1638,F,Economy
104200,David Jackson,801,D,Economy
104201,Chris Anderson,517,A,Economy
104202,John Thomas,1627,B,Economy
104203,Chris Jackson,972,E,Economy
104204,Jane Harris,1200,D,Economy
104205,Chris Harris,1433,D,Economy
104206,Jane Anderson,858,A,Economy
104207,Michael Brown,922,A,Economy
104208,Jane Thomas,711,F,Economy
104209,Chris Taylor,641,A,Economy
104210,John Martin,843,C,Economy
104211,Michael Smith,881,B,Economy
104212,Chris White,492,A,Economy
104213,Michael Brown,402,F,Economy
104214,Laura Johnson,479,A,Economy
104215,Chris Anderson,191,B,Economy
104216,Laura Thomas,1412,F,Economy
104217,Chris Anderson,1567,E,Economy
104218,Laura Smith,432,E,Economy
104219,Laura Harris,1490,A,Economy
104220,Katie White,871,F,Economy
104221,Laura Anderson,1647,B,Economy
104222,Sarah Taylor,1079,E,Economy
104223,John Martin,489,B,Economy
104224,Michael Harris,1657,E,Economy
104225,Michael Martin,428,E,Economy
104226,Jane White,930,A,Economy
104227,John Martin,208,D,Economy
104228,Chris Taylor,136,B,Economy
104229,Michael Johnson,629,A,Economy
104230,Katie Martin,381,F,Economy
104231,Katie Anderson,1516,D,Economy
104232,John Brown,707,A,Economy
104233,Chris Harris,1044,E,Economy
104234,Katie Brown,579,C,Economy
104235,Sarah White,47,F,Economy
104236,Alex Harris,830,B,Economy
104237,Michael Johnson,1233,B,Economy
104238,John Harris,648,E,Economy
104239,Alex Smith,1527,D,Economy
104240,Laura Brown,677,D,Economy
104241,Emily White,1106,D,Economy
104242,Sarah Martin,809,C,Economy
104243,Emily Jackson,717,B,Economy
104244,Chris Martin,1318,A,Economy
104245,Jane Martin,646,C,Economy
104246,Michael Harris,1365,E,Economy
104247,David Brown,1311,B,Economy
104248,Katie Brown,1663,F,Economy
104249,David Smith,1541,E,Economy
104250,John Taylor,926,F,Economy
104251,Michael Brown,517,C,Economy
104252,Sarah Thomas,550,F,Economy
104253,David Harris,504,A,Economy
104254,Alex Johnson,1522,D,Economy
104255,Sarah Anderson,656,C,Economy
104256,David Jackson,305,F,Economy
104257,Katie Johnson,1164,B,Economy
104258,Emily White,773,F,Economy
104259,David Thomas,112,D,Economy
104260,Jane Harris,1125,C,Economy
104261,Emily Johnson,551,E,Economy
104262,John Brown,1666,C,Economy
104263,Jane Harris,986,E,Economy
104264,Laura White,551,D,Economy
104265,Sarah White,136,C,Economy
104266,Emily Brown,296,E,Economy
104267,Laura Johnson,854,E,Economy
104268,Michael Smith,550,A,Economy
104269,Jane Johnson,185,B,Economy
104270,Emily Martin,1161,C,Economy
104271,Jane Johnson,1168,C,Economy
104272,Chris White,499,A,Economy
104273,Laura Harris,200,B,Economy
104274,Chris Johnson,1222,D,Economy
104275,Sarah Jackson,1168,D,Economy
104276,Jane Jackson,343,F,Economy
104277,Chris Jackson,625,F,Economy
104278,Alex Taylor,1210,B,Economy
104279,Emily Jackson,32,F,Economy
104280,Alex Harris,851,D,Economy
104281,Katie White,511,F,Economy
104282,Chris Anderson,953,C,Economy
104283,Katie Taylor,76,E,Economy
104284,John Harris,634,F,Economy
104285,Michael Johnson,997,B,Economy
104286,David Martin,1440,E,Economy
104287,Michael White,302,E,Economy
104288,Sarah Taylor,1117,A,Economy
104289,Sarah Taylor,1574,E,Economy
104290,Michael Brown,1009,D,Economy
104291,David Martin,167,A,Economy
104292,Chris Johnson,1491,D,Economy
104293,Jane Taylor,798,C,Economy
104294,Katie Harris,505,D,Economy
104295,Emily Jackson,520,A,Economy
104296,Michael White,1563,E,Economy
104297,Michael White,298,A,Economy
104298,Michael Anderson,725,F,Economy
104299,David Anderson,449,C,Economy
104300,Emily Anderson,1281,B,Economy
104301,Chris Martin,1030,A,Economy
104302,John Thomas,304,B,Economy
104303,Jane Harris,774,E,Economy
104304,David Martin,1102,D,Economy
104305,Laura Brown,1153,F,Economy
104306,Michael Thomas,200,D,Economy
104307,Laura Martin,398,D,Economy
104308,David Smith,709,D,Economy
104309,Emily Harris,893,A,Economy
104310,Chris Thomas,174,C,Economy
104311,Katie Taylor,1358,D,Economy
104312,Laura Thomas,1079,D,Economy
104313,Sarah Johnson,888,F,Economy
104314,Chris Smith,1599,B,Economy
104315,Katie Brown,261,C,Economy
104316,Chris White,825,A,Economy
104317,Jane White,1588,D,Economy
104318,Jane Brown,1641,A,Economy
104319,Sarah Harris,708,E,Economy
104320,David Jackson,784,A,Economy
104321,Alex Brown,1512,C,Economy
104322,Jane Smith,986,A,Economy
104323,Laura Thomas,1392,A,Economy
104324,Jane Anderson,228,D,Economy
104325,Chris Brown,1237,E,Economy
104326,Chris Thomas,855,B,Economy
104327,David Thomas,920,F,Economy
104328,Alex Martin,249,A,Economy
104329,Chris Smith,369,F,Economy
104330,Sarah Brown,284,D,Economy
104331,Sarah Johnson,1165,F,Economy
104332,Chris Anderson,992,D,Economy
104333,Jane Thomas,509,C,Economy
104334,Chris Anderson,946,B,Economy
104335,Laura Thomas,285,D,Economy
104336,Jane White,722,F,Economy
104337,Michael Johnson,644,B,Economy
104338,Jane Smith,136,A,Economy
104339,Chris Taylor,876,D,Economy
104340,Sarah White,383,B,Economy
104341,Emily Smith,429,C,Economy
104342,Emily Brown,1031,F,Economy
104343,Jane Smith,182,E,Economy
104344,Chris Smith,274,B,Economy
104345,Sarah Brown,1410,E,Economy
104346,Chris Martin,611,C,Economy
104347,Chris Harris,1294,D,Economy
104348,Sarah Smith,1074,A,Economy
104349,Jane White,806,D,Economy
104350,Sarah Jackson,715,C,Economy
104351,Chris Jackson,630,B,Economy
104352,Alex Harris,898,D,Economy
104353,Emily White,439,A,Economy
104354,Sarah Harris,1628,B,Economy
104355,Alex Anderson,339,D,Economy
104356,Emily Taylor,1532,D,Economy
104357,Jane Harris,555,E,Economy
104358,Katie White,460,A,Economy
104359,Laura Thomas,866,A,Economy
104360,Emily Anderson,304,F,Economy
104361,Laura Jackson,420,A,Economy
104362,David Thomas,689,E,Economy
104363,Chris Smith,53,F,Economy
104364,Jane White,1448,D,Economy
104365,Michael Anderson,1432,C,Economy
104366,David Thomas,1642,C,Economy
104367,Michael Johnson,1336,E,Economy
104368,Alex Martin,1659,E,Economy
104369,John Johnson,1098,C,Economy
104370,Katie Thomas,258,B,Economy
104371,Emily White,628,D,Economy
104372,Sarah White,1413,C,Economy
104373,David Taylor,822,E,Economy
104374,Alex Smith,611,B,Economy
104375,Emily Smith,410,B,Economy
104376,Sarah Jackson,129,C,Economy
104377,John White,1363,A,Economy
104378,Emily Anderson,1320,F,Economy
104379,Chris Brown,1342,E,Economy
104380,Michael White,1582,C,Economy
104381,Michael Johnson,1077,C,Economy
104382,Alex Thomas,1370,A,Economy
104383,Alex Jackson,1427,E,Economy
104384,Michael Martin,642,C,Economy
104385,Jane Johnson,914,C,Economy
104386,Emily Johnson,1578,F,Economy
104387,Jane Anderson,971,B,Economy
104388,David Johnson,1397,C,Economy
104389,Sarah Harris,265,E,Economy
104390,Sarah Martin,635,B,Economy
104391,Michael Anderson,889,E,Economy
104392,John Jackson,690,C,Economy
104393,David Anderson,948,C,Economy
104394,John Harris,546,D,Economy
104395,Jane Anderson,1367,A,Economy
104396,Chris Jackson,283,A,Economy
104397,Alex Jackson,1304,C,Economy
104398,Alex Jackson,1101,B,Economy
104399,Chris Martin,1334,E,Economy
104400,Sarah Jackson,144,D,Economy
104401,Chris Thomas,1405,C,Economy
104402,Chris Thomas,1158,A,Economy
104403,Laura Johnson,1656,E,Economy
104404,John Taylor,1541,B,Economy
104405,David Martin,940,A,Economy
104406,Michael Thomas,70,F,Economy
104407,Emily Anderson,595,E,Economy
104408,Katie Jackson,50,D,Economy
104409,Katie Thomas,1088,D,Economy
104410,Emily Brown,1420,E,Economy
104411,Alex Anderson,1231,D,Economy
104412,John Johnson,487,E,Economy
104413,Alex Martin,1399,A,Economy
104414,John Smith,185,F,Economy
104415,Michael Taylor,1401,F,Economy
104416,Chris Anderson,353,B,Economy
104417,Alex Johnson,938,B,Economy
104418,Michael Taylor,889,D,Economy
104419,Emily Harris,1179,A,Economy
104420,Katie White,608,F,Economy
104421,Laura Thomas,357,A,Economy
104422,Laura Brown,1108,D,Economy
104423,Alex Taylor,1395,E,Economy
104424,John Taylor,1201,A,Economy
104425,Emily Anderson,367,B,Economy
104426,Alex Anderson,1254,A,Economy
104427,Laura Thomas,1439,C,Economy
104428,Michael White,175,B,Economy
104429,Sarah Jackson,1247,A,Economy
104430,Emily Thomas,1296,C,Economy
104431,Jane Martin,39,C,Economy
104432,Laura Johnson,1575,E,Economy
104433,Jane White,187,B,Economy
104434,David Jackson,1157,F,Economy
104435,Emily White,1174,C,Economy
104436,John Brown,1488,F,Economy
104437,Michael Anderson,482,F,Economy
104438,Laura White,730,C,Economy
104439,Katie Anderson,721,E,Economy
104440,Katie Martin,341,E,Economy
104441,Alex Anderson,1617,F,Economy
104442,Chris Jackson,336,D,Economy
104443,David Taylor,761,F,Economy
104444,John Harris,1406,B,Economy
104445,Emily Martin,1156,F,Economy
104446,Katie Thomas,706,F,Economy
104447,Jane White,831,B,Economy
104448,Katie Brown,1052,A,Economy
104449,Sarah Johnson,601,E,Economy
104450,Emily Anderson,1166,D,Economy
104451,Sarah Thomas,1018,B,Economy
104452,Sarah Jackson,215,B,Economy
104453,Jane Anderson,823,B,Economy
104454,Michael Johnson,283,D,Economy
104455,Jane Anderson,157,B,Economy
104456,Laura Thomas,930,B,Economy
104457,Katie Brown,1433,A,Economy
104458,Sarah Johnson,804,B,Economy
104459,John Johnson,584,C,Economy
104460,Jane Smith,1261,D,Economy
104461,Sarah Martin,1357,D,Economy
104462,Michael Thomas,370,B,Economy
104463,Sarah Thomas,859,F,Economy
104464,Sarah Harris,225,A,Economy
104465,John Anderson,894,C,Economy
104466,Emily Anderson,202,C,Economy
104467,David Harris,1550,C,Economy
104468,John Johnson,903,C,Economy
104469,Laura White,871,B,Economy
104470,Emily Anderson,1209,D,Economy
104471,John Johnson,245,E,Economy
104472,Alex Smith,1447,F,Economy
104473,John Anderson,1239,C,Economy
104474,Michael Anderson,1162,F,Economy
104475,Alex Anderson,239,F,Economy
104476,Emily Harris,1336,A,Economy
104477,John Smith,464,C,Economy
104478,Sarah Jackson,135,E,Economy
104479,Michael Jackson,831,C,Economy
104480,Chris Harris,565,F,Economy
104481,Emily Anderson,893,F,Economy
104482,Chris Smith,47,C,Economy
104483,Michael Thomas,1087,D,Economy
104484,Sarah Martin,1621,B,Economy
104485,John Jackson,660,E,Economy
104486,John Brown,297,C,Economy
104487,David Martin,1547,D,Economy
104488,John Johnson,318,F,Economy
104489,Jane Smith,1293,B,Economy
104490,Katie Martin,818,F,Economy
104491,Laura Martin,1497,F,Economy
104492,Chris Brown,1567,B,Economy
104493,Katie Harris,518,C,Economy
104494,Chris Anderson,591,E,Economy
104495,Sarah Thomas,72,B,Economy
104496,Michael Smith,336,E,Economy
104497,Chris Jackson,1272,C,Economy
104498,David Anderson,1333,F,Economy
104499,Alex Brown,129,E,Economy
104500,Alex Johnson,129,A,Economy
104501,Katie Anderson,379,F,Economy
104502,Michael Anderson,1417,A,Economy
104503,Laura White,78,D,Economy
104504,Sarah Jackson,617,E,Economy
104505,Michael Harris,408,B,Economy
104506,Chris Anderson,94,F,Economy
104507,Sarah White,1369,C,Economy
104508,Jane Brown,1449,B,Economy
104509,Katie Anderson,1191,B,Economy
104510,John Harris,729,B,Economy
104511,Emily Thomas,1233,F,Economy
104512,Sarah Johnson,1340,D,Economy
104513,Michael Jackson,1512,A,Economy
104514,David White,990,C,Economy
104515,John Martin,84,C,Economy
104516,Alex White,1125,F,Economy
104517,Emily Martin,527,C,Economy
104518,Michael Brown,914,D,Economy
104519,Chris Brown,816,F,Economy
104520,Sarah Johnson,75,A,Economy
104521,Katie Thomas,780,E,Economy
104522,Katie Brown,872,C,Economy
104523,Emily Smith,500,B,Economy
104524,Laura Brown,170,A,Economy
104525,Michael Thomas,1465,D,Economy
104526,David Taylor,264,F,Economy
104527,Jane Harris,1579,B,Economy
104528,Emily Johnson,792,D,Economy
104529,Sarah Anderson,312,C,Economy
104530,Laura Anderson,1190,A,Economy
104531,John Martin,304,A,Economy
104532,Laura Johnson,170,D,Economy
104533,David Brown,367,E,Economy
104534,John Martin,1106,A,Economy
104535,Katie Jackson,1597,A,Economy
104536,Emily Smith,1327,C,Economy
104537,Katie Johnson,1066,A,Economy
104538,John Anderson,1217,D,Economy
104539,Sarah Harris,449,E,Economy
104540,Sarah Johnson,1180,A,Economy
104541,Michael Anderson,1649,D,Economy
104542,Katie Martin,1070,B,Economy
104543,Jane White,942,D,Economy
104544,Laura Johnson,1293,A,Economy
104545,Alex Harris,322,B,Economy
104546,Sarah Jackson,533,C,Economy
104547,John Thomas,1197,E,Economy
104548,Chris Smith,1266,D,Economy
104549,Emily Brown,1068,E,Economy
104550,Sarah Thomas,957,E,Economy
104551,Jane Smith,440,F,Economy
104552,Laura Brown,1209,F,Economy
104553,Laura Johnson,301,D,Economy
104554,Michael Martin,523,D,Economy
104555,Emily Harris,419,C,Economy
104556,Jane Johnson,635,F,Economy
104557,John Taylor,636,B,Economy
104558,Chris White,1570,C,Economy
104559,Katie Brown,474,B,Economy
104560,Alex Taylor,474,A,Economy
104561,Laura Taylor,825,B,Economy
104562,Sarah Johnson,1372,C,Economy
104563,Katie Martin,1546,D,Economy
104564,Jane Thomas,677,F,Economy
104565,Emily Harris,1064,C,Economy
104566,Emily Brown,43,C,Economy
104567,Emily Johnson,987,B,Economy
104568,Sarah Johnson,474,C,Economy
104569,Laura Thomas,423,D,Economy
104570,Michael Johnson,365,E,Economy
104571,Katie Martin,153,C,Economy
104572,Sarah Johnson,710,B,Economy
104573,Michael Harris,996,C,Economy
104574,Sarah Anderson,1424,C,Economy
104575,Alex Brown,1253,B,Economy
104576,John Taylor,720,E,Economy
104577,Michael Jackson,115,F,Economy
104578,Chris Brown,34,E,Economy
104579,Katie Martin,813,D,Economy
104580,Chris Thomas,193,E,Economy
104581,Alex Harris,376,B,Economy
104582,Emily Anderson,1540,C,Economy
104583,Chris Thomas,1011,C,Economy
104584,Laura Harris,1467,D,Economy
104585,Katie Jackson,1443,C,Economy
104586,Sarah Jackson,729,D,Economy
104587,John Taylor,295,F,Economy
104588,Katie Johnson,89,C,Economy
104589,Sarah Harris,421,E,Economy
104590,Jane Harris,1295,D,Economy
104591,Emily Harris,169,E,Economy
104592,Katie Taylor,638,F,Economy
104593,Jane Anderson,1012,D,Economy
104594,Michael Smith,733,C,Economy
104595,David Smith,898,B,Economy
104596,Laura Smith,1333,B,Economy
104597,David Jackson,49,B,Economy
104598,Laura Taylor,1446,B,Economy
104599,Chris Brown,649,C,Economy
104600,John Jackson,1599,C,Economy
104601,Katie Martin,1322,D,Economy
104602,Michael Thomas,1082,C,Economy
104603,David Jackson,829,B,Economy
104604,Alex Taylor,706,C,Economy
104605,Laura White,1546,C,Economy
104606,John Smith,425,E,Economy
104607,Katie Anderson,1439,E,Economy
104608,John Brown,798,A,Economy
104609,Michael Jackson,1110,A,Economy
104610,Jane Harris,1372,A,Economy
104611,Chris Harris,1474,B,Economy
104612,David Anderson,1102,B,Economy
104613,Katie Smith,1044,A,Economy
104614,Jane Martin,633,A,Economy
104615,Michael Jackson,848,F,Economy
104616,Sarah Harris,1656,C,Economy
104617,Katie Jackson,1208,C,Economy
104618,David Taylor,1013,F,Economy
104619,John Brown,35,C,Economy
104620,John Taylor,920,A,Economy
104621,Katie Thomas,1105,D,Economy
104622,Michael Thomas,1202,A,Economy
104623,David Brown,1637,D,Economy
104624,Michael Smith,603,F,Economy
104625,Jane Martin,240,C,Economy
104626,Jane Smith,778,C,Economy
104627,Sarah Martin,135,B,Economy
104628,Jane Smith,1542,F,Economy
104629,Chris Martin,357,F,Economy
104630,Katie Anderson,1215,B,Economy
104631,Sarah White,1356,E,Economy
104632,John Martin,1303,B,Economy
104633,Laura Johnson,968,B,Economy
104634,John Jackson,1230,A,Economy
104635,Laura Smith,821,F,Economy
104636,Laura Brown,44,A,Economy
104637,Chris Smith,1504,B,Economy
104638,John White,253,C,Economy
104639,Jane Thomas,158,B,Economy
104640,Alex White,453,C,Economy
104641,Laura White,949,C,Economy
104642,Katie Jackson,141,A,Economy
104643,Alex Martin,60,B,Economy
104644,Alex Thomas,838,C,Economy
104645,John Smith,1543,D,Economy
104646,Chris Thomas,269,C,Economy
104647,Chris Taylor,625,A,Economy
104648,Chris Smith,1209,B,Economy
104649,Jane Johnson,1312,F,Economy
104650,David Anderson,1398,A,Economy
104651,Katie White,1548,B,Economy
104652,Michael Taylor,1090,E,Economy
104653,Chris Jackson,434,F,Economy
104654,Alex Johnson,1151,D,Economy
104655,Katie Johnson,1547,B,Economy
104656,Jane Anderson,1128,C,Economy
104657,Laura Jackson,175,F,Economy
104658,Sarah Brown,532,F,Economy
104659,David Thomas,1570,B,Economy
104660,Michael White,1152,D,Economy
104661,Emily Johnson,1201,C,Economy
104662,Michael Thomas,191,E,Economy
104663,Michael Johnson,1325,F,Economy
104664,Jane Taylor,1423,E,Economy
104665,Alex Brown,887,E,Economy
104666,Chris Anderson,254,E,Economy
104667,Chris Jackson,952,F,Economy
104668,Alex Smith,578,F,Economy
104669,Chris Smith,211,B,Economy
104670,Chris Smith,1064,F,Economy
104671,John Smith,1281,F,Economy
104672,Chris Anderson,99,B,Economy
104673,Alex Harris,1012,B,Economy
104674,Chris White,1126,B,Economy
104675,John Taylor,1010,A,Economy
104676,Chris White,276,D,Economy
104677,Michael Smith,1204,D,Economy
104678,Michael Thomas,967,C,Economy
104679,Alex Martin,1084,D,Economy
104680,Laura Anderson,654,E,Economy
104681,Chris Thomas,687,B,Economy
104682,Michael Anderson,1100,C,Economy
104683,Sarah Jackson,767,E,Economy
104684,Michael Johnson,105,C,Economy
104685,Katie Smith,989,D,Economy
104686,Chris White,1653,D,Economy
104687,Sarah White,1239,E,Economy
104688,Laura Harris,539,E,Economy
104689,Michael White,461,D,Economy
104690,Alex Johnson,473,D,Economy
104691,David Thomas,656,E,Economy
104692,David Jackson,557,E,Economy
104693,Laura Thomas,638,B,Economy
104694,John Harris,838,F,Economy
104695,Laura Harris,1062,C,Economy
104696,Emily Brown,1518,A,Economy
104697,Alex Thomas,1552,E,Economy
104698,Laura Thomas,1552,F,Economy
104699,Chris Thomas,1402,A,Economy
104700,David White,303,E,Economy
104701,Katie Anderson,716,C,Economy
104702,Katie Harris,566,C,Economy
104703,David Johnson,1552,D,Economy
104704,Katie Martin,519,C,Economy
104705,Emily Thomas,79,C,Economy
104706,Michael Thomas,842,F,Economy
104707,Emily Johnson,1034,B,Economy
104708,Katie Martin,1501,C,Economy
104709,Alex Taylor,264,C,Economy
104710,Katie Martin,1192,E,Economy
104711,Laura Brown,597,E,Economy
104712,Katie Harris,795,E,Economy
104713,David Martin,1087,F,Economy
104714,Emily Thomas,85,F,Economy
104715,Emily White,791,B,Economy
104716,Michael Martin,372,E,Economy
104717,Michael Jackson,118,E,Economy
104718,Emily Brown,1481,E,Economy
104719,John Smith,339,C,Economy
104720,Emily White,1268,C,Economy
104721,Chris Jackson,1056,B,Economy
104722,Katie Brown,493,A,Economy
104723,Jane Martin,1576,E,Economy
104724,John White,1534,E,Economy
104725,John Anderson,655,F,Economy
104726,Jane Thomas,201,D,Economy
104727,Jane Martin,775,A,Economy
104728,Jane Harris,593,F,Economy
104729,Chris Smith,208,A,Economy
104730,Alex Brown,155,F,Economy
104731,Jane Anderson,1315,B,Economy
104732,Michael Taylor,878,E,Economy
104733,Chris Thomas,1322,E,Economy
104734,Katie Taylor,418,E,Economy
104735,Sarah Johnson,1151,E,Economy
104736,David Thomas,685,F,Economy
104737,Michael Johnson,1241,D,Economy
104738,David Thomas,1362,F,Economy
104739,John Smith,716,E,Economy
104740,Alex Taylor,1252,F,Economy
104741,Katie Smith,121,D,Economy
104742,Sarah White,804,A,Economy
104743,Jane Johnson,1583,A,Economy
104744,Sarah Jackson,1614,A,Economy
104745,Emily Jackson,141,D,Economy
104746,John Thomas,865,F,Economy
104747,Michael Taylor,1550,D,Economy
104748,Sarah Brown,399,F,Economy
104749,Katie Anderson,1421,E,Economy
104750,Alex Johnson,1600,C,Economy
104751,Sarah Johnson,1422,A,Economy
104752,David White,621,F,Economy
104753,Jane Taylor,1652,D,Economy
104754,Laura Jackson,1207,A,Economy
104755,Jane Anderson,1234,A,Economy
104756,Emily Harris,275,F,Economy
104757,Laura Thomas,33,B,Economy
104758,Sarah Harris,577,B,Economy
104759,Michael White,1241,E,Economy
104760,Sarah Jackson,168,B,Economy
104761,David Martin,364,D,Economy
104762,Alex Brown,504,F,Economy
104763,Laura Harris,295,D,Economy
104764,Laura Smith,549,D,Economy
104765,Katie Anderson,1366,B,Economy
104766,Jane Jackson,459,B,Economy
104767,David Harris,939,F,Economy
104768,Jane Thomas,1245,C,Economy
104769,Chris Harris,1486,A,Economy
104770,Michael Martin,261,D,Economy
104771,Katie Harris,735,B,Economy
104772,Laura Smith,1605,B,Economy
104773,Alex Johnson,93,C,Economy
104774,Katie Smith,1001,C,Economy
104775,Jane White,1211,C,Economy
104776,Emily Harris,651,E,Economy
104777,Laura Johnson,200,A,Economy
104778,John Thomas,1162,A,Economy
104779,John Taylor,793,A,Economy
104780,Sarah Anderson,81,E,Economy
104781,Alex Jackson,171,D,Economy
104782,Jane Brown,1243,B,Economy
104783,Emily Johnson,1576,C,Economy
104784,Sarah Harris,808,E,Economy
104785,Emily White,695,A,Economy
104786,Chris Harris,480,E,Economy
104787,Chris Harris,524,C,Economy
104788,Emily Johnson,1025,C,Economy
104789,Jane White,33,F,Economy
104790,John Anderson,450,C,Economy
104791,Michael White,420,F,Economy
104792,David Smith,764,C,Economy
104793,Michael Jackson,784,F,Economy
104794,Sarah Thomas,123,F,Economy
104795,Jane Anderson,576,A,Economy
104796,Laura White,251,A,Economy
104797,Sarah Harris,997,F,Economy
104798,David Johnson,1639,E,Economy
104799,Laura Martin,158,D,Economy
104800,Chris Harris,273,A,Economy
104801,Katie White,333,D,Economy
104802,Sarah Jackson,1538,D,Economy
104803,Sarah Johnson,1413,A,Economy
104804,Jane Thomas,371,D,Economy
104805,Emily White,830,A,Economy
104806,John Thomas,816,B,Economy
104807,Sarah Jackson,668,B,Economy
104808,David Taylor,379,E,Economy
104809,Emily Harris,1420,D,Economy
104810,Chris Taylor,1056,D,Economy
104811,Alex Harris,313,F,Economy
104812,Katie Taylor,213,A,Economy
104813,Sarah Thomas,157,A,Economy
104814,Sarah White,646,F,Economy
104815,Laura White,608,B,Economy
104816,Katie Taylor,1419,F,Economy
104817,Sarah Martin,1486,B,Economy
104818,Chris Jackson,474,F,Economy
104819,Chris Brown,1486,C,Economy
104820,Laura Jackson,708,A,Economy
104821,Laura Jackson,1296,A,Economy
104822,David Anderson,1155,E,Economy
104823,David Taylor,1219,D,Economy
104824,Katie Martin,1545,F,Economy
104825,Jane Brown,266,D,Economy
104826,David Taylor,68,F,Economy
104827,David Jackson,1147,C,Economy
104828,Chris Harris,600,A,Economy
104829,Jane Thomas,1014,C,Economy
104830,Alex Johnson,321,A,Economy
104831,Laura Taylor,1492,D,Economy
104832,Michael Brown,511,B,Economy
104833,John Smith,1185,C,Economy
104834,John Martin,814,A,Economy
104835,David Smith,968,C,Economy
104836,Alex Thomas,599,E,Economy
104837,Emily Anderson,1631,D,Economy
104838,Alex Jackson,1415,E,Economy
104839,David White,560,A,Economy
104840,Katie Harris,881,D,Economy
104841,Laura Martin,1204,A,Economy
104842,Laura Jackson,1496,C,Economy
104843,Jane Jackson,1375,B,Economy
104844,John Harris,563,C,Economy
104845,John White,1638,B,Economy
104846,Jane Harris,1108,F,Economy
104847,Emily Thomas,1297,F,Economy
104848,Chris Jackson,1632,B,Economy
104849,John Anderson,359,B,Economy
104850,Michael Johnson,181,B,Economy
104851,Michael Thomas,315,B,Economy
104852,Jane Brown,812,D,Economy
104853,David Jackson,915,D,Economy
104854,Laura Harris,909,E,Economy
104855,Sarah Brown,983,D,Economy
104856,Alex Brown,701,E,Economy
104857,Chris Taylor,754,B,Economy
104858,Chris Thomas,1023,F,Economy
104859,John White,909,B,Economy
104860,Emily Johnson,750,D,Economy
104861,Sarah Jackson,1249,A,Economy
104862,Michael Brown,1207,D,Economy
104863,Katie Anderson,62,C,Economy
104864,Emily Harris,955,C,Economy
104865,Laura Johnson,982,D,Economy
104866,Emily Martin,602,A,Economy
104867,Laura Martin,624,B,Economy
104868,Alex Thomas,1205,D,Economy
104869,David Brown,1276,A,Economy
104870,Chris Brown,48,C,Economy
104871,Emily Anderson,1633,B,Economy
104872,John Thomas,102,D,Economy
104873,Laura Harris,100,C,Economy
104874,David Thomas,1330,A,Economy
104875,Chris Brown,1025,B,Economy
104876,David Jackson,714,C,Economy
104877,Chris Smith,1319,B,Economy
104878,John Johnson,1020,C,Economy
104879,Katie Anderson,1132,E,Economy
104880,Katie Brown,1641,E,Economy
104881,Emily Johnson,1300,B,Economy
104882,Alex Brown,276,F,Economy
104883,John Johnson,1460,C,Economy
104884,Jane White,1346,D,Economy
104885,John Harris,1082,E,Economy
104886,Sarah Johnson,1638,A,Economy
104887,Michael Anderson,300,A,Economy
104888,Jane Thomas,574,E,Economy
104889,Chris Taylor,1380,C,Economy
104890,Chris Jackson,1349,C,Economy
104891,Emily Thomas,1379,A,Economy
104892,Emily Harris,1661,D,Economy
104893,John Taylor,1504,F,Economy
104894,Emily Anderson,1372,D,Economy
104895,Chris Anderson,789,B,Economy
104896,John Martin,771,A,Economy
104897,Michael Harris,746,E,Economy
104898,Katie Johnson,106,E,Economy
104899,Michael White,209,F,Economy
104900,Sarah Martin,1340,B,Economy
104901,Jane Smith,631,A,Economy
104902,Alex Martin,990,B,Economy
104903,Katie Smith,1546,F,Economy
104904,Jane Jackson,256,C,Economy
104905,Katie Taylor,1288,C,Economy
104906,Laura Martin,1194,E,Economy
104907,Jane Jackson,1238,E,Economy
104908,Alex Smith,849,F,Economy
104909,Laura Smith,490,C,Economy
104910,Emily Thomas,1591,F,Economy
104911,David Anderson,841,E,Economy
104912,Jane Johnson,424,F,Economy
104913,Laura Thomas,1419,E,Economy
104914,David White,1476,C,Economy
104915,Jane Harris,865,C,Economy
104916,Emily White,691,E,Economy
104917,Michael Smith,1132,C,Economy
104918,Michael Thomas,344,C,Economy
104919,Alex Harris,1288,B,Economy
104920,John White,439,F,Economy
104921,Jane Johnson,1432,A,Economy
104922,Michael Harris,529,E,Economy
104923,John White,1033,E,Economy
104924,Sarah Martin,89,F,Economy
104925,Sarah Brown,1414,B,Economy
104926,Sarah Anderson,966,A,Economy
104927,Emily Jackson,1333,A,Economy
104928,Jane Taylor,1176,E,Economy
104929,Jane Johnson,143,B,Economy
104930,Laura Taylor,1129,F,Economy
104931,Alex Martin,1458,D,Economy
104932,Katie Harris,769,C,Economy
104933,Chris Johnson,752,E,Economy
104934,Chris Brown,90,A,Economy
104935,Jane Brown,1537,C,Economy
104936,Laura Taylor,710,A,Economy
104937,Katie Johnson,1242,D,Economy
104938,Chris Thomas,1342,B,Economy
104939,Emily Johnson,34,C,Economy
104940,Katie Taylor,1055,A,Economy
104941,Alex Brown,44,E,Economy
104942,John Martin,868,C,Economy
104943,Laura Martin,1396,F,Economy
104944,Laura Taylor,1621,F,Economy
104945,Chris Smith,317,C,Economy
104946,Jane Taylor,890,F,Economy
104947,Alex Johnson,270,D,Economy
104948,John Taylor,801,F,Economy
104949,Laura Brown,1203,D,Economy
104950,David Harris,87,E,Economy
104951,Jane Smith,1455,F,Economy
104952,Sarah Brown,688,B,Economy
104953,Alex Johnson,1528,B,Economy
104954,Chris Smith,988,E,Economy
104955,Katie Jackson,749,A,Economy
104956,Sarah Martin,316,E,Economy
104957,Katie Jackson,737,A,Economy
104958,David Harris,1183,B,Economy
104959,Laura Taylor,361,F,Economy
104960,Emily Jackson,777,B,Economy
104961,Emily Martin,834,F,Economy
104962,Emily Brown,107,D,Economy
104963,Jane Johnson,1538,B,Economy
104964,Jane Martin,404,F,Economy
104965,Alex Harris,291,A,Economy
104966,Emily Smith,1558,E,Economy
104967,Michael Anderson,1313,B,Economy
104968,Sarah Jackson,1028,D,Economy
104969,Chris Thomas,764,D,Economy
104970,Emily Brown,1085,B,Economy
104971,David Martin,633,D,Economy
104972,Katie Jackson,432,D,Economy
104973,Alex White,1636,A,Economy
104974,Katie Thomas,1411,B,Economy
104975,Katie Harris,423,C,Economy
104976,Michael Taylor,1096,D,Economy
104977,Alex White,1505,A,Economy
104978,Sarah White,282,C,Economy
104979,Sarah Harris,263,D,Economy
104980,David Taylor,33,E,Economy
104981,Katie Brown,336,C,Economy
104982,Michael Martin,222,B,Economy
104983,John Harris,238,B,Economy
104984,Alex Smith,933,F,Economy
104985,John Martin,1475,A,Economy
104986,Michael Harris,1190,D,Economy
104987,Sarah White,752,F,Economy
104988,Chris Brown,44,F,Economy
104989,Emily Jackson,1360,B,Economy
104990,Emily Martin,1542,B,Economy
104991,Chris Harris,417,B,Economy
104992,Chris Smith,364,B,Economy
104993,Michael Harris,1650,E,Economy
104994,Chris Taylor,216,D,Economy
104995,Jane Anderson,1299,C,Economy
104996,David Anderson,976,A,Economy
104997,David Taylor,302,A,Economy
104998,Alex Martin,1476,F,Economy
104999,Michael Brown,811,C,Economy
105000,Laura Smith,1661,F,Economy
105001,Alex Jackson,552,A,Economy
105002,Alex Thomas,959,C,Economy
105003,Laura Smith,805,E,Economy
105004,Katie Harris,109,B,Economy
105005,Chris White,911,C,Economy
105006,Laura Thomas,1403,B,Economy
105007,Michael Smith,360,C,Economy
105008,Emily Taylor,515,B,Economy
105009,Katie Smith,836,C,Economy
105010,Laura Jackson,1349,A,Economy
105011,Michael White,1294,E,Economy
105012,Katie Jackson,318,B,Economy
105013,Emily Thomas,1159,E,Economy
105014,Laura Anderson,328,D,Economy
105015,David Jackson,714,D,Economy
105016,Chris White,1465,E,Economy
105017,Laura White,1453,F,Economy
105018,Emily Martin,1285,C,Economy
105019,Jane Jackson,790,B,Economy
105020,Jane Jackson,185,E,Economy
105021,Michael Martin,474,E,Economy
105022,Sarah Martin,1539,E,Economy
105023,Laura Harris,1229,C,Economy
105024,Laura Jackson,1189,F,Economy
105025,David Taylor,1514,C,Economy
105026,Michael Smith,1348,E,Economy
105027,David Anderson,100,E,Economy
105028,Michael Brown,1300,E,Economy
105029,Michael White,1320,E,Economy
105030,Alex Johnson,360,F,Economy
105031,Alex Taylor,739,C,Economy
105032,Michael Brown,370,E,Economy
105033,Laura Taylor,162,C,Economy
105034,Alex Smith,612,C,Economy
105035,Jane Anderson,979,D,Economy
105036,Alex Harris,735,E,Economy
105037,Alex Smith,977,C,Economy
105038,Michael Thomas,1456,A,Economy
105039,Laura Johnson,668,C,Economy
105040,Jane Jackson,1650,C,Economy
105041,Sarah Johnson,663,F,Economy
105042,Jane White,985,B,Economy
105043,Jane Johnson,1447,E,Economy
105044,Katie Thomas,660,A,Economy
105045,Sarah Harris,1550,A,Economy
105046,Laura Thomas,622,A,Economy
105047,Michael White,1184,F,Economy
105048,Alex White,1341,E,Economy
105049,Chris Johnson,54,E,Economy
105050,Alex Johnson,1252,E,Economy
105051,John White,1065,D,Economy
105052,Alex Martin,453,E,Economy
105053,Emily Harris,780,D,Economy
105054,Chris Smith,1194,B,Economy
105055,Michael Taylor,203,E,Economy
105056,Michael White,1202,B,Economy
105057,Emily Harris,905,E,Economy
105058,Chris Thomas,747,C,Economy
105059,John Jackson,463,D,Economy
105060,Emily Harris,307,D,Economy
105061,Jane Smith,158,F,Economy
105062,Katie Harris,561,F,Economy
105063,Laura Jackson,74,A,Economy
105064,John Anderson,1014,A,Economy
105065,Alex Jackson,1259,C,Economy
105066,Laura Taylor,1600,A,Economy
105067,John Jackson,160,E,Economy
105068,David Smith,1305,D,Economy
105069,Emily Smith,275,D,Economy
105070,John Anderson,925,E,Economy
105071,Michael Jackson,981,B,Economy
105072,David Thomas,1468,F,Economy
105073,David Smith,836,F,Economy
105074,David Smith,265,C,Economy
105075,Jane Martin,484,C,Economy
105076,Katie Taylor,271,E,Economy
105077,John Martin,1505,E,Economy
105078,John Jackson,55,B,Economy
105079,Chris Smith,423,A,Economy
105080,Chris Harris,762,A,Economy
105081,David Anderson,1576,B,Economy
105082,David White,365,B,Economy
105083,Chris Anderson,1664,E,Economy
105084,Emily Harris,1652,E,Economy
105085,Sarah White,1246,C,Economy
105086,Jane Anderson,460,E,Economy
105087,Jane Anderson,1100,B,Economy
105088,John Johnson,1283,D,Economy
105089,John Brown,1666,A,Economy
105090,Laura Johnson,1529,F,Economy
105091,Jane Anderson,704,F,Economy
105092,Laura Anderson,871,D,Economy
105093,Emily Thomas,50,E,Economy
105094,Emily Brown,962,F,Economy
105095,Alex White,111,E,Economy
105096,Emily Jackson,864,A,Economy
105097,David Taylor,1085,C,Economy
105098,Sarah Martin,193,B,Economy
105099,Emily Thomas,633,F,Economy
105100,Alex Jackson,326,D,Economy
105101,David Smith,1309,D,Economy
105102,Laura Johnson,449,A,Economy
105103,David Taylor,1385,D,Economy
105104,Sarah Anderson,628,A,Economy
105105,John Martin,248,F,Economy
105106,Laura Thomas,1438,B,Economy
105107,Katie Thomas,1484,B,Economy
105108,John Smith,1502,A,Economy
105109,Katie Harris,1349,B,Economy
105110,Emily Thomas,971,A,Economy
105111,Alex Taylor,1573,D,Economy
105112,Chris Jackson,1072,D,Economy
105113,Katie Harris,721,A,Economy
105114,Jane White,507,D,Economy
105115,Emily Johnson,828,F,Economy
105116,Jane Brown,755,F,Economy
105117,Laura Anderson,330,B,Economy
105118,John Anderson,748,F,Economy
105119,Jane Johnson,920,D,Economy
105120,Emily Harris,1424,A,Economy
105121,Jane Martin,1342,F,Economy
105122,Emily Martin,871,E,Economy
105123,John Anderson,420,B,Economy
105124,Katie Taylor,564,E,Economy
105125,Alex Johnson,722,C,Economy
105126,Alex Smith,201,B,Economy
105127,Michael Anderson,1015,A,Economy
105128,Michael Jackson,902,A,Economy
105129,Chris White,698,E,Economy
105130,Emily Brown,692,A,Economy
105131,Sarah Johnson,1517,D,Economy
105132,Michael Brown,867,E,Economy
105133,Emily Thomas,209,D,Economy
105134,Michael White,1466,E,Economy
105135,Chris Martin,735,D,Economy
105136,Emily Taylor,563,F,Economy
105137,Laura Johnson,471,D,Economy
105138,Jane Brown,1061,B,Economy
105139,Emily Harris,938,C,Economy
105140,David Martin,694,C,Economy
105141,Michael Brown,1100,D,Economy
105142,Chris White,352,E,Economy
105143,Alex Martin,929,E,Economy
105144,John Jackson,1089,E,Economy
105145,Jane Anderson,498,F,Economy
105146,Michael White,930,E,Economy
105147,Chris Taylor,508,C,Economy
105148,John Martin,1612,B,Economy
105149,Emily Taylor,1219,C,Economy
105150,Chris Anderson,269,E,Economy
105151,Emily Harris,1168,A,Economy
105152,Emily Johnson,808,F,Economy
105153,Katie Thomas,245,D,Economy
105154,Chris White,1390,E,Economy
105155,Emily Brown,96,B,Economy
105156,Chris Johnson,665,F,Economy
105157,Michael Thomas,817,D,Economy
105158,Jane Anderson,454,F,Economy
105159,Alex White,1583,F,Economy
105160,Sarah Martin,807,E,Economy
105161,Emily Anderson,1170,F,Economy
105162,Sarah Jackson,541,B,Economy
105163,Chris White,1566,C,Economy
105164,Michael Smith,326,E,Economy
105165,David Taylor,1649,C,Economy
105166,Michael Anderson,1609,B,Economy
105167,Chris Thomas,1085,A,Economy
105168,Michael Taylor,417,F,Economy
105169,David Jackson,520,B,Economy
105170,Michael Jackson,1314,B,Economy
105171,Chris Johnson,305,A,Economy
105172,Michael Thomas,1533,F,Economy
105173,Laura Anderson,978,E,Economy
105174,Katie Jackson,555,F,Economy
105175,Emily Anderson,821,A,Economy
105176,Michael Anderson,758,E,Economy
105177,Michael Brown,1531,B,Economy
105178,Emily Taylor,1471,B,Economy
105179,Alex Smith,319,F,Economy
105180,Laura Harris,1151,F,Economy
105181,Jane Johnson,684,E,Economy
105182,John Thomas,1149,E,Economy
105183,Emily Anderson,1511,F,Economy
105184,Laura White,138,F,Economy
105185,Chris Smith,1316,C,Economy
105186,Alex Anderson,1557,C,Economy
105187,Laura Thomas,1161,F,Economy
105188,John Martin,1393,D,Economy
105189,Sarah White,989,A,Economy
105190,Alex Taylor,745,F,Economy
105191,Emily Thomas,1573,F,Economy
105192,John Brown,662,F,Economy
105193,John Thomas,1306,B,Economy
105194,Chris Smith,498,D,Economy
105195,Laura White,798,B,Economy
105196,Emily Smith,83,E,Economy
105197,David Harris,656,A,Economy
105198,Chris Johnson,895,C,Economy
105199,Emily Martin,45,C,Economy
105200,John Brown,1268,A,Economy
105201,Chris Thomas,1252,B,Economy
105202,David Martin,1049,A,Economy
105203,John Taylor,1466,B,Economy
105204,Katie Thomas,910,D,Economy
105205,Laura Taylor,1138,A,Economy
105206,Katie Martin,937,A,Economy
105207,Sarah Thomas,485,B,Economy
105208,Laura Johnson,1226,B,Economy
105209,Michael Martin,294,C,Economy
105210,Jane Harris,255,B,Economy
105211,John Harris,848,A,Economy
105212,Alex Martin,629,C,Economy
105213,Alex Harris,746,C,Economy
105214,John Anderson,453,D,Economy
105215,Laura Smith,1190,F,Economy
105216,Laura Smith,1628,F,Economy
105217,Laura White,381,E,Economy
105218,Michael Smith,734,C,Economy
105219,Emily Jackson,381,C,Economy
105220,David Johnson,920,E,Economy
105221,Emily White,1599,E,Economy
105222,Alex Taylor,230,A,Economy
105223,David Thomas,1556,C,Economy
105224,Michael Thomas,140,A,Economy
105225,Chris Taylor,965,C,Economy
105226,John Harris,1224,B,Economy
105227,Katie Martin,679,A,Economy
105228,John Johnson,1461,A,Economy
105229,Alex White,1008,B,Economy
105230,Emily Anderson,1414,A,Economy
105231,John Jackson,1358,C,Economy
105232,Katie Taylor,947,B,Economy
105233,Alex Jackson,1042,B,Economy
105234,Katie Martin,579,A,Economy
105235,Emily Brown,355,E,Economy
105236,John Jackson,933,D,Economy
105237,Michael Jackson,246,E,Economy
105238,David Taylor,1257,B,Economy
105239,David Martin,1194,A,Economy
105240,Jane Taylor,1297,C,Economy
105241,Alex Harris,826,B,Economy
105242,David Anderson,484,F,Economy
105243,David Taylor,1224,E,Economy
105244,David Taylor,955,E,Economy
105245,Chris Brown,1445,C,Economy
105246,Laura Smith,1520,F,Economy
105247,John Taylor,608,A,Economy
105248,Michael White,1513,A,Economy
105249,Laura Anderson,692,E,Economy
105250,John Jackson,1086,F,Economy
105251,Alex Johnson,1084,B,Economy
105252,Jane White,1269,F,Economy
105253,Emily Martin,91,B,Economy
105254,Laura White,123,D,Economy
105255,John Thomas,1240,F,Economy
105256,David Smith,324,C,Economy
105257,Katie White,395,F,Economy
105258,Laura White,1200,B,Economy
105259,Michael Harris,694,F,Economy
105260,Alex Martin,72,F,Economy
105261,Michael Harris,719,D,Economy
105262,Chris Martin,285,B,Economy
105263,Laura Martin,301,E,Economy
105264,John Anderson,873,D,Economy
105265,Jane Martin,1393,A,Economy
105266,David Thomas,778,A,Economy
105267,Michael Taylor,1370,D,Economy
105268,Laura Johnson,829,F,Economy
105269,Alex Johnson,1009,A,Economy
105270,Michael Thomas,1116,F,Economy
105271,Chris Taylor,1622,F,Economy
105272,David Anderson,1380,D,Economy
105273,Emily Jackson,1355,D,Economy
105274,Alex Harris,380,B,Economy
105275,Emily Smith,1092,A,Economy
105276,Chris Thomas,651,B,Economy
105277,Chris Jackson,184,A,Economy
105278,Jane Anderson,1096,B,Economy
105279,Jane Martin,1379,F,Economy
105280,Chris Martin,1130,B,Economy
105281,John Johnson,72,D,Economy
105282,Alex Thomas,233,B,Economy
105283,Sarah White,121,A,Economy
105284,John Brown,130,C,Economy
105285,Katie Taylor,1073,C,Economy
105286,Alex Johnson,602,E,Economy
105287,Sarah Martin,214,D,Economy
105288,John Smith,1316,E,Economy
105289,Alex Brown,519,A,Economy
105290,David Johnson,1027,E,Economy
105291,Laura Johnson,1002,A,Economy
105292,Katie Thomas,403,F,Economy
105293,Laura Johnson,767,F,Economy
105294,Michael Anderson,497,D,Economy
105295,Alex Johnson,1475,F,Economy
105296,Michael Harris,358,F,Economy
105297,John Johnson,372,F,Economy
105298,Katie Harris,1071,D,Economy
105299,David Harris,585,E,Economy
105300,Sarah Brown,533,F,Economy
105301,Sarah Brown,765,C,Economy
105302,John White,93,B,Economy
105303,Michael Brown,863,A,Economy
105304,Alex Thomas,1473,E,Economy
105305,Alex Johnson,588,F,Economy
105306,Sarah Harris,863,E,Economy
105307,Jane Brown,1534,D,Economy
105308,Alex Harris,1496,A,Economy
105309,David Jackson,512,C,Economy
105310,Emily Taylor,113,B,Economy
105311,Katie Jackson,339,A,Economy
105312,Michael Taylor,1649,E,Economy
105313,Laura Martin,1079,A,Economy
105314,Jane Anderson,223,D,Economy
105315,Alex Smith,551,B,Economy
105316,Katie Jackson,1115,E,Economy
105317,Chris Taylor,618,F,Economy
105318,Michael White,75,C,Economy
105319,Katie Smith,280,D,Economy
105320,Katie Smith,34,F,Economy
105321,Laura Martin,328,E,Economy
105322,Katie Jackson,1338,C,Economy
105323,Michael Smith,1034,D,Economy
105324,John Johnson,1128,D,Economy
105325,Jane Brown,1189,B,Economy
105326,David Brown,221,D,Economy
105327,Chris Johnson,598,B,Economy
105328,David Taylor,1351,B,Economy
105329,Alex Anderson,1206,E,Economy
105330,Jane Brown,638,E,Economy
105331,David Smith,651,C,Economy
105332,Chris White,671,F,Economy
105333,Sarah Thomas,422,C,Economy
105334,Alex Martin,509,F,Economy
105335,Laura Anderson,1169,B,Economy
105336,Laura Jackson,265,A,Economy
105337,Emily Thomas,1516,A,Economy
105338,John Taylor,630,C,Economy
105339,Chris Anderson,332,A,Economy
105340,Michael Harris,1203,B,Economy
105341,Alex Taylor,657,B,Economy
105342,Chris Martin,899,D,Economy
105343,Michael Martin,879,E,Economy
105344,Laura Harris,69,C,Economy
105345,Laura Brown,1084,E,Economy
105346,Michael White,1524,E,Economy
105347,Jane Harris,1050,A,Economy
105348,Laura Smith,1489,D,Economy
105349,Chris Johnson,919,B,Economy
105350,Katie Johnson,899,B,Economy
105351,David Smith,855,A,Economy
105352,Sarah Anderson,1335,F,Economy
105353,Emily Smith,615,C,Economy
105354,Sarah White,698,F,Economy
105355,Jane Smith,822,B,Economy
105356,Alex Jackson,1587,C,Economy
105357,Laura Brown,1059,F,Economy
105358,John Martin,1594,B,Economy
105359,David Anderson,537,A,Economy
105360,Emily Johnson,1018,E,Economy
105361,Chris Brown,470,C,Economy
105362,Emily Jackson,1076,B,Economy
105363,Michael Anderson,188,F,Economy
105364,Michael Taylor,169,F,Economy
105365,Alex Johnson,324,E,Economy
105366,Katie Thomas,1068,F,Economy
105367,Emily White,1264,F,Economy
105368,John Anderson,1208,A,Economy
105369,David Johnson,359,C,Economy
105370,John Johnson,1605,E,Economy
105371,Emily Anderson,593,E,Economy
105372,David Anderson,1658,D,Economy
105373,Jane Jackson,984,E,Economy
105374,Emily Harris,1004,C,Economy
105375,Laura Harris,757,A,Economy
105376,Michael Taylor,753,A,Economy
105377,Jane Harris,181,F,Economy
105378,Jane Martin,226,C,Economy
105379,Laura Brown,802,B,Economy
105380,Michael Harris,382,B,Economy
105381,David White,1351,A,Economy
105382,Chris White,1496,F,Economy
105383,Jane Thomas,1172,E,Economy
105384,Emily Brown,419,B,Economy
105385,Katie Harris,257,D,Economy
105386,John Brown,829,D,Economy
105387,Chris Harris,46,A,Economy
105388,Chris Jackson,657,A,Economy
105389,Michael Smith,1163,A,Economy
105390,Jane Anderson,801,A,Economy
105391,Katie Harris,892,B,Economy
105392,Emily White,1392,D,Economy
105393,Michael Martin,950,F,Economy
105394,Emily White,1564,D,Economy
105395,Katie Brown,955,D,Economy
105396,Chris Martin,1542,E,Economy
105397,Alex Thomas,947,A,Economy
105398,Emily Johnson,832,C,Economy
105399,Laura Thomas,1375,D,Economy
105400,David Anderson,1566,D,Economy
105401,Jane Martin,977,F,Economy
105402,Sarah Johnson,506,F,Economy
105403,Jane Anderson,1332,C,Economy
105404,Laura Harris,141,C,Economy
105405,Emily Smith,587,E,Economy
105406,Emily Thomas,1503,A,Economy
105407,Alex Martin,680,B,Economy
105408,Chris Thomas,1534,F,Economy
105409,Katie Johnson,63,B,Economy
105410,Emily Thomas,114,D,Economy
105411,Katie White,373,C,Economy
105412,Michael Thomas,684,B,Economy
105413,Katie Harris,760,C,Economy
105414,Jane Jackson,1229,F,Economy
105415,Michael Martin,796,A,Economy
105416,Katie Johnson,1543,E,Economy
105417,Jane Martin,1512,E,Economy
105418,John Anderson,1337,A,Economy
105419,Alex White,726,D,Economy
105420,Chris Thomas,170,E,Economy
105421,Emily White,1202,E,Economy
105422,David Martin,704,B,Economy
105423,Laura Harris,558,F,Economy
105424,John Martin,1450,C,Economy
105425,Laura Thomas,1172,D,Economy
105426,Katie Martin,1254,B,Economy
105427,Laura Martin,275,E,Economy
105428,Emily Brown,1652,F,Economy
105429,Alex Johnson,308,C,Economy
105430,Alex Harris,1645,A,Economy
105431,Laura Thomas,1170,C,Economy
105432,Laura Jackson,130,E,Economy
105433,Katie Johnson,187,D,Economy
105434,Jane Martin,571,A,Economy
105435,Katie Brown,377,F,Economy
105436,Michael White,915,C,Economy
105437,Jane Johnson,369,D,Economy
105438,Jane Martin,1244,E,Economy
105439,John Harris,289,A,Economy
105440,David Jackson,409,D,Economy
105441,Sarah Johnson,1561,A,Economy
105442,Sarah Harris,406,A,Economy
105443,Emily Johnson,205,C,Economy
105444,Jane Taylor,1237,B,Economy
105445,Sarah Jackson,1274,B,Economy
105446,Michael Jackson,772,B,Economy
105447,David Harris,290,B,Economy
105448,Sarah Thomas,225,E,Economy
105449,Chris Jackson,544,C,Economy
105450,Emily Smith,546,E,Economy
105451,Sarah White,517,B,Economy
105452,Chris Martin,964,D,Economy
105453,Emily Smith,570,A,Economy
105454,Michael Jackson,138,C,Economy
105455,Emily Thomas,356,D,Economy
105456,John Smith,445,C,Economy
105457,Katie Taylor,823,A,Economy
105458,Chris Thomas,648,F,Economy
105459,David Brown,501,A,Economy
105460,David White,41,F,Economy
105461,Chris Anderson,1326,C,Economy
105462,Alex Brown,1047,C,Economy
105463,Katie Jackson,804,E,Economy
105464,Chris Taylor,668,E,Economy
105465,Jane Brown,1632,A,Economy
105466,David Johnson,93,D,Economy
105467,Michael Brown,97,F,Economy
105468,Chris Smith,1043,B,Economy
105469,Katie Smith,40,F,Economy
105470,Emily Taylor,1557,D,Economy
105471,Katie White,1347,F,Economy
105472,Michael White,166,F,Economy
105473,Laura Brown,835,D,Economy
105474,Laura Martin,108,C,Economy
105475,Chris Brown,284,E,Economy
105476,Chris Smith,196,E,Economy
105477,Laura Harris,286,A,Economy
105478,Michael Harris,82,D,Economy
105479,Alex White,515,D,Economy
105480,Katie Smith,990,F,Economy
105481,Katie Taylor,179,F,Economy
105482,John Anderson,509,A,Economy
105483,Emily Taylor,500,A,Economy
105484,Chris Martin,1501,F,Economy
105485,Michael Thomas,1369,D,Economy
105486,John Harris,907,D,Economy
105487,Sarah Anderson,1004,A,Economy
105488,Laura Jackson,862,A,Economy
105489,Alex Harris,666,E,Economy
105490,Katie Harris,447,B,Economy
105491,Emily Jackson,681,F,Economy
105492,Alex Harris,222,F,Economy
105493,David White,1022,A,Economy
105494,Emily Martin,679,E,Economy
105495,Jane Johnson,1362,B,Economy
105496,Emily Brown,637,F,Economy
105497,Michael Jackson,1042,C,Economy
105498,Sarah Johnson,1115,F,Economy
105499,Jane Brown,207,E,Economy
105500,Katie Thomas,874,D,Economy
105501,Chris Thomas,1011,E,Economy
105502,Jane Taylor,905,D,Economy
105503,Katie White,1504,E,Economy
105504,Alex Martin,779,C,Economy
105505,Laura Brown,490,E,Economy
105506,Katie Johnson,470,B,Economy
105507,John Anderson,1412,B,Economy
105508,Jane Thomas,1459,E,Economy
105509,Chris White,1021,B,Economy
105510,Sarah Jackson,720,B,Economy
105511,Chris Johnson,1578,E,Economy
105512,Chris Taylor,1282,C,Economy
105513,Laura Brown,177,E,Economy
105514,Sarah Johnson,1029,C,Economy
105515,Sarah White,471,E,Economy
105516,Jane Anderson,1318,B,Economy
105517,Sarah Taylor,927,F,Economy
105518,Laura Smith,400,E,Economy
105519,John White,912,C,Economy
105520,Katie Anderson,1521,A,Economy
105521,Chris Smith,1368,D,Economy
105522,Michael Harris,1568,F,Economy
105523,Emily Brown,206,F,Economy
105524,Sarah Taylor,882,E,Economy
105525,Laura Johnson,1262,F,Economy
105526,Michael Taylor,363,A,Economy
105527,Michael Thomas,819,B,Economy
105528,Laura White,597,B,Economy
105529,Chris Thomas,625,D,Economy
105530,Laura Taylor,912,D,Economy
105531,Alex Anderson,817,B,Economy
105532,Alex Martin,1463,B,Economy
105533,Jane White,1547,F,Economy
105534,David Jackson,877,F,Economy
105535,Chris Thomas,870,F,Economy
105536,John Smith,601,F,Economy
105537,Laura Jackson,127,C,Economy
105538,Alex White,206,C,Economy
105539,Sarah Anderson,992,A,Economy
105540,Emily Smith,435,C,Economy
105541,Chris Jackson,905,A,Economy
105542,Alex Johnson,1254,D,Economy
105543,Chris Martin,159,E,Economy
105544,Sarah White,1561,D,Economy
105545,John Thomas,1613,D,Economy
105546,Alex Smith,1166,C,Economy
105547,Laura White,1617,D,Economy
105548,Sarah Harris,936,B,Economy
105549,John Anderson,598,E,Economy
105550,Michael Martin,117,F,Economy
105551,John Smith,592,A,Economy
105552,Katie Brown,364,E,Economy
105553,David Harris,116,E,Economy
105554,Katie White,320,B,Economy
105555,Laura Martin,160,A,Economy
105556,Katie Smith,1323,F,Economy
105557,Michael Anderson,690,A,Economy
105558,Laura Anderson,1143,C,Economy
105559,John Johnson,351,D,Economy
105560,John Anderson,232,A,Economy
105561,Alex White,712,D,Economy
105562,Alex Smith,981,D,Economy
105563,Sarah Thomas,415,D,Economy
105564,Katie Anderson,1226,D,Economy
105565,Chris Jackson,943,D,Economy
105566,Laura Martin,192,C,Economy
105567,David Martin,1138,E,Economy
105568,Sarah Smith,1399,E,Economy
105569,Katie Brown,152,B,Economy
105570,Laura White,1643,A,Economy
105571,Emily Johnson,1364,A,Economy
105572,David Johnson,271,B,Economy
105573,John Johnson,523,E,Economy
105574,David Johnson,119,D,Economy
105575,Laura Harris,1562,F,Economy
105576,Chris Smith,130,D,Economy
105577,Alex Martin,503,E,Economy
105578,Alex Martin,1383,E,Economy
105579,Katie Jackson,774,F,Economy
105580,Chris White,429,E,Economy
105581,Katie Smith,204,D,Economy
105582,Chris Johnson,1134,E,Economy
105583,Katie Harris,1551,D,Economy
105584,Chris Thomas,380,A,Economy
105585,Jane Taylor,225,D,Economy
105586,Sarah Martin,1558,B,Economy
105587,Chris Thomas,802,A,Economy
105588,Sarah White,958,E,Economy
105589,Sarah Smith,1142,F,Economy
105590,John Martin,1477,E,Economy
105591,Katie Martin,755,B,Economy
105592,Michael Johnson,1235,C,Economy
105593,Sarah White,503,C,Economy
105594,Chris White,86,B,Economy
105595,Emily Taylor,541,D,Economy
105596,David Smith,1594,A,Economy
105597,Emily Johnson,1278,E,Economy
105598,Chris Taylor,499,D,Economy
105599,John Taylor,894,E,Economy
105600,Katie Taylor,719,A,Economy
105601,Alex Smith,987,F,Economy
105602,Michael Jackson,970,A,Economy
105603,Sarah Smith,1478,E,Economy
105604,John Johnson,462,A,Economy
105605,Laura Jackson,696,C,Economy
105606,David Harris,237,B,Economy
105607,Michael Johnson,277,A,Economy
105608,David Martin,1167,A,Economy
105609,Katie Johnson,634,D,Economy
105610,Emily Jackson,306,D,Economy
105611,Katie Thomas,1229,E,Economy
105612,Michael Johnson,1057,C,Economy
105613,Katie Harris,502,F,Economy
105614,Michael Brown,1200,C,Economy
105615,Jane Taylor,77,A,Economy
105616,Jane Thomas,286,E,Economy
105617,Jane Taylor,1377,C,Economy
105618,Laura Harris,1635,A,Economy
105619,Jane Taylor,377,C,Economy
105620,Sarah Martin,121,C,Economy
105621,Sarah Taylor,1360,F,Economy
105622,Sarah Smith,1098,F,Economy
105623,Alex Johnson,1140,D,Economy
105624,Emily Johnson,369,C,Economy
105625,Katie Taylor,1258,C,Economy
105626,Chris Anderson,401,C,Economy
105627,John White,1575,C,Economy
105628,Emily Martin,766,C,Economy
105629,Alex Thomas,1204,F,Economy
105630,Alex Thomas,1485,E,Economy
105631,Laura White,1304,F,Economy
105632,Emily Thomas,1005,F,Economy
105633,Katie Martin,1217,E,Economy
105634,Alex Harris,1498,E,Economy
105635,Michael Thomas,1352,A,Economy
105636,Laura Thomas,619,A,Economy
105637,David Thomas,946,A,Economy
105638,Michael Smith,1611,E,Economy
105639,Jane Jackson,340,E,Economy
105640,Jane Harris,461,C,Economy
105641,Katie Smith,1025,D,Economy
105642,David Anderson,1118,B,Economy
105643,Katie White,1472,E,Economy
105644,Michael Anderson,706,A,Economy
105645,Sarah White,1302,F,Economy
105646,Sarah Anderson,287,D,Economy
105647,Laura White,58,E,Economy
105648,Michael Thomas,1435,F,Economy
105649,Michael Harris,1376,B,Economy
105650,Jane Harris,1426,B,Economy
105651,David Brown,820,B,Economy
105652,Michael Smith,71,A,Economy
105653,Sarah Harris,880,E,Economy
105654,John Smith,634,A,Economy
105655,Michael White,1296,B,Economy
105656,Chris Jackson,1524,B,Economy
105657,Alex Anderson,1507,A,Economy
105658,Sarah Taylor,690,E,Economy
105659,Sarah Smith,1379,B,Economy
105660,John Anderson,1308,B,Economy
105661,Katie Anderson,1242,E,Economy
105662,Alex Taylor,397,D,Economy
105663,Katie Thomas,196,C,Economy
105664,John Thomas,1332,A,Economy
105665,Chris Smith,383,F,Economy
105666,Laura Thomas,397,C,Economy
105667,Michael Harris,1081,C,Economy
105668,Alex Johnson,437,B,Economy
105669,Jane White,863,C,Economy
105670,Sarah Thomas,581,C,Economy
105671,Michael Johnson,710,C,Economy
105672,Sarah Johnson,1434,C,Economy
105673,Emily Martin,1202,C,Economy
105674,Michael Anderson,646,E,Economy
105675,John Johnson,272,B,Economy
105676,Jane White,383,D,Economy
105677,Laura Thomas,1394,A,Economy
105678,Chris Anderson,916,F,Economy
105679,David Johnson,1623,E,Economy
105680,Sarah Thomas,1270,E,Economy
105681,Michael Martin,392,B,Economy
105682,Emily Harris,323,E,Economy
105683,John Harris,569,C,Economy
105684,Emily White,795,C,Economy
105685,Emily Johnson,491,D,Economy
105686,Jane Harris,551,A,Economy
105687,Chris White,437,C,Economy
105688,Chris Anderson,1274,E,Economy
105689,Emily White,931,C,Economy
105690,Jane Harris,288,C,Economy
105691,Chris Smith,1037,F,Economy
105692,Alex Taylor,1336,C,Economy
105693,Katie Thomas,34,A,Economy
105694,John Anderson,1154,A,Economy
105695,Laura Martin,1391,F,Economy
105696,David Taylor,85,E,Economy
105697,Michael Johnson,684,F,Economy
105698,John Jackson,385,E,Economy
105699,Emily Taylor,190,C,Economy
105700,Katie Martin,284,F,Economy
105701,Michael Brown,1487,B,Economy
105702,Jane Martin,1631,F,Economy
105703,David Jackson,948,B,Economy
105704,John Brown,1006,D,Economy
105705,Katie Anderson,360,B,Economy
105706,John Brown,1514,B,Economy
105707,Laura White,1137,B,Economy
105708,Alex White,1424,B,Economy
105709,Jane Taylor,1358,E,Economy
105710,Katie Smith,342,C,Economy
105711,Laura Johnson,541,F,Economy
105712,Laura Taylor,83,F,Economy
105713,Emily Brown,1284,C,Economy
105714,Katie White,348,D,Economy
105715,Katie Jackson,1476,A,Economy
105716,Emily Thomas,268,C,Economy
105717,Chris Thomas,1042,A,Economy
105718,Alex White,1154,D,Economy
105719,John Harris,308,D,Economy
105720,Emily Brown,1022,D,Economy
105721,Alex Taylor,1556,B,Economy
105722,Laura Taylor,49,A,Economy
105723,Jane Martin,68,D,Economy
105724,Jane Brown,343,B,Economy
105725,Katie White,1499,F,Economy
105726,Emily Johnson,108,D,Economy
105727,Katie Smith,1377,E,Economy
105728,Chris Martin,1086,C,Economy
105729,Jane Jackson,1214,C,Economy
105730,Alex Martin,660,F,Economy
105731,John Harris,1013,B,Economy
105732,John Jackson,634,B,Economy
105733,Sarah Harris,71,C,Economy
105734,Michael Jackson,43,B,Economy
105735,Jane Brown,1070,D,Economy
105736,Jane Taylor,179,D,Economy
105737,Emily Thomas,896,D,Economy
105738,Emily Jackson,370,D,Economy
105739,Katie Anderson,524,E,Economy
105740,Jane Brown,1559,A,Economy
105741,Sarah Harris,522,B,Economy
105742,Alex Johnson,1360,C,Economy
105743,Katie White,564,C,Economy
105744,Michael Anderson,703,B,Economy
105745,Laura Thomas,200,E,Economy
105746,Emily Thomas,499,C,Economy
105747,David Thomas,52,E,Economy
105748,David Thomas,34,D,Economy
105749,Alex Jackson,561,C,Economy
105750,Laura Smith,171,F,Economy
105751,Katie Taylor,665,D,Economy
105752,Alex White,1454,D,Economy
105753,John Anderson,961,D,Economy
105754,Alex Johnson,1255,B,Economy
105755,John Johnson,1482,B,Economy
105756,Alex Anderson,1224,C,Economy
105757,Jane Thomas,51,B,Economy
105758,Katie Taylor,161,A,Economy
105759,Michael Martin,586,F,Economy
105760,John Jackson,1274,D,Economy
105761,Laura Jackson,241,B,Economy
105762,Emily Taylor,1518,E,Economy
105763,Jane Johnson,769,B,Economy
105764,John Anderson,161,C,Economy
105765,Emily Brown,623,A,Economy
105766,Sarah Taylor,1198,C,Economy
105767,Jane Taylor,1509,E,Economy
105768,Sarah Smith,577,F,Economy
105769,Alex Taylor,698,D,Economy
105770,Katie Martin,571,F,Economy
105771,Emily White,872,D,Economy
105772,Jane Johnson,1457,F,Economy
105773,Laura Martin,1365,B,Economy
105774,Chris Smith,972,C,Economy
105775,Katie White,1023,E,Economy
105776,Michael Jackson,940,F,Economy
105777,John Johnson,1209,E,Economy
105778,John Taylor,1648,E,Economy
105779,Jane Anderson,421,D,Economy
105780,Alex Taylor,466,B,Economy
105781,John Brown,427,F,Economy
105782,Michael Taylor,1327,B,Economy
105783,Jane Johnson,797,A,Economy
105784,Laura Anderson,990,A,Economy
105785,John Smith,1193,F,Economy
105786,Jane Taylor,763,B,Economy
105787,Chris Smith,210,D,Economy
105788,Katie Jackson,135,F,Economy
105789,Michael Brown,916,E,Economy
105790,David Harris,1475,B,Economy
105791,Katie Martin,385,D,Economy
105792,David Brown,715,D,Economy
105793,Michael Martin,904,B,Economy
105794,Michael Martin,1562,D,Economy
105795,Jane Smith,1293,E,Economy
105796,Jane Johnson,512,F,Economy
105797,Jane Johnson,65,F,Economy
105798,David White,970,F,Economy
105799,David Brown,1592,A,Economy
105800,Chris Smith,1621,C,Economy
105801,Katie Martin,1275,C,Economy
105802,David Jackson,1207,F,Economy
105803,Laura White,888,A,Economy
105804,Katie Smith,302,B,Economy
105805,Sarah Harris,1629,E,Economy
105806,Laura White,1323,A,Economy
105807,David Jackson,450,A,Economy
105808,Chris Thomas,221,E,Economy
105809,Emily Harris,1479,A,Economy
105810,Chris Brown,1055,F,Economy
105811,Emily Johnson,672,F,Economy
105812,Katie Martin,1048,E,Economy
105813,John Anderson,1543,B,Economy
105814,Katie Martin,1167,B,Economy
105815,David White,1256,C,Economy
105816,Laura White,662,D,Economy
105817,Alex White,555,B,Economy
105818,Alex White,1223,A,Economy
105819,Michael Anderson,1232,F,Economy
105820,David Jackson,1096,A,Economy
105821,Alex Taylor,1589,C,Economy
105822,Emily Anderson,1546,A,Economy
105823,Chris Smith,1419,B,Economy
105824,David Thomas,125,C,Economy
105825,Alex Johnson,69,A,Economy
105826,Katie Martin,1508,B,Economy
105827,Katie Brown,1001,D,Economy
105828,Katie Anderson,108,A,Economy
105829,Katie Harris,1440,B,Economy
105830,Katie Brown,1412,A,Economy
105831,Jane Smith,440,E,Economy
105832,Alex Martin,51,C,Economy
105833,Chris Taylor,289,D,Economy
105834,Chris Brown,63,D,Economy
105835,David Thomas,55,D,Economy
105836,Emily Johnson,1183,D,Economy
105837,Emily Thomas,405,E,Economy
105838,John Thomas,1429,D,Economy
105839,Alex Martin,336,B,Economy
105840,Michael Martin,415,F,Economy
105841,Katie Anderson,1285,D,Economy
105842,Jane Harris,884,F,Economy
105843,Jane Harris,34,B,Economy
105844,Jane Jackson,227,B,Economy
105845,Katie Martin,298,B,Economy
105846,Chris Harris,736,C,Economy
105847,Chris White,442,B,Economy
105848,Emily Smith,1142,B,Economy
105849,John Brown,1310,E,Economy
105850,Katie Thomas,412,F,Economy
105851,Emily Johnson,424,D,Economy
105852,Chris Harris,1171,A,Economy
105853,John Taylor,1326,F,Economy
105854,Emily Taylor,1496,B,Economy
105855,Chris Smith,1090,C,Economy
105856,Jane Taylor,236,D,Economy
105857,Jane Smith,45,A,Economy
105858,Emily Johnson,1394,F,Economy
105859,John Thomas,513,C,Economy
105860,Emily White,106,A,Economy
105861,David Taylor,1574,C,Economy
105862,Laura Thomas,65,E,Economy
105863,David Smith,382,D,Economy
105864,Michael Thomas,177,D,Economy
105865,Sarah Anderson,1407,E,Economy
105866,David Thomas,378,D,Economy
105867,David Johnson,1195,D,Economy
105868,Katie Brown,852,C,Economy
105869,Jane White,88,B,Economy
105870,John Thomas,637,C,Economy
105871,Alex Taylor,1441,E,Economy
105872,Alex Martin,644,D,Economy
105873,Laura Smith,739,A,Economy
105874,Michael White,1390,B,Economy
105875,Emily Johnson,1093,E,Economy
105876,Laura Brown,563,A,Economy
105877,David Martin,1498,B,Economy
105878,Chris Martin,1579,F,Economy
105879,Chris Martin,948,D,Economy
105880,Chris White,1523,B,Economy
105881,Jane Anderson,667,E,Economy
105882,Jane Anderson,1505,C,Economy
105883,Jane Harris,1450,E,Economy
105884,Sarah Anderson,1296,F,Economy
105885,Sarah Smith,753,D,Economy
105886,Chris Anderson,816,C,Economy
105887,Alex Smith,542,C,Economy
105888,David Johnson,1549,E,Economy
105889,David White,112,E,Economy
105890,Katie Smith,1415,B,Economy
105891,David Taylor,70,D,Economy
105892,David Smith,1233,D,Economy
105893,Jane White,515,C,Economy
105894,Alex Smith,66,B,Economy
105895,Jane Anderson,482,E,Economy
105896,Michael Smith,726,E,Economy
105897,Laura Jackson,1381,F,Economy
105898,Michael Taylor,763,C,Economy
105899,Jane Anderson,986,D,Economy
105900,Michael Jackson,337,F,Economy
105901,Jane Taylor,425,F,Economy
105902,Michael Harris,828,E,Economy
105903,Jane Harris,928,C,Economy
105904,Laura Smith,842,A,Economy
105905,Alex White,291,D,Economy
105906,David Anderson,1262,D,Economy
105907,Chris Taylor,1646,D,Economy
105908,Sarah Smith,655,D,Economy
105909,Laura Anderson,363,D,Economy
105910,Alex Anderson,1348,B,Economy
105911,Michael Martin,993,E,Economy
105912,Laura Thomas,491,C,Economy
105913,Emily Martin,833,F,Economy
105914,John Martin,1562,C,Economy
105915,Sarah Brown,506,A,Economy
105916,Emily Johnson,138,D,Economy
105917,David Anderson,1083,C,Economy
105918,Jane Brown,926,C,Economy
105919,Emily Martin,698,C,Economy
105920,Emily Thomas,1009,C,Economy
105921,Jane Thomas,1491,E,Economy
105922,Michael Harris,956,B,Economy
105923,Katie Taylor,822,A,Economy
105924,Chris Harris,119,C,Economy
105925,Katie Thomas,1617,E,Economy
105926,Katie Johnson,452,F,Economy
105927,Katie Anderson,150,D,Economy
105928,Michael Thomas,1142,A,Economy
105929,Laura Johnson,1263,B,Economy
105930,Katie Martin,77,D,Economy
105931,Laura Brown,1372,B,Economy
105932,John White,1487,C,Economy
105933,Emily Taylor,1239,F,Economy
105934,Katie Johnson,872,E,Economy
105935,Alex Taylor,1264,D,Economy
105936,Katie White,226,E,Economy
105937,David White,1145,D,Economy
105938,John Martin,1496,E,Economy
105939,Katie Taylor,629,B,Economy
105940,Jane Martin,554,C,Economy
105941,Laura Thomas,338,E,Economy
105942,Jane White,1037,B,Economy
105943,Sarah Martin,893,B,Economy
105944,Katie Anderson,695,F,Economy
105945,Alex Smith,1493,B,Economy
105946,Laura Smith,1252,C,Economy
105947,David Jackson,795,D,Economy
105948,Emily Taylor,384,A,Economy
105949,John Anderson,1604,B,Economy
105950,John White,1319,D,Economy
105951,John White,584,B,Economy
105952,Chris Martin,1200,A,Economy
105953,Emily Brown,97,E,Economy
105954,Jane Anderson,897,F,Economy
105955,Emily Jackson,1136,E,Economy
105956,John Anderson,844,A,Economy
105957,John Taylor,1508,E,Economy
105958,Emily Anderson,544,E,Economy
105959,David White,671,A,Economy
105960,Alex White,602,F,Economy
105961,Jane Jackson,382,F,Economy
105962,Chris Taylor,682,A,Economy
105963,Sarah White,538,E,Economy
105964,David Taylor,1519,F,Economy
105965,Alex Johnson,886,F,Economy
105966,Michael Smith,1552,A,Economy
105967,Sarah Anderson,1622,D,Economy
105968,Michael Harris,1407,F,Economy
105969,Alex White,1426,F,Economy
105970,John Jackson,283,E,Economy
105971,David Thomas,811,F,Economy
105972,Michael Brown,1511,E,Economy
105973,Laura Johnson,813,B,Economy
105974,David Jackson,477,C,Economy
105975,David Taylor,447,E,Economy
105976,Alex Jackson,511,A,Economy
105977,Jane Martin,423,B,Economy
105978,Chris Brown,721,C,Economy
105979,Katie Martin,1140,F,Economy
105980,Michael White,51,A,Economy
105981,Michael Harris,257,A,Economy
105982,Michael Anderson,1140,C,Economy
105983,Michael Brown,157,E,Economy
105984,Laura White,120,E,Economy
105985,Alex White,1088,F,Economy
105986,Laura White,1441,A,Economy
105987,John White,1164,D,Economy
105988,David White,176,A,Economy
105989,Chris Thomas,451,A,Economy
105990,Michael Anderson,1459,A,Economy
105991,Sarah Taylor,735,F,Economy
105992,Laura Anderson,1187,F,Economy
105993,John Jackson,739,F,Economy
105994,John Thomas,220,E,Economy
105995,Katie White,1104,D,Economy
105996,John Johnson,234,A,Economy
105997,Michael Brown,1277,B,Economy
105998,David Anderson,373,E,Economy
105999,Michael Harris,140,F,Economy
106000,Jane Martin,755,C,Economy
106001,Katie Anderson,160,B,Economy
106002,Chris Smith,659,F,Economy
106003,Laura Brown,1573,B,Economy
106004,Alex Smith,1492,C,Economy
106005,Katie Brown,1259,D,Economy
106006,Laura Johnson,1305,C,Economy
106007,Chris Johnson,664,B,Economy
106008,Jane Smith,1625,B,Economy
106009,Sarah Anderson,973,B,Economy
106010,Sarah Jackson,845,E,Economy
106011,Sarah Johnson,250,C,Economy
106012,Michael Brown,1654,A,Economy
106013,Jane Jackson,1446,E,Economy
106014,Sarah Brown,1267,B,Economy
106015,Katie Anderson,273,E,Economy
106016,Katie Brown,1281,D,Economy
106017,John Johnson,1385,F,Economy
106018,Emily White,1045,B,Economy
106019,Chris White,293,F,Economy
106020,Alex White,1131,E,Economy
106021,Alex Harris,518,B,Economy
106022,Chris Jackson,788,B,Economy
106023,Alex Martin,248,A,Economy
106024,Jane Thomas,510,E,Economy
106025,Katie Brown,1520,E,Economy
106026,Emily Harris,485,E,Economy
106027,Michael Thomas,552,E,Economy
106028,Laura Anderson,421,F,Economy
106029,Alex Brown,1264,B,Economy
106030,David Taylor,1301,D,Economy
106031,David Anderson,1165,C,Economy
106032,John Taylor,1287,A,Economy
106033,Chris Taylor,1449,E,Economy
106034,John White,1096,E,Economy
106035,Michael Jackson,1584,C,Economy
106036,Michael Thomas,1555,A,Economy
106037,Emily Martin,1323,D,Economy
106038,Sarah White,1280,D,Economy
106039,Alex Taylor,1270,D,Economy
106040,Sarah Harris,1267,E,Economy
106041,David Brown,1444,A,Economy
106042,Alex Taylor,1544,F,Economy
106043,David Smith,60,E,Economy
106044,Emily White,1664,C,Economy
106045,Emily Jackson,1107,A,Economy
106046,Sarah White,949,D,Economy
106047,Jane Anderson,1026,D,Economy
106048,Michael Johnson,199,C,Economy
106049,Katie Thomas,345,F,Economy
106050,Katie Smith,992,C,Economy
106051,Jane Brown,939,B,Economy
106052,Chris Thomas,1063,A,Economy
106053,Alex Jackson,535,B,Economy
106054,Michael Taylor,794,E,Economy
106055,Jane Harris,618,A,Economy
106056,Sarah Harris,1646,F,Economy
106057,Alex Harris,193,A,Economy
106058,John Taylor,896,E,Economy
106059,John Smith,477,E,Economy
106060,Michael Jackson,1475,D,Economy
106061,Michael Brown,969,B,Economy
106062,Alex Taylor,841,F,Economy
106063,Alex Anderson,1007,D,Economy
106064,Michael Thomas,1565,C,Economy
106065,Chris Taylor,1051,F,Economy
106066,Alex Taylor,1609,A,Economy
106067,Katie Smith,1004,E,Economy
106068,Laura Anderson,763,F,Economy
106069,Sarah Harris,703,C,Economy
106070,Sarah Anderson,99,D,Economy
106071,David Anderson,802,D,Economy
106072,Alex White,490,A,Economy
106073,John Brown,138,E,Economy
106074,Chris White,1008,C,Economy
106075,Chris Johnson,1481,D,Economy
106076,John Thomas,1027,C,Economy
106077,Jane Thomas,412,B,Economy
106078,Katie Harris,814,C,Economy
106079,Jane Johnson,631,B,Economy
106080,Chris Martin,521,E,Economy
106081,Alex Anderson,1120,D,Economy
106082,Jane Smith,1014,B,Economy
106083,John Thomas,880,F,Economy
106084,David Jackson,1599,A,Economy
106085,Chris Smith,107,B,Economy
106086,Alex Thomas,1227,F,Economy
106087,Chris Smith,627,D,Economy
106088,Michael Jackson,1124,A,Economy
106089,Michael Harris,963,D,Economy
106090,Chris Jackson,682,E,Economy
106091,Chris Brown,513,D,Economy
106092,Michael Thomas,547,F,Economy
106093,Michael Johnson,145,C,Economy
106094,Emily White,1295,F,Economy
106095,David Martin,1097,D,Economy
106096,Emily Harris,1149,A,Economy
106097,Jane Martin,1599,D,Economy
106098,John Martin,1051,A,Economy
106099,Chris Martin,228,C,Economy
106100,Chris Thomas,1324,C,Economy
106101,Michael Johnson,1327,F,Economy
106102,Alex Brown,1258,A,Economy
106103,Katie White,1580,F,Economy
106104,Sarah Brown,32,E,Economy
106105,Chris Martin,545,B,Economy
106106,Chris Anderson,576,F,Economy
106107,Chris Johnson,619,F,Economy
106108,Sarah Jackson,404,C,Economy
106109,Emily Harris,1613,F,Economy
106110,John Brown,79,E,Economy
106111,David Johnson,864,E,Economy
106112,Emily Anderson,752,B,Economy
106113,John Thomas,313,D,Economy
106114,Emily Anderson,1113,C,Economy
106115,Laura Harris,1590,F,Economy
106116,Katie Johnson,1474,D,Economy
106117,Chris Smith,650,C,Economy
106118,David Jackson,1374,F,Economy
106119,John Anderson,1345,D,Economy
106120,Chris White,222,E,Economy
106121,Katie Thomas,533,D,Economy
106122,Michael White,649,F,Economy
106123,Alex Harris,925,C,Economy
106124,Katie Smith,1455,B,Economy
106125,Alex Brown,1206,C,Economy
106126,John Martin,475,D,Economy
106127,David Taylor,1045,A,Economy
106128,David Taylor,1268,F,Economy
106129,David Brown,1149,B,Economy
106130,Sarah Brown,1054,D,Economy
106131,Sarah Martin,284,B,Economy
106132,Emily Brown,497,E,Economy
106133,Laura White,926,A,Economy
106134,Chris Martin,982,C,Economy
106135,Alex Harris,84,B,Economy
106136,John Brown,1140,A,Economy
106137,Jane Brown,1176,B,Economy
106138,Sarah Smith,936,F,Economy
106139,Chris Harris,37,B,Economy
106140,Alex Martin,393,C,Economy
106141,Emily Johnson,1279,C,Economy
106142,Chris Brown,171,C,Economy
106143,David White,1257,F,Economy
106144,Alex Anderson,1031,E,Economy
106145,Katie Thomas,1218,F,Economy
106146,Emily Brown,1113,F,Economy
106147,Sarah Jackson,388,C,Economy
106148,John Brown,1138,D,Economy
106149,Jane White,758,D,Economy
106150,John Smith,659,E,Economy
106151,David Martin,1223,D,Economy
106152,Katie Jackson,374,E,Economy
106153,Alex Smith,832,B,Economy
106154,Sarah Martin,1618,E,Economy
106155,Chris Anderson,1620,E,Economy
106156,David Taylor,326,A,Economy
106157,Jane Thomas,837,B,Economy
106158,David Smith,95,A,Economy
106159,Michael Harris,178,D,Economy
106160,Laura Anderson,1245,A,Economy
106161,Alex Taylor,1329,A,Economy
106162,Jane Johnson,778,E,Economy
106163,David Johnson,906,D,Economy
106164,Emily Smith,1083,E,Economy
106165,Alex Taylor,345,B,Economy
106166,Alex Brown,247,D,Economy
106167,Katie Brown,1473,B,Economy
106168,Laura Taylor,549,C,Economy
106169,Laura Thomas,1428,E,Economy
106170,Emily Harris,1212,F,Economy
106171,Chris Brown,235,A,Economy
106172,David Brown,1451,D,Economy
106173,Michael White,845,C,Economy
106174,Alex Anderson,308,F,Economy
106175,Michael Thomas,909,D,Economy
106176,Emily Brown,954,E,Economy
106177,Emily Johnson,301,A,Economy
106178,David Martin,618,D,Economy
106179,Katie Thomas,1038,A,Economy
106180,Katie Harris,1489,F,Economy
106181,David White,814,F,Economy
106182,John White,566,F,Economy
106183,Emily Jackson,255,F,Economy
106184,David White,1521,B,Economy
106185,Alex Thomas,1303,E,Economy
106186,John Harris,338,C,Economy
106187,Laura Johnson,595,B,Economy
106188,John Thomas,1180,E,Economy
106189,Chris Anderson,472,B,Economy
106190,Alex Smith,1055,D,Economy
106191,Jane Brown,80,C,Economy
106192,Katie Anderson,1335,D,Economy
106193,John Anderson,391,A,Economy
106194,David Smith,879,C,Economy
106195,John Martin,753,C,Economy
106196,Michael Anderson,465,A,Economy
106197,Emily Martin,1089,A,Economy
106198,Laura Harris,735,C,Economy
106199,Emily Brown,355,D,Economy
106200,Sarah Thomas,1409,F,Economy
106201,John Smith,984,D,Economy
106202,John Smith,1492,A,Economy
106203,John White,745,E,Economy
106204,Michael White,259,D,Economy
106205,Sarah Harris,597,C,Economy
106206,Sarah Harris,1002,D,Economy
106207,Emily Brown,552,F,Economy
106208,Emily Smith,219,A,Economy
106209,David Martin,509,D,Economy
106210,John Harris,126,E,Economy
106211,Laura Martin,737,D,Economy
106212,Laura Harris,1464,B,Economy
106213,Katie Harris,606,D,Economy
106214,Emily White,820,A,Economy
106215,Jane Thomas,113,C,Economy
106216,Sarah Martin,662,C,Economy
106217,Emily Smith,1018,A,Economy
106218,Sarah Brown,689,D,Economy
106219,Jane Harris,1610,F,Economy
106220,Chris Jackson,288,D,Economy
106221,Laura Jackson,52,F,Economy
106222,Laura Smith,1623,F,Economy
106223,Michael Jackson,148,A,Economy
106224,Sarah Martin,1093,D,Economy
106225,Emily Anderson,649,A,Economy
106226,Michael Johnson,788,C,Economy
106227,Michael Harris,1125,A,Economy
106228,Laura Johnson,1616,A,Economy
106229,Emily Brown,112,A,Economy
106230,Alex Anderson,1012,C,Economy
106231,Emily Brown,1066,C,Economy
106232,Sarah Harris,950,B,Economy
106233,David Taylor,851,E,Economy
106234,David Harris,1354,C,Economy
106235,Laura Martin,676,B,Economy
106236,Laura White,1047,A,Economy
106237,Chris Jackson,1249,F,Economy
106238,Michael White,1108,A,Economy
106239,Michael Smith,468,D,Economy
106240,Katie Anderson,870,E,Economy
106241,Sarah Taylor,396,F,Economy
106242,Alex Smith,1080,B,Economy
106243,Laura Smith,610,A,Economy
106244,Sarah Thomas,1295,B,Economy
106245,Laura Anderson,1190,B,Economy
106246,Alex Harris,1386,F,Economy
106247,Sarah Jackson,988,F,Economy
106248,Alex Martin,1554,B,Economy
106249,David Martin,1028,E,Economy
106250,Laura Smith,66,D,Economy
106251,Laura Thomas,1304,E,Economy
106252,David Taylor,1312,B,Economy
106253,Sarah Thomas,246,A,Economy
106254,Sarah White,676,A,Economy
106255,Sarah Smith,938,A,Economy
106256,John White,689,A,Economy
106257,Sarah Johnson,608,D,Economy
106258,Emily Johnson,1412,C,Economy
106259,Emily Thomas,325,A,Economy
106260,Emily Harris,907,C,Economy
106261,Alex Taylor,61,E,Economy
106262,Alex Thomas,1571,E,Economy
106263,Sarah Anderson,1600,D,Economy
106264,Alex Taylor,512,B,Economy
106265,Michael Johnson,46,C,Economy
106266,Emily Taylor,1153,C,Economy
106267,David Johnson,1163,C,Economy
106268,Michael White,1359,C,Economy
106269,John Thomas,826,A,Economy
106270,Laura Taylor,1665,F,Economy
106271,Katie Harris,814,B,Economy
106272,David Jackson,346,D,Economy
106273,Emily Johnson,935,A,Economy
106274,John Brown,1577,B,Economy
106275,David Harris,810,D,Economy
106276,Alex Jackson,1089,F,Economy
106277,Emily Brown,240,E,Economy
106278,Emily Brown,1124,F,Economy
106279,Katie Anderson,172,D,Economy
106280,Sarah Jackson,909,C,Economy
106281,Katie Taylor,1104,C,Economy
106282,Laura Smith,950,E,Economy
106283,David Johnson,109,C,Economy
106284,Sarah Brown,1052,D,Economy
106285,Chris Anderson,1065,A,Economy
106286,John Martin,1248,C,Economy
106287,Emily Martin,857,C,Economy
106288,Alex White,1653,E,Economy
106289,Katie Anderson,111,B,Economy
106290,Michael White,1345,F,Economy
106291,Sarah Taylor,1527,F,Economy
106292,Alex White,192,E,Economy
106293,Chris Martin,1267,D,Economy
106294,Emily White,1509,B,Economy
106295,Sarah Taylor,679,B,Economy
106296,Alex Brown,558,A,Economy
106297,Jane Taylor,237,D,Economy
106298,Sarah Anderson,81,C,Economy
106299,Michael Harris,1145,C,Economy
106300,John White,542,F,Economy
106301,Emily Harris,1460,D,Economy
106302,Katie Smith,1147,A,Economy
106303,Katie Harris,335,E,Economy
106304,John Brown,1359,A,Economy
106305,Katie Johnson,849,D,Economy
106306,Sarah Jackson,947,F,Economy
106307,Sarah Thomas,727,C,Economy
106308,Chris Johnson,662,E,Economy
106309,Jane White,937,F,Economy
106310,Jane Thomas,810,B,Economy
106311,Laura Martin,585,D,Economy
106312,Alex Johnson,609,F,Economy
106313,Michael Thomas,485,A,Economy
106314,John Brown,1152,F,Economy
106315,Emily Johnson,1324,A,Economy
106316,Sarah Harris,424,E,Economy
106317,Alex Thomas,87,A,Economy
106318,Laura Smith,1300,D,Economy
106319,David Thomas,1315,A,Economy
106320,David Anderson,1064,A,Economy
106321,Chris Martin,1443,E,Economy
106322,Emily Anderson,731,D,Economy
106323,Alex Jackson,918,B,Economy
106324,Emily Harris,1099,E,Economy
106325,Laura Taylor,308,B,Economy
106326,Jane White,434,C,Economy
106327,Katie White,291,C,Economy
106328,David Harris,260,A,Economy
106329,Michael Jackson,1242,A,Economy
106330,John Johnson,931,E,Economy
106331,David Jackson,974,D,Economy
106332,Jane Smith,1529,D,Economy
106333,David Anderson,1111,D,Economy
106334,Laura Brown,1501,E,Economy
106335,David Anderson,902,D,Economy
106336,John Thomas,1269,D,Economy
106337,David Johnson,145,D,Economy
106338,Michael Taylor,991,B,Economy
106339,David Brown,88,C,Economy
106340,John Anderson,1007,E,Economy
106341,Alex Jackson,507,E,Economy
106342,Chris Brown,387,E,Economy
106343,Sarah Jackson,1523,D,Economy
106344,Jane Jackson,860,B,Economy
106345,Sarah Brown,378,A,Economy
106346,Alex Smith,1569,C,Economy
106347,Alex Brown,1619,A,Economy
106348,Michael Anderson,421,B,Economy
106349,Laura Taylor,151,B,Economy
106350,John Thomas,1275,F,Economy
106351,Chris Thomas,388,A,Economy
106352,Jane Thomas,948,F,Economy
106353,Chris White,739,E,Economy
106354,David Anderson,648,C,Economy
106355,David Thomas,332,D,Economy
106356,Jane White,1275,E,Economy
106357,Katie Jackson,800,E,Economy
106358,Emily White,732,A,Economy
106359,John Thomas,1592,C,Economy
106360,John Johnson,242,B,Economy
106361,Sarah Taylor,477,A,Economy
106362,Alex Thomas,883,A,Economy
106363,David Jackson,153,F,Economy
106364,Jane Martin,572,D,Economy
106365,Michael Anderson,1655,D,Economy
106366,Alex Thomas,1175,F,Economy
106367,David Anderson,1441,B,Economy
106368,John Thomas,956,D,Economy
106369,Emily Anderson,45,E,Economy
106370,Alex Anderson,974,A,Economy
106371,Emily Anderson,1366,C,Economy
106372,Katie Jackson,861,B,Economy
106373,Chris Thomas,1533,E,Economy
106374,Emily Anderson,164,B,Economy
106375,Michael Brown,675,D,Economy
106376,Katie Thomas,1188,F,Economy
106377,Chris Taylor,1667,B,Economy
106378,Sarah Smith,432,C,Economy
106379,Alex Brown,1593,D,Economy
106380,Katie Anderson,1111,E,Economy
106381,John Brown,536,F,Economy
106382,David Martin,1399,F,Economy
106383,Michael Martin,1061,A,Economy
106384,John Brown,165,F,Economy
106385,Laura Taylor,553,C,Economy
106386,Michael Thomas,1626,F,Economy
106387,Emily Smith,947,C,Economy
106388,Michael Smith,554,F,Economy
106389,Chris Brown,1247,B,Economy
106390,Sarah Martin,1007,A,Economy
106391,Emily Smith,1053,B,Economy
106392,John Brown,1271,E,Economy
106393,David White,867,D,Economy
106394,Alex Brown,1646,E,Economy
106395,Sarah Harris,334,F,Economy
106396,Emily Smith,1032,C,Economy
106397,Chris Harris,985,C,Economy
106398,Chris Brown,201,F,Economy
106399,John Martin,1404,D,Economy
106400,Jane Jackson,1651,E,Economy
106401,Katie Martin,491,F,Economy
106402,Jane White,1207,E,Economy
106403,Alex Martin,1581,A,Economy
106404,Alex Anderson,1177,E,Economy
106405,Chris Thomas,924,C,Economy
106406,Laura Martin,1597,B,Economy
106407,Jane Thomas,1040,B,Economy
106408,Chris Jackson,868,A,Economy
106409,Katie Johnson,37,E,Economy
106410,Katie Brown,552,B,Economy
106411,Katie Thomas,45,F,Economy
106412,Chris Brown,1634,E,Economy
106413,Chris Smith,302,F,Economy
106414,Emily White,1017,C,Economy
106415,Laura Taylor,136,E,Economy
106416,David Brown,1072,B,Economy
106417,Jane Smith,547,C,Economy
106418,Sarah Johnson,1069,F,Economy
106419,Alex Taylor,1006,C,Economy
106420,David Johnson,41,D,Economy
106421,Katie Thomas,1326,D,Economy
106422,Sarah Thomas,396,B,Economy
106423,David Johnson,497,F,Economy
106424,Alex Brown,1426,A,Economy
106425,David Johnson,836,A,Economy
106426,Jane Martin,1246,E,Economy
106427,Jane Anderson,580,D,Economy
106428,Emily Harris,1265,B,Economy
106429,Katie Thomas,1144,F,Economy
106430,Laura Taylor,1616,D,Economy
106431,Chris Brown,1184,E,Economy
106432,Laura Johnson,172,F,Economy
106433,Sarah Anderson,1332,F,Economy
106434,Chris Martin,1148,A,Economy
106435,Alex Harris,367,A,Economy
106436,David Jackson,1028,A,Economy
106437,David Brown,872,A,Economy
106438,David Smith,481,E,Economy
106439,Chris Smith,1064,D,Economy
106440,Katie Martin,151,F,Economy
106441,Chris Smith,1518,B,Economy
106442,Sarah Jackson,1388,E,Economy
106443,Katie Harris,1497,B,Economy
106444,John Smith,1078,E,Economy
106445,Emily Anderson,171,A,Economy
106446,Michael Johnson,132,E,Economy
106447,Sarah Harris,1560,D,Economy
106448,Emily Anderson,103,C,Economy
106449,John Smith,1604,D,Economy
106450,Chris Smith,1586,A,Economy
106451,Emily Johnson,1031,C,Economy
106452,Jane Martin,1002,E,Economy
106453,Katie Taylor,1625,F,Economy
106454,Alex Harris,723,B,Economy
106455,Katie Martin,862,C,Economy
106456,Chris Harris,892,D,Economy
106457,John Thomas,186,A,Economy
106458,Katie Harris,1572,E,Economy
106459,David Thomas,503,F,Economy
106460,Laura Johnson,475,A,Economy
106461,Sarah Smith,386,C,Economy
106462,Emily Martin,213,C,Economy
106463,David Taylor,884,C,Economy
106464,Sarah Anderson,1387,E,Economy
106465,Emily Brown,427,D,Economy
106466,Laura Harris,693,E,Economy
106467,Katie Martin,292,B,Economy
106468,Sarah Taylor,702,D,Economy
106469,Alex White,587,D,Economy
106470,David Anderson,460,F,Economy
106471,Emily Johnson,1050,D,Economy
106472,Alex Smith,1003,E,Economy
106473,Michael Johnson,397,F,Economy
106474,Jane Johnson,1458,C,Economy
106475,John Martin,582,B,Economy
106476,Katie Harris,1076,F,Economy
106477,Katie Johnson,249,B,Economy
106478,Michael Brown,682,F,Economy
106479,Laura Jackson,33,C,Economy
106480,Katie Johnson,728,E,Economy
106481,Laura Brown,219,F,Economy
106482,David Thomas,744,D,Economy
106483,Alex Johnson,1174,F,Economy
106484,Emily Martin,805,B,Economy
106485,Emily Thomas,425,B,Economy
106486,David Thomas,79,D,Economy
106487,Emily Anderson,1084,A,Economy
106488,Alex Brown,1530,D,Economy
106489,Sarah White,1139,C,Economy
106490,Alex Harris,79,B,Economy
106491,David Jackson,1326,B,Economy
106492,John Johnson,473,E,Economy
106493,Michael Johnson,1627,A,Economy
106494,Alex Harris,1298,B,Economy
106495,Chris Jackson,204,F,Economy
106496,David Martin,156,C,Economy
106497,John Jackson,94,D,Economy
106498,Chris Martin,675,E,Economy
106499,Chris Harris,137,B,Economy
106500,Jane Brown,1235,A,Economy
106501,Katie Brown,785,C,Economy
106502,John Taylor,1641,D,Economy
106503,Laura Johnson,789,A,Economy
106504,Sarah Harris,242,C,Economy
106505,John Harris,489,F,Economy
106506,Katie White,857,D,Economy
106507,Michael Taylor,1162,C,Economy
106508,Emily Martin,921,D,Economy
106509,Emily Jackson,1030,B,Economy
106510,Michael Johnson,190,B,Economy
106511,Michael Harris,1581,D,Economy
106512,Chris Johnson,1038,E,Economy
106513,Alex Jackson,1146,C,Economy
106514,Jane Martin,1092,E,Economy
106515,David Taylor,305,E,Economy
106516,Michael Johnson,1155,F,Economy
106517,John Martin,1434,D,Economy
106518,Emily Thomas,574,C,Economy
106519,John Johnson,931,F,Economy
106520,Sarah Thomas,573,C,Economy
106521,David White,773,E,Economy
106522,Katie Harris,444,A,Economy
106523,Chris Anderson,532,D,Economy
106524,Emily Anderson,1517,E,Economy
106525,Alex Martin,379,C,Economy
106526,Laura Martin,1145,B,Economy
106527,David Martin,481,B,Economy
106528,Alex Taylor,1624,C,Economy
106529,John Thomas,125,D,Economy
106530,David Brown,375,C,Economy
106531,Michael Harris,215,C,Economy
106532,Chris Brown,350,A,Economy
106533,Katie Martin,1184,C,Economy
106534,Alex Jackson,936,A,Economy
106535,Katie Smith,110,B,Economy
106536,Sarah Anderson,983,B,Economy
106537,Jane Brown,293,A,Economy
106538,Chris Smith,1548,C,Economy
106539,Laura White,617,F,Economy
106540,Sarah Anderson,598,F,Economy
106541,Laura Smith,209,B,Economy
106542,Michael Taylor,206,B,Economy
106543,David White,1596,E,Economy
106544,Jane Jackson,1204,E,Economy
106545,Katie Smith,907,B,Economy
106546,Alex Anderson,829,E,Economy
106547,Sarah Smith,1269,B,Economy
106548,Alex Jackson,520,E,Economy
106549,Michael Thomas,381,D,Economy
106550,Laura Thomas,1580,A,Economy
106551,John Jackson,758,F,Economy
106552,Jane White,944,E,Economy
106553,Jane Smith,981,E,Economy
106554,Jane Harris,671,C,Economy
106555,Laura Johnson,531,A,Economy
106556,Michael Jackson,212,B,Economy
106557,Chris Anderson,420,E,Economy
106558,David Johnson,595,D,Economy
106559,Chris White,441,B,Economy
106560,David Martin,601,C,Economy
106561,Emily Thomas,398,F,Economy
106562,Emily Harris,1145,A,Economy
106563,Sarah Thomas,1497,C,Economy
106564,Michael Smith,395,D,Economy
106565,Sarah Taylor,1063,D,Economy
106566,Katie Thomas,261,A,Economy
106567,John Brown,716,A,Economy
106568,Emily Jackson,1547,A,Economy
106569,Michael Smith,1256,B,Economy
106570,Alex Martin,557,C,Economy
106571,Alex Johnson,1170,D,Economy
106572,Laura Harris,511,C,Economy
106573,Emily Harris,312,A,Economy
106574,Emily Thomas,1602,F,Economy
106575,Emily Brown,1643,C,Economy
106576,Michael Smith,1630,E,Economy
106577,David Smith,775,E,Economy
106578,Alex Harris,781,D,Economy
106579,David Martin,677,C,Economy
106580,David Jackson,1251,B,Economy
106581,Chris Johnson,331,E,Economy
106582,David Smith,1285,E,Economy
106583,John White,1351,C,Economy
106584,Jane Thomas,362,B,Economy
106585,David Smith,1152,C,Economy
106586,David Jackson,281,B,Economy
106587,Michael Thomas,667,C,Economy
106588,Katie Jackson,1558,D,Economy
106589,David Johnson,455,D,Economy
106590,Jane Brown,322,C,Economy
106591,David White,626,E,Economy
106592,John Martin,1461,D,Economy
106593,Chris Brown,1051,E,Economy
106594,Katie Smith,1378,D,Economy
106595,Sarah Thomas,860,C,Economy
106596,Laura White,708,B,Economy
106597,David Smith,1176,F,Economy
106598,Katie Martin,329,E,Economy
106599,Emily Martin,134,E,Economy
106600,Chris Brown,1108,E,Economy
106601,Sarah Jackson,792,E,Economy
106602,Emily Anderson,1073,A,Economy
106603,Emily Thomas,525,B,Economy
106604,Chris Anderson,1384,A,Economy
106605,Sarah Brown,76,C,Economy
106606,Emily Anderson,1191,A,Economy
106607,Sarah Martin,875,F,Economy
106608,Sarah Smith,572,B,Economy
106609,Alex Jackson,706,B,Economy
106610,Emily Johnson,1449,C,Economy
106611,David Martin,483,F,Economy
106612,Sarah White,1251,D,Economy
106613,Alex Brown,455,C,Economy
106614,Chris Taylor,779,E,Economy
106615,Laura Brown,507,B,Economy
106616,Katie Jackson,233,A,Economy
106617,Katie Jackson,1398,D,Economy
106618,Sarah White,406,B,Economy
106619,Sarah Taylor,1199,B,Economy
106620,Chris Johnson,368,B,Economy
106621,Sarah Smith,1033,C,Economy
106622,Emily Thomas,609,A,Economy
106623,David Brown,782,D,Economy
106624,Emily Taylor,576,C,Economy
106625,David Anderson,554,D,Economy
106626,Chris Harris,1454,B,Economy
106627,David Harris,1114,E,Economy
106628,Jane Anderson,1654,B,Economy
106629,Michael Taylor,362,C,Economy
106630,Michael Smith,480,B,Economy
106631,Sarah White,1299,D,Economy
106632,Alex Thomas,1544,E,Economy
106633,Chris Thomas,1385,C,Economy
106634,Chris Brown,438,F,Economy
106635,Laura Smith,64,E,Economy
106636,Emily Thomas,727,B,Economy
106637,Alex Taylor,1043,F,Economy
106638,Jane Brown,212,C,Economy
106639,Michael Martin,1554,C,Economy
106640,David Johnson,1236,D,Economy
106641,John Smith,192,D,Economy
106642,Katie Jackson,1629,D,Economy
106643,David Smith,1347,A,Economy
106644,David Jackson,426,A,Economy
106645,David Brown,1449,D,Economy
106646,Sarah Smith,744,B,Economy
106647,Sarah Jackson,1589,E,Economy
106648,Laura Smith,741,C,Economy
106649,Katie Taylor,1203,A,Economy
106650,Sarah Taylor,263,E,Economy
106651,Emily Jackson,866,E,Economy
106652,Emily Thomas,1417,E,Economy
106653,John Harris,1212,B,Economy
106654,Emily Jackson,1135,E,Economy
106655,Laura Taylor,183,A,Economy
106656,Katie Harris,794,A,Economy
106657,John Anderson,267,A,Economy
106658,Emily White,615,B,Economy
106659,Laura Smith,60,D,Economy
106660,John White,218,E,Economy
106661,Katie Johnson,1550,F,Economy
106662,Emily Johnson,113,E,Economy
106663,Sarah Martin,1301,F,Economy
106664,Emily Harris,1474,C,Economy
106665,Jane Smith,540,F,Economy
106666,Alex Martin,1124,B,Economy
106667,Jane Johnson,272,E,Economy
106668,Chris Anderson,1323,E,Economy
106669,Laura Jackson,1397,F,Economy
106670,Michael White,1544,D,Economy
106671,Alex Jackson,1120,C,Economy
106672,Laura Smith,1658,F,Economy
106673,David Harris,578,C,Economy
106674,Chris White,992,E,Economy
106675,Katie Martin,591,F,Economy
106676,Chris Thomas,367,D,Economy
106677,Laura Taylor,1289,A,Economy
106678,Jane Anderson,491,B,Economy
106679,Michael Anderson,746,B,Economy
106680,Chris Johnson,621,D,Economy
106681,Michael Martin,122,D,Economy
106682,John Thomas,858,C,Economy
106683,Chris Anderson,1453,C,Economy
106684,Emily Brown,1506,B,Economy
106685,Michael Harris,1057,B,Economy
106686,Michael Brown,1271,F,Economy
106687,Chris White,124,B,Economy
106688,Michael Martin,448,E,Economy
106689,Katie Harris,1297,E,Economy
106690,Michael Johnson,623,C,Economy
106691,Katie Brown,685,A,Economy
106692,Chris Smith,658,D,Economy
106693,Michael Anderson,531,F,Economy
106694,Katie Jackson,1248,E,Economy
106695,Alex Jackson,586,A,Economy
106696,John Smith,729,E,Economy
106697,Chris Jackson,435,D,Economy
106698,Chris White,979,C,Economy
106699,Sarah White,1117,E,Economy
106700,Jane Johnson,1538,C,Economy
106701,Katie Thomas,1121,D,Economy
106702,Michael White,1206,D,Economy
106703,Laura Smith,542,A,Economy
106704,Alex Thomas,92,C,Economy
106705,Emily White,323,C,Economy
106706,Laura Martin,1266,C,Economy
106707,John Johnson,539,B,Economy
106708,David Brown,364,F,Economy
106709,Emily White,647,D,Economy
106710,Emily Smith,1110,D,Economy
106711,Laura Martin,360,A,Economy
106712,Sarah Taylor,1196,E,Economy
106713,Alex Smith,299,F,Economy
106714,Katie Thomas,614,E,Economy
106715,Jane Martin,1555,B,Economy
106716,Alex Anderson,1063,F,Economy
106717,John Smith,1179,C,Economy
106718,Michael Anderson,59,D,Economy
106719,Chris Taylor,960,F,Economy
106720,Jane Johnson,114,C,Economy
106721,John White,341,D,Economy
106722,David Anderson,114,A,Economy
106723,John White,1423,C,Economy
106724,Laura Smith,260,C,Economy
106725,Emily Smith,471,F,Economy
106726,Michael Martin,1159,A,Economy
106727,Jane Harris,46,B,Economy
106728,Katie Johnson,58,D,Economy
106729,Jane Martin,1120,E,Economy
106730,Michael Jackson,166,D,Economy
106731,Sarah Anderson,210,B,Economy
106732,David Anderson,475,F,Economy
106733,Michael Brown,1532,A,Economy
106734,Laura Thomas,659,B,Economy
106735,Alex Smith,972,A,Economy
106736,David Harris,741,E,Economy
106737,Sarah Jackson,120,A,Economy
106738,Katie Jackson,692,D,Economy
106739,Alex Taylor,284,C,Economy
106740,Chris Anderson,384,C,Economy
106741,Emily Taylor,1423,D,Economy
106742,Michael Taylor,1495,B,Economy
106743,Laura Smith,714,A,Economy
106744,Katie Anderson,1576,A,Economy
106745,David Harris,1506,A,Economy
106746,John Johnson,568,D,Economy
106747,David Harris,486,D,Economy
106748,Emily Smith,795,F,Economy
106749,Katie Taylor,572,F,Economy
106750,John Harris,401,D,Economy
106751,John Taylor,919,A,Economy
106752,John Taylor,1273,F,Economy
106753,Jane Smith,731,B,Economy
106754,Jane Taylor,1130,C,Economy
106755,Katie White,167,B,Economy
106756,Sarah Brown,561,A,Economy
106757,Sarah Anderson,1128,E,Economy
106758,Emily Martin,381,B,Economy
106759,Laura Johnson,1628,D,Economy
106760,Laura Taylor,592,B,Economy
106761,Alex Martin,1306,A,Economy
106762,Sarah Thomas,1014,D,Economy
106763,Jane Martin,557,A,Economy
106764,Emily Jackson,718,A,Economy
106765,Jane Harris,1217,A,Economy
106766,Emily Jackson,1087,A,Economy
106767,John Jackson,959,F,Economy
106768,Sarah Johnson,472,E,Economy
106769,John Johnson,1526,F,Economy
106770,Alex Jackson,1131,F,Economy
106771,Emily Anderson,756,F,Economy
106772,Alex Smith,997,E,Economy
106773,John Smith,38,D,Economy
106774,John Martin,1610,D,Economy
106775,David Taylor,1126,C,Economy
106776,John Smith,358,C,Economy
106777,Jane Martin,394,A,Economy
106778,Alex Smith,255,D,Economy
106779,Michael Taylor,55,F,Economy
106780,Chris Thomas,935,F,Economy
106781,Laura Thomas,1396,D,Economy
106782,Alex Jackson,1201,E,Economy
106783,Katie Harris,345,A,Economy
106784,Jane Jackson,891,A,Economy
106785,John Harris,130,F,Economy
106786,Laura Jackson,999,F,Economy
106787,Sarah White,235,C,Economy
106788,Chris Martin,164,A,Economy
106789,Chris Taylor,857,E,Economy
106790,Michael Brown,31,C,Economy
106791,Emily Harris,139,A,Economy
106792,Alex Jackson,486,F,Economy
106793,David Taylor,191,F,Economy
106794,Emily Johnson,223,F,Economy
106795,Katie Thomas,306,B,Economy
106796,David Smith,484,D,Economy
106797,Michael Smith,928,D,Economy
106798,Laura Martin,251,E,Economy
106799,Chris Brown,279,F,Economy
106800,David White,699,D,Economy
106801,Jane Thomas,759,A,Economy
106802,Alex Anderson,339,E,Economy
106803,Jane Thomas,1479,D,Economy
106804,Chris Harris,116,B,Economy
106805,Jane Anderson,929,D,Economy
106806,Michael Johnson,549,B,Economy
106807,Michael Taylor,375,E,Economy
106808,Jane Jackson,219,C,Economy
106809,David Johnson,672,E,Economy
106810,Michael Smith,103,D,Economy
106811,Michael Martin,1341,A,Economy
106812,Laura Taylor,478,E,Economy
106813,Emily Martin,1032,D,Economy
106814,Michael Anderson,591,D,Economy
106815,Emily Jackson,997,C,Economy
106816,Katie Smith,600,C,Economy
106817,Jane Martin,448,B,Economy
106818,David White,1034,F,Economy
106819,Jane Jackson,732,B,Economy
106820,John Brown,33,D,Economy
106821,Jane Harris,256,E,Economy
106822,Katie Harris,1330,B,Economy
106823,Katie Taylor,285,E,Economy
106824,Michael Harris,1051,B,Economy
106825,Katie Johnson,271,A,Economy
106826,Emily Johnson,1518,C,Economy
106827,Katie White,213,B,Economy
106828,Emily Harris,184,E,Economy
106829,David Thomas,776,F,Economy
106830,David Thomas,1255,D,Economy
106831,Sarah White,1030,E,Economy
106832,Jane Brown,1231,C,Economy
106833,John Martin,300,F,Economy
106834,Alex Jackson,372,B,Economy
106835,Michael Johnson,1340,F,Economy
106836,John Johnson,663,C,Economy
106837,Chris White,693,A,Economy
106838,David Smith,1064,E,Economy
106839,Katie White,502,A,Economy
106840,Michael Taylor,1284,F,Economy
106841,Alex Anderson,1250,D,Economy
106842,Jane Jackson,296,F,Economy
106843,John Anderson,230,F,Economy
106844,David Brown,1240,B,Economy
106845,Emily Jackson,524,A,Economy
106846,John Martin,527,D,Economy
106847,Sarah Thomas,1576,F,Economy
106848,Chris Taylor,934,D,Economy
106849,Emily Smith,575,D,Economy
106850,Emily Martin,275,B,Economy
106851,Chris Jackson,1250,F,Economy
106852,Michael Anderson,1657,C,Economy
106853,Emily Johnson,448,C,Economy
106854,Chris White,1640,E,Economy
106855,Emily Smith,516,C,Economy
106856,Michael White,351,F,Economy
106857,David Harris,1409,A,Economy
106858,Katie Thomas,1451,F,Economy
106859,Katie Thomas,1252,D,Economy
106860,David Brown,748,E,Economy
106861,John White,482,B,Economy
106862,John Jackson,763,A,Economy
106863,Chris Smith,868,B,Economy
106864,John Anderson,1174,A,Economy
106865,Laura White,95,C,Economy
106866,Michael Jackson,1259,F,Economy
106867,Chris Martin,414,B,Economy
106868,Chris White,1148,B,Economy
106869,Chris Martin,701,B,Economy
106870,Laura Smith,811,A,Economy
106871,Alex Taylor,1490,B,Economy
106872,Michael Smith,110,F,Economy
106873,Chris Brown,342,B,Economy
106874,Jane Smith,39,A,Economy
106875,Michael Taylor,1365,D,Economy
106876,Sarah Jackson,1570,E,Economy
106877,Emily White,1319,F,Economy
106878,Alex Jackson,1622,B,Economy
106879,Michael White,482,D,Economy
106880,Jane Johnson,944,D,Economy
106881,Sarah Martin,693,D,Economy
106882,Alex Anderson,1033,F,Economy
106883,Michael Taylor,541,E,Economy
106884,Alex Taylor,199,E,Economy
106885,John Harris,1544,B,Economy
106886,Emily Smith,1341,B,Economy
106887,Emily Harris,1127,F,Economy
106888,David Smith,1468,C,Economy
106889,Katie Harris,401,B,Economy
106890,Laura Harris,900,F,Economy
106891,John Johnson,1528,A,Economy
106892,Jane Smith,323,B,Economy
106893,Katie Johnson,182,B,Economy
106894,Alex Jackson,360,E,Economy
106895,Michael Brown,524,D,Economy
106896,Michael Brown,1061,C,Economy
106897,John Thomas,1426,E,Economy
106898,Katie Brown,699,E,Economy
106899,Emily Smith,426,D,Economy
106900,David Jackson,332,F,Economy
106901,Laura Thomas,1588,B,Economy
106902,Alex Harris,116,A,Economy
106903,Laura Johnson,1500,D,Economy
106904,Emily Brown,569,F,Economy
106905,Alex Anderson,541,A,Economy
106906,John Brown,587,F,Economy
106907,Katie Martin,396,A,Economy
106908,Sarah Taylor,1044,D,Economy
106909,Alex Brown,1330,D,Economy
106910,John Harris,926,D,Economy
106911,David Anderson,1100,E,Economy
106912,Alex Smith,1052,C,Economy
106913,Jane Martin,168,D,Economy
106914,Katie Jackson,766,A,Economy
106915,Laura Martin,1660,F,Economy
106916,Chris Thomas,538,D,Economy
106917,Alex Jackson,566,A,Economy
106918,Laura Harris,1160,F,Economy
106919,Katie Harris,1278,C,Economy
106920,Laura Taylor,914,F,Economy
106921,David Johnson,676,D,Economy
106922,Emily Thomas,548,C,Economy
106923,Laura Jackson,166,E,Economy
106924,Chris Martin,573,F,Economy
106925,Jane Brown,688,F,Economy
106926,Chris Brown,106,D,Economy
106927,Alex Martin,1384,E,Economy
106928,Sarah Taylor,1587,D,Economy
106929,David Taylor,414,A,Economy
106930,Laura Martin,340,F,Economy
106931,Emily Jackson,1114,A,Economy
106932,John Johnson,1665,B,Economy
106933,David Jackson,219,B,Economy
106934,David Johnson,243,E,Economy
106935,Katie Jackson,216,F,Economy
106936,John Martin,141,B,Economy
106937,Katie Smith,1007,B,Economy
106938,Sarah Johnson,1078,F,Economy
106939,Michael Johnson,154,A,Economy
106940,Sarah White,985,F,Economy
106941,Laura Smith,478,A,Economy
106942,Laura Taylor,121,F,Economy
106943,Emily Harris,1226,F,Economy
106944,Emily Brown,1615,F,Economy
106945,Chris Johnson,1265,D,Economy
106946,Sarah Harris,1069,C,Economy
106947,Laura Thomas,1153,B,Economy
106948,David Jackson,1475,E,Economy
106949,Chris Harris,191,C,Economy
106950,Sarah Anderson,301,C,Economy
106951,David Jackson,159,C,Economy
106952,Jane Taylor,789,F,Economy
106953,Chris Brown,1055,E,Economy
106954,Sarah Smith,462,B,Economy
106955,Laura White,1527,B,Economy
106956,Alex Thomas,1282,B,Economy
106957,Michael Anderson,1541,D,Economy
106958,Chris Taylor,479,B,Economy
106959,Michael Taylor,389,E,Economy
106960,Chris Smith,1139,F,Economy
106961,David Anderson,860,E,Economy
106962,John Thomas,1493,D,Economy
106963,David Smith,695,C,Economy
106964,Sarah Martin,245,A,Economy
106965,Laura Jackson,442,F,Economy
106966,Sarah Smith,149,B,Economy
106967,Alex Taylor,1491,F,Economy
106968,Sarah Johnson,1504,C,Economy
106969,Laura Anderson,1585,A,Economy
106970,Chris Martin,1075,B,Economy
106971,Michael Smith,140,B,Economy
106972,Katie Brown,1181,C,Economy
106973,Jane Thomas,1021,D,Economy
106974,Laura Jackson,218,D,Economy
106975,John Thomas,669,F,Economy
106976,Michael Smith,111,A,Economy
106977,Katie Jackson,1082,F,Economy
106978,Alex Brown,105,F,Economy
106979,David Taylor,846,D,Economy
106980,Laura Anderson,1593,B,Economy
106981,Katie White,198,F,Economy
106982,Emily White,1116,E,Economy
106983,Jane Anderson,1398,F,Economy
106984,Chris Johnson,876,F,Economy
106985,David Martin,1133,E,Economy
106986,Alex Taylor,410,A,Economy
106987,Laura Martin,1644,F,Economy
106988,Chris Johnson,743,B,Economy
106989,Laura Brown,1602,D,Economy
106990,Emily White,596,F,Economy
106991,Sarah Jackson,1199,F,Economy
106992,Alex Johnson,159,A,Economy
106993,Sarah Smith,650,A,Economy
106994,David Anderson,204,E,Economy
106995,John Thomas,831,A,Economy
106996,Jane Brown,1521,E,Economy
106997,John Harris,403,B,Economy
106998,David Smith,1117,F,Economy
106999,Alex Anderson,1608,C,Economy
107000,Sarah Martin,1242,B,Economy
107001,Michael White,1506,C,Economy
107002,John Brown,1112,F,Economy
107003,David Johnson,78,E,Economy
107004,Jane White,1606,B,Economy
107005,Katie Jackson,1428,C,Economy
107006,Chris Brown,263,B,Economy
107007,Sarah Taylor,1572,D,Economy
107008,Laura Brown,1577,A,Economy
107009,Katie Thomas,1223,C,Economy
107010,Chris Jackson,1647,A,Economy
107011,Sarah Jackson,289,E,Economy
107012,David Johnson,1524,F,Economy
107013,John Johnson,469,B,Economy
107014,John Jackson,334,B,Economy
107015,David Martin,1123,E,Economy
107016,Laura Taylor,869,A,Economy
107017,Emily Martin,1105,A,Economy
107018,Chris Harris,1258,E,Economy
107019,Michael Anderson,951,F,Economy
107020,John Brown,988,D,Economy
107021,Michael Anderson,1080,A,Economy
107022,John Jackson,418,F,Economy
107023,Laura Taylor,940,D,Economy
107024,David Taylor,697,B,Economy
107025,David Johnson,1257,A,Economy
107026,Michael Jackson,1660,A,Economy
107027,Alex Jackson,1653,A,Economy
107028,Chris Anderson,539,F,Economy
107029,Michael Taylor,1493,E,Economy
107030,Emily Harris,245,F,Economy
107031,Laura Smith,1498,D,Economy
107032,Michael Martin,856,A,Economy
107033,Katie Smith,947,D,Economy
107034,Sarah Smith,331,B,Economy
107035,David Martin,191,A,Economy
107036,Laura Anderson,1124,D,Economy
107037,Chris Martin,1004,D,Economy
107038,David Brown,614,B,Economy
107039,Alex Johnson,238,E,Economy
107040,Jane Johnson,1585,E,Economy
107041,Emily Harris,295,A,Economy
107042,Emily Smith,221,B,Economy
107043,Emily White,476,D,Economy
107044,Michael Johnson,1342,A,Economy
107045,Jane Anderson,1277,D,Economy
107046,Emily Thomas,1158,E,Economy
107047,Katie Harris,1126,D,Economy
107048,Emily Brown,1041,F,Economy
107049,Katie Martin,963,E,Economy
107050,Laura Harris,84,E,Economy
107051,Jane Thomas,641,D,Economy
107052,Alex Jackson,916,D,Economy
107053,Laura Martin,533,A,Economy
107054,Katie Taylor,517,F,Economy
107055,David Smith,700,A,Economy
107056,David Thomas,1575,F,Economy
107057,Chris Smith,563,B,Economy
107058,John Thomas,468,E,Economy
107059,John Anderson,522,F,Economy
107060,Alex Thomas,1477,A,Economy
107061,Katie Thomas,1016,C,Economy
107062,Katie Johnson,212,E,Economy
107063,Laura Harris,1355,E,Economy
107064,John Jackson,561,D,Economy
107065,Laura Harris,1253,C,Economy
107066,Michael Martin,648,B,Economy
107067,Emily Brown,189,F,Economy
107068,Michael Jackson,601,B,Economy
107069,Katie Johnson,1489,B,Economy
107070,John Thomas,1511,B,Economy
107071,John Anderson,294,A,Economy
107072,Sarah Taylor,408,D,Economy
107073,Jane Johnson,728,B,Economy
107074,Sarah Thomas,707,E,Economy
107075,Alex Anderson,1172,A,Economy
107076,Katie Taylor,440,C,Economy
107077,Chris Martin,305,B,Economy
107078,Jane Thomas,100,B,Economy
107079,John Harris,922,C,Economy
107080,Alex Martin,878,C,Economy
107081,Katie Smith,274,D,Economy
107082,Chris Harris,1138,C,Economy
107083,Chris Martin,892,C,Economy
107084,Sarah Martin,437,E,Economy
107085,Michael Brown,1193,B,Economy
107086,Emily Jackson,828,B,Economy
107087,David Harris,1356,B,Economy
107088,John Smith,1196,C,Economy
107089,Laura Thomas,1003,F,Economy
107090,Michael Thomas,1096,F,Economy
107091,Chris Anderson,1294,C,Economy
107092,David Smith,1003,C,Economy
107093,Jane Harris,468,B,Economy
107094,Laura Jackson,636,A,Economy
107095,Emily Taylor,1561,C,Economy
107096,Alex Anderson,572,C,Economy
107097,Alex Smith,1490,F,Economy
107098,Alex Jackson,1390,A,Economy
107099,Michael Taylor,752,A,Economy
107100,Laura Taylor,578,A,Economy
107101,Laura Harris,159,B,Economy
107102,Michael Smith,736,B,Economy
107103,John Martin,1142,C,Economy
107104,Alex White,1429,E,Economy
107105,Jane Smith,596,E,Economy
107106,Alex Harris,98,A,Economy
107107,Katie Taylor,107,A,Economy
107108,Laura Martin,1365,A,Economy
107109,Michael Smith,873,A,Economy
107110,Michael Taylor,217,C,Economy
107111,Emily Brown,1217,F,Economy
107112,Katie Brown,279,A,Economy
107113,Emily Brown,486,A,Economy
107114,David Jackson,911,D,Economy
107115,Katie Martin,311,E,Economy
107116,Sarah Johnson,1417,C,Economy
107117,Michael Brown,1171,D,Economy
107118,David Brown,307,C,Economy
107119,Jane Johnson,1335,A,Economy
107120,Emily Smith,444,C,Economy
107121,Michael White,957,A,Economy
107122,Laura Smith,1652,A,Economy
107123,Laura Taylor,429,B,Economy
107124,Michael Martin,218,F,Economy
107125,Katie Taylor,864,D,Economy
107126,Chris Brown,1405,B,Economy
107127,John Jackson,1040,C,Economy
107128,Michael White,1208,F,Economy
107129,David White,247,C,Economy
107130,Alex Thomas,190,D,Economy
107131,Laura Anderson,1076,C,Economy
107132,David Anderson,644,C,Economy
107133,Katie Johnson,1036,B,Economy
107134,Laura Johnson,1649,A,Economy
107135,Katie Thomas,1511,C,Economy
107136,Laura Martin,894,F,Economy
107137,Michael Jackson,106,B,Economy
107138,Laura Brown,189,D,Economy
107139,Laura Thomas,683,C,Economy
107140,Katie Smith,1101,D,Economy
107141,Jane Jackson,827,A,Economy
107142,Jane Anderson,945,E,Economy
107143,Laura Anderson,1295,E,Economy
107144,Laura Brown,1636,C,Economy
107145,Chris Harris,491,A,Economy
107146,Emily Brown,114,B,Economy
107147,David Smith,1553,E,Economy
107148,Alex Taylor,267,F,Economy
107149,Emily Brown,1497,D,Economy
107150,John Anderson,1062,E,Economy
107151,Alex Smith,681,C,Economy
107152,Laura White,830,D,Economy
107153,Alex Johnson,189,B,Economy
107154,Jane Johnson,259,A,Economy
107155,Michael Smith,1404,A,Economy
107156,Alex Martin,722,B,Economy
107157,Michael Johnson,901,F,Economy
107158,Katie Martin,500,D,Economy
107159,Katie Brown,791,A,Economy
107160,Alex Taylor,897,A,Economy
107161,David Jackson,520,F,Economy
107162,John Taylor,1557,A,Economy
107163,Chris Smith,989,E,Economy
107164,Katie Harris,1230,D,Economy
107165,Sarah Taylor,477,F,Economy
107166,David Anderson,306,A,Economy
107167,Sarah White,465,C,Economy
107168,Katie White,428,A,Economy
107169,Chris Johnson,353,F,Economy
107170,David White,575,A,Economy
107171,Michael Anderson,498,B,Economy
107172,Chris Jackson,1323,C,Economy
107173,Emily Thomas,193,C,Economy
107174,Michael Taylor,76,A,Economy
107175,Sarah Jackson,1011,A,Economy
107176,Sarah Martin,691,F,Economy
107177,Sarah White,1128,F,Economy
107178,Emily Taylor,123,A,Economy
107179,Laura Smith,1558,A,Economy
107180,Jane Jackson,1145,F,Economy
107181,Sarah Brown,728,D,Economy
107182,Chris Harris,665,C,Economy
107183,Alex Taylor,548,D,Economy
107184,John Smith,1469,C,Economy
107185,Emily Anderson,1562,B,Economy
107186,Chris Harris,1173,B,Economy
107187,Katie Jackson,151,A,Economy
107188,Laura Harris,766,F,Economy
107189,Laura Brown,1128,A,Economy
107190,Alex Taylor,1099,D,Economy
107191,Laura Jackson,283,C,Economy
107192,Katie Taylor,917,C,Economy
107193,Jane Anderson,400,B,Economy
107194,Michael Taylor,417,D,Economy
107195,Katie Martin,1203,E,Economy
107196,David Martin,1225,E,Economy
107197,Sarah Thomas,53,B,Economy
107198,Katie Brown,810,E,Economy
107199,Sarah Anderson,1186,F,Economy
107200,David Anderson,783,F,Economy
107201,Michael Johnson,1517,B,Economy
107202,Chris Thomas,717,C,Economy
107203,Sarah Thomas,333,C,Economy
107204,Chris Jackson,1067,D,Economy
107205,Sarah Jackson,1450,D,Economy
107206,Sarah Thomas,867,C,Economy
107207,Chris Martin,858,E,Economy
107208,David Jackson,422,B,Economy
107209,John Jackson,525,D,Economy
107210,Alex White,1023,D,Economy
107211,Laura Taylor,608,C,Economy
107212,Sarah Johnson,1263,E,Economy
107213,Sarah Anderson,1508,F,Economy
107214,David Johnson,368,C,Economy
107215,David Harris,1375,F,Economy
107216,Sarah Jackson,93,E,Economy
107217,Michael Thomas,914,A,Economy
107218,Jane Taylor,122,F,Economy
107219,Emily Thomas,1559,B,Economy
107220,Sarah Johnson,92,F,Economy
107221,Sarah Anderson,1477,B,Economy
107222,Laura Anderson,870,A,Economy
107223,Jane Taylor,677,B,Economy
107224,Laura Johnson,768,C,Economy
107225,Chris Martin,1293,F,Economy
107226,Katie Johnson,731,A,Economy
107227,John Anderson,761,E,Economy
107228,John Jackson,434,B,Economy
107229,Michael Brown,800,B,Economy
107230,Alex Anderson,195,A,Economy
107231,Katie Jackson,1157,D,Economy
107232,David Taylor,961,C,Economy
107233,Michael Brown,1408,B,Economy
107234,Alex Anderson,1493,F,Economy
107235,Alex Harris,1006,F,Economy
107236,Laura Brown,525,F,Economy
107237,Chris Anderson,1511,A,Economy
107238,David Anderson,1300,F,Economy
107239,Michael White,402,B,Economy
107240,Michael Martin,559,D,Economy
107241,Chris Johnson,1380,F,Economy
107242,Alex Martin,898,A,Economy
107243,Sarah Harris,860,F,Economy
107244,Sarah White,1584,D,Economy
107245,Alex White,1618,D,Economy
107246,Laura Thomas,1622,C,Economy
107247,Michael Harris,1535,C,Economy
107248,David White,654,C,Economy
107249,Sarah Jackson,1222,B,Economy
107250,Michael Smith,762,B,Economy
107251,Katie Anderson,1036,F,Economy
107252,Emily Brown,840,F,Economy
107253,Laura Martin,240,D,Economy
107254,Michael Harris,452,E,Economy
107255,David Thomas,784,B,Economy
107256,Laura Smith,969,E,Economy
107257,Alex Johnson,1072,A,Economy
107258,Laura Johnson,48,D,Economy
107259,Alex Thomas,1601,B,Economy
107260,Katie Smith,528,F,Economy
107261,Alex Smith,703,F,Economy
107262,Katie Anderson,306,F,Economy
107263,Chris White,1353,E,Economy
107264,Emily Smith,1213,B,Economy
107265,Chris Thomas,82,F,Economy
107266,Jane Brown,1457,D,Economy
107267,Chris Brown,964,B,Economy
107268,Katie Jackson,1354,B,Economy
107269,Michael Thomas,1415,F,Economy
107270,Katie Taylor,1328,C,Economy
107271,Emily Martin,933,C,Economy
107272,Jane Brown,1094,C,Economy
107273,Chris Harris,1462,F,Economy
107274,Katie Jackson,1291,F,Economy
107275,Katie White,1017,B,Economy
107276,John Anderson,1046,C,Economy
107277,Katie Martin,1253,F,Economy
107278,Sarah Brown,589,D,Economy
107279,Jane Brown,1425,B,Economy
107280,John Anderson,1474,A,Economy
107281,Laura Johnson,1090,B,Economy
107282,Alex Taylor,503,A,Economy
107283,Katie Johnson,257,F,Economy
107284,Katie Brown,40,A,Economy
107285,Chris Thomas,1484,A,Economy
107286,Emily Thomas,996,D,Economy
107287,Jane Johnson,796,F,Economy
107288,Emily Thomas,279,E,Economy
107289,Michael Taylor,1620,B,Economy
107290,Laura Martin,194,C,Economy
107291,Chris Smith,1319,A,Economy
107292,David Brown,652,E,Economy
107293,Jane Smith,1381,C,Economy
107294,Katie Thomas,1338,D,Economy
107295,Laura White,480,D,Economy
107296,Emily Jackson,1551,F,Economy
107297,Sarah Smith,661,F,Economy
107298,David Brown,847,E,Economy
107299,David Brown,110,C,Economy
107300,Alex Brown,952,E,Economy
107301,Alex Jackson,764,F,Economy
107302,Michael Brown,1388,C,Economy
107303,Alex Harris,534,D,Economy
107304,Katie Brown,298,E,Economy
107305,Jane Martin,1042,F,Economy
107306,Sarah Thomas,1161,E,Economy
107307,Michael Thomas,598,A,Economy
107308,Chris Taylor,833,D,Economy
107309,John Taylor,156,A,Economy
107310,Alex Johnson,1234,F,Economy
107311,John White,1016,E,Economy
107312,Emily Jackson,655,C,Economy
107313,Emily Smith,1392,B,Economy
107314,Jane Jackson,1361,A,Economy
107315,Chris Brown,1495,C,Economy
107316,David Brown,70,C,Economy
107317,Sarah Martin,420,C,Economy
107318,David Jackson,961,A,Economy
107319,Sarah Brown,1350,F,Economy
107320,David White,277,F,Economy
107321,Katie Taylor,168,A,Economy
107322,Michael Harris,880,D,Economy
107323,Laura Brown,1322,B,Economy
107324,Alex Harris,514,C,Economy
107325,Emily Johnson,246,F,Economy
107326,Michael Smith,671,D,Economy
107327,Emily Smith,891,F,Economy
107328,John Anderson,582,D,Economy
107329,Emily Anderson,1136,C,Economy
107330,Katie Thomas,1112,C,Economy
107331,Laura Smith,836,B,Economy
107332,Emily Harris,850,B,Economy
107333,Alex Thomas,1144,D,Economy
107334,Chris Anderson,1563,C,Economy
107335,Laura Harris,110,E,Economy
107336,John Brown,1367,D,Economy
107337,Alex Anderson,1032,A,Economy
107338,Alex Johnson,1533,A,Economy
107339,Jane White,904,E,Economy
107340,Michael Thomas,343,C,Economy
107341,Sarah Johnson,767,A,Economy
107342,Laura Martin,290,E,Economy
107343,David Smith,707,D,Economy
107344,Katie Smith,1408,E,Economy
107345,Alex Martin,95,D,Economy
107346,Laura Smith,1073,F,Economy
107347,John Harris,634,E,Economy
107348,Michael Martin,561,B,Economy
107349,Alex Martin,596,B,Economy
107350,Laura Anderson,229,E,Economy
107351,Alex Martin,105,E,Economy
107352,Michael Thomas,774,A,Economy
107353,Katie Smith,517,E,Economy
107354,David Martin,1520,B,Economy
107355,John Smith,923,A,Economy
107356,Laura Smith,118,D,Economy
107357,Michael Johnson,379,D,Economy
107358,Sarah Smith,327,F,Economy
107359,John Johnson,971,C,Economy
107360,Katie Thomas,1522,F,Economy
107361,John Harris,844,F,Economy
107362,Katie Harris,139,B,Economy
107363,Sarah Anderson,1357,F,Economy
107364,Laura Jackson,1148,F,Economy
107365,Sarah Anderson,89,B,Economy
107366,Laura Taylor,32,A,Economy
107367,Alex Smith,720,C,Economy
107368,Sarah White,294,F,Economy
107369,David Taylor,1515,F,Economy
107370,David Jackson,678,A,Economy
107371,Sarah Martin,797,F,Economy
107372,David Smith,683,B,Economy
107373,Emily Martin,795,A,Economy
107374,John Anderson,673,E,Economy
107375,Laura Thomas,987,A,Economy
107376,Michael Taylor,1482,A,Economy
107377,Laura Brown,178,B,Economy
107378,David Jackson,196,F,Economy
107379,Katie Thomas,1454,E,Economy
107380,David Johnson,132,F,Economy
107381,Laura Thomas,709,E,Economy
107382,Jane Harris,470,F,Economy
107383,David Thomas,782,E,Economy
107384,David Smith,149,D,Economy
107385,Chris White,1370,B,Economy
107386,Emily Johnson,1387,D,Economy
107387,David Taylor,1607,E,Economy
107388,Jane Thomas,1026,A,Economy
107389,Laura White,1019,B,Economy
107390,Michael Anderson,180,F,Economy
107391,Katie Smith,220,D,Economy
107392,John Jackson,53,E,Economy
107393,John Thomas,938,F,Economy
107394,Laura Johnson,888,D,Economy
107395,Michael Taylor,1357,E,Economy
107396,Michael Martin,555,C,Economy
107397,Chris Jackson,630,F,Economy
107398,John Johnson,1013,E,Economy
107399,Alex White,291,E,Economy
107400,Katie Johnson,704,A,Economy
107401,Jane Harris,1048,D,Economy
107402,Chris Harris,955,B,Economy
107403,Michael Martin,813,C,Economy
107404,Laura Harris,1180,C,Economy
107405,John Thomas,693,F,Economy
107406,David Thomas,239,B,Economy
107407,Katie Martin,1545,C,Economy
107408,Sarah Johnson,426,B,Economy
107409,Laura Anderson,760,F,Economy
107410,Katie Johnson,333,E,Economy
107411,Laura Smith,1633,E,Economy
107412,Laura Brown,224,A,Economy
107413,Jane Johnson,1557,E,Economy
107414,Laura Smith,1577,C,Economy
107415,Michael Taylor,523,B,Economy
107416,Alex Johnson,1550,B,Economy
107417,Alex White,151,C,Economy
107418,Katie Thomas,319,C,Economy
107419,David Martin,458,C,Economy
107420,Alex Martin,995,A,Economy
107421,Emily Anderson,235,E,Economy
107422,Alex Harris,1416,E,Economy
107423,Katie White,603,C,Economy
107424,Alex Thomas,733,A,Economy
107425,David Smith,337,E,Economy
107426,Sarah Taylor,818,D,Economy
107427,David Jackson,856,D,Economy
107428,Alex Harris,492,F,Economy
107429,John White,1083,D,Economy
107430,Katie Jackson,1471,C,Economy
107431,Sarah Anderson,587,A,Economy
107432,John Brown,1462,A,Economy
107433,Alex Jackson,324,B,Economy
107434,Katie Thomas,975,A,Economy
107435,Sarah Jackson,405,B,Economy
107436,Laura Harris,353,C,Economy
107437,Chris Anderson,1532,E,Economy
107438,Laura Martin,408,E,Economy
107439,Emily Anderson,547,A,Economy
107440,Laura Anderson,231,B,Economy
107441,Chris Smith,228,B,Economy
107442,Jane Taylor,1050,F,Economy
107443,Chris Harris,932,D,Economy
107444,David Brown,1523,C,Economy
107445,John Harris,707,F,Economy
107446,Katie Johnson,924,E,Economy
107447,David Taylor,1607,A,Economy
107448,David Thomas,370,C,Economy
107449,David Johnson,384,D,Economy
107450,Jane Brown,96,F,Economy
107451,Alex Martin,1166,F,Economy
107452,Emily Harris,223,E,Economy
107453,Chris Jackson,1382,A,Economy
107454,David Smith,646,B,Economy
107455,Sarah Thomas,556,A,Economy
107456,David Brown,909,A,Economy
107457,Michael Brown,1281,C,Economy
107458,Michael Brown,1480,F,Economy
107459,Laura Martin,252,F,Economy
107460,Alex Harris,1527,A,Economy
107461,Emily Taylor,810,A,Economy
107462,John Harris,438,C,Economy
107463,Alex Thomas,1497,E,Economy
107464,Jane Taylor,1532,C,Economy
107465,John Martin,388,E,Economy
107466,David Brown,154,D,Economy
107467,Laura Brown,1604,F,Economy
107468,Alex White,524,B,Economy
107469,David White,417,C,Economy
107470,Jane Anderson,195,D,Economy
107471,Jane Taylor,948,A,Economy
107472,Sarah Brown,1454,C,Economy
107473,Michael Jackson,994,D,Economy
107474,Laura Harris,469,D,Economy
107475,Alex Taylor,1530,A,Economy
107476,Emily Martin,738,C,Economy
107477,Jane Martin,773,C,Economy
107478,Chris Jackson,1585,D,Economy
107479,Sarah Anderson,1607,F,Economy
107480,Chris Harris,1561,E,Economy
107481,David Johnson,175,A,Economy
107482,Alex Anderson,1087,C,Economy
107483,Katie Anderson,649,D,Economy
107484,Chris Jackson,647,A,Economy
107485,Katie Anderson,701,D,Economy
107486,David Brown,772,C,Economy
107487,Sarah White,456,D,Economy
107488,Emily Jackson,769,D,Economy
107489,John Smith,1181,A,Economy
107490,John Johnson,829,C,Economy
107491,Michael Harris,724,E,Economy
107492,David Jackson,1268,B,Economy
107493,Emily Brown,923,D,Economy
107494,Katie White,886,B,Economy
107495,Laura Smith,620,C,Economy
107496,Michael Martin,1080,F,Economy
107497,Katie Smith,1309,C,Economy
107498,Alex White,1480,A,Economy
107499,Laura Anderson,826,E,Economy
107500,Jane Brown,1194,C,Economy
107501,Sarah Thomas,184,B,Economy
107502,Katie Jackson,65,D,Economy
107503,John Johnson,434,D,Economy
107504,Michael Anderson,1123,F,Economy
107505,Chris Taylor,706,E,Economy
107506,David Anderson,427,B,Economy
107507,Alex White,1436,E,Economy
107508,Emily Harris,174,D,Economy
107509,Laura Johnson,244,A,Economy
107510,Alex Jackson,623,B,Economy
107511,Sarah Taylor,484,B,Economy
107512,Sarah Martin,1580,C,Economy
107513,John Harris,1017,D,Economy
107514,John Jackson,949,A,Economy
107515,Michael White,555,D,Economy
107516,Sarah White,981,C,Economy
107517,Katie White,1164,E,Economy
107518,Emily Anderson,185,A,Economy
107519,Michael Anderson,486,C,Economy
107520,Laura Anderson,183,F,Economy
107521,Chris Jackson,1226,A,Economy
107522,David Johnson,919,C,Economy
107523,Katie Martin,745,A,Economy
107524,Sarah Martin,388,D,Economy
107525,Katie Anderson,1001,A,Economy
107526,Michael White,1244,A,Economy
107527,Chris Johnson,1243,F,Economy
107528,Michael Taylor,1635,C,Economy
107529,Jane Harris,893,D,Economy
107530,Katie Jackson,926,B,Economy
107531,David Johnson,76,F,Economy
107532,Alex Harris,1647,F,Economy
107533,Michael White,147,E,Economy
107534,Emily Thomas,1176,D,Economy
107535,Jane Thomas,545,F,Economy
107536,Sarah Anderson,214,A,Economy
107537,David Jackson,1483,A,Economy
107538,Sarah Martin,622,E,Economy
107539,Michael White,1472,B,Economy
107540,Laura Martin,973,C,Economy
107541,Michael Anderson,999,C,Economy
107542,Sarah Taylor,1463,F,Economy
107543,Emily Brown,1052,E,Economy
107544,Sarah Taylor,683,F,Economy
107545,Katie Johnson,1660,E,Economy
107546,Michael Taylor,642,B,Economy
107547,Jane Taylor,1464,C,Economy
107548,Jane Johnson,600,D,Economy
107549,Jane Taylor,643,D,Economy
107550,Jane Martin,213,E,Economy
107551,Laura Taylor,1402,C,Economy
107552,Michael Thomas,955,A,Economy
107553,Sarah Johnson,1236,E,Economy
107554,Laura Taylor,1539,D,Economy
107555,David Johnson,825,F,Economy
107556,Michael Smith,1402,D,Economy
107557,Chris Jackson,1234,B,Economy
107558,Michael Smith,1256,F,Economy
107559,John Brown,726,B,Economy
107560,Chris Smith,1618,F,Economy
107561,John Anderson,320,E,Economy
107562,Chris Thomas,1109,E,Economy
107563,David Brown,666,B,Economy
107564,David Anderson,570,C,Economy
107565,Michael Johnson,378,C,Economy
107566,Chris Johnson,755,D,Economy
107567,Jane Smith,271,C,Economy
107568,Sarah Jackson,1037,E,Economy
107569,Alex Jackson,247,F,Economy
107570,Chris Anderson,980,A,Economy
107571,Michael Thomas,890,A,Economy
107572,Laura Smith,1276,E,Economy
107573,Laura Thomas,1640,A,Economy
107574,Emily Jackson,942,F,Economy
107575,Chris White,870,B,Economy
107576,David Jackson,709,B,Economy
107577,Jane White,1442,A,Economy
107578,David Johnson,1125,E,Economy
107579,John Jackson,317,A,Economy
107580,Chris Brown,1077,A,Economy
107581,David White,1095,C,Economy
107582,Chris White,1317,F,Economy
107583,Laura Thomas,1043,D,Economy
107584,Alex Martin,1330,C,Economy
107585,Laura Smith,577,D,Economy
107586,Alex Martin,548,F,Economy
107587,Laura Harris,547,B,Economy
107588,Chris Smith,488,F,Economy
107589,Emily White,845,B,Economy
107590,Laura Brown,356,E,Economy
107591,Chris Harris,1570,A,Economy
107592,Alex Taylor,732,D,Economy
107593,Sarah Harris,941,C,Economy
107594,John Harris,1198,B,Economy
107595,Michael Jackson,1115,B,Economy
107596,John White,282,F,Economy
107597,Jane Brown,1391,B,Economy
107598,Jane Thomas,496,B,Economy
107599,Jane White,796,D,Economy
107600,David Thomas,1593,C,Economy
107601,Laura Taylor,419,E,Economy
107602,Emily Thomas,293,E,Economy
107603,Sarah Johnson,1503,F,Economy
107604,Sarah Brown,726,F,Economy
107605,Emily Johnson,731,F,Economy
107606,Michael Harris,1118,E,Economy
107607,David Johnson,908,E,Economy
107608,John Smith,444,E,Economy
107609,Michael Thomas,953,A,Economy
107610,David Martin,73,D,Economy
107611,Katie Smith,232,B,Economy
107612,Chris Brown,146,C,Economy
107613,Chris Taylor,1361,F,Economy
107614,Alex Harris,1606,C,Economy
107615,Katie Harris,953,E,Economy
107616,Emily Brown,861,F,Economy
107617,Katie Thomas,624,D,Economy
107618,Michael Anderson,1584,B,Economy
107619,David Martin,837,A,Economy
107620,Chris Johnson,977,A,Economy
107621,John Johnson,427,A,Economy
107622,Katie Johnson,640,D,Economy
107623,John Martin,837,E,Economy
107624,Chris Anderson,333,F,Economy
107625,Emily Harris,1526,C,Economy
107626,Katie White,1007,F,Economy
107627,Alex Smith,583,A,Economy
107628,Chris Johnson,736,A,Economy
107629,Alex Brown,41,B,Economy
107630,Emily Taylor,881,E,Economy
107631,Alex Jackson,656,B,Economy
107632,Michael Jackson,861,C,Economy
107633,David Anderson,1385,E,Economy
107634,Katie Brown,332,B,Economy
107635,Michael Martin,332,E,Economy
107636,Laura Thomas,900,D,Economy
107637,Katie Harris,941,F,Economy
107638,Alex Taylor,1271,C,Economy
107639,Katie Jackson,934,A,Economy
107640,Alex Martin,1261,E,Economy
107641,Sarah Anderson,906,C,Economy
107642,David Thomas,90,B,Economy
107643,Chris Anderson,1331,D,Economy
107644,Laura White,1540,F,Economy
107645,Michael Harris,1023,B,Economy
107646,Chris Martin,1476,D,Economy
107647,Jane Martin,321,B,Economy
107648,Laura Anderson,616,D,Economy
107649,Laura Martin,203,F,Economy
107650,Chris Jackson,104,E,Economy
107651,John Brown,1504,A,Economy
107652,Emily Brown,1511,D,Economy
107653,Alex Anderson,533,B,Economy
107654,David Jackson,1319,C,Economy
107655,Laura Martin,1462,C,Economy
107656,Katie Jackson,79,F,Economy
107657,Jane Anderson,543,D,Economy
107658,Sarah Anderson,784,C,Economy
107659,Michael Johnson,118,F,Economy
107660,Jane Taylor,899,E,Economy
107661,Laura Taylor,1535,D,Economy
107662,Michael Anderson,611,F,Economy
107663,John White,209,C,Economy
107664,Michael Smith,1114,D,Economy
107665,Laura Jackson,236,C,Economy
107666,Emily Taylor,143,A,Economy
107667,Jane Johnson,296,B,Economy
107668,Sarah Brown,694,B,Economy
107669,Emily Johnson,908,B,Economy
107670,John Taylor,744,F,Economy
107671,Katie Martin,1094,E,Economy
107672,Emily Smith,681,E,Economy
107673,Katie Jackson,131,B,Economy
107674,David Smith,1153,D,Economy
107675,Sarah Smith,92,B,Economy
107676,Sarah Taylor,618,B,Economy
107677,David Anderson,122,B,Economy
107678,John Martin,1110,E,Economy
107679,David Brown,442,E,Economy
107680,Chris Brown,1646,B,Economy
107681,Chris Jackson,209,E,Economy
107682,John Anderson,165,B,Economy
107683,Alex Johnson,1489,E,Economy
107684,John Jackson,1281,E,Economy
107685,Jane Thomas,1259,E,Economy
107686,Katie Brown,1371,E,Economy
107687,Michael Johnson,809,B,Economy
107688,Chris Smith,86,F,Economy
107689,Emily Taylor,1637,B,Economy
107690,John Taylor,873,C,Economy
107691,Sarah White,1281,A,Economy
107692,Michael Taylor,617,A,Economy
107693,David Jackson,921,A,Economy
107694,Laura White,779,B,Economy
107695,Michael White,1229,A,Economy
107696,Alex Martin,928,E,Economy
107697,Jane Johnson,932,E,Economy
107698,Emily Martin,1293,D,Economy
107699,Laura Smith,850,C,Economy
107700,Chris Harris,655,B,Economy
107701,Alex Jackson,42,C,Economy
107702,John Thomas,1597,D,Economy
107703,Jane Harris,1561,F,Economy
107704,John Smith,365,D,Economy
107705,David Taylor,827,F,Economy
107706,Emily Harris,861,D,Economy
107707,Alex Thomas,1411,A,Economy
107708,David Brown,917,A,Economy
107709,Alex Johnson,1192,C,Economy
107710,Laura Smith,337,B,Economy
107711,Alex Smith,495,D,Economy
107712,Alex Harris,1082,A,Economy
107713,Laura Jackson,799,F,Economy
107714,David Harris,148,E,Economy
107715,Sarah Anderson,1537,B,Economy
107716,Chris Brown,461,E,Economy
107717,Katie Smith,939,C,Economy
107718,John Harris,745,D,Economy
107719,Laura Taylor,1327,A,Economy
107720,Chris Smith,1191,E,Economy
107721,Chris Brown,1090,A,Economy
107722,Chris Jackson,1381,D,Economy
107723,Emily Martin,418,D,Economy
107724,Michael Smith,1357,A,Economy
107725,Laura Thomas,1352,D,Economy
107726,Emily Thomas,489,C,Economy
107727,Emily Harris,1661,B,Economy
107728,Laura Johnson,498,E,Economy
107729,David Anderson,1236,B,Economy
107730,Emily Jackson,966,C,Economy
107731,Sarah Jackson,328,B,Economy
107732,Katie Thomas,1602,A,Economy
107733,Emily Jackson,817,E,Economy
107734,Katie Johnson,575,B,Economy
107735,David Johnson,246,D,Economy
107736,Katie Thomas,719,C,Economy
107737,Michael Martin,157,F,Economy
107738,Laura Thomas,1418,D,Economy
107739,Laura Thomas,668,A,Economy
107740,Laura Johnson,871,C,Economy
107741,Michael Martin,1286,F,Economy
107742,Laura Thomas,176,B,Economy
107743,Sarah Brown,1590,C,Economy
107744,Alex Brown,74,F,Economy
107745,Laura Brown,1654,F,Economy
107746,Katie Johnson,522,E,Economy
107747,Sarah Brown,1516,F,Economy
107748,Laura Harris,312,F,Economy
107749,Michael White,1178,B,Economy
107750,David Smith,203,D,Economy
107751,Jane White,1639,F,Economy
107752,David Taylor,1138,F,Economy
107753,Michael Anderson,941,D,Economy
107754,Michael Jackson,1167,C,Economy
107755,Alex Martin,1540,A,Economy
107756,Katie Thomas,875,C,Economy
107757,Jane Brown,246,C,Economy
107758,Michael Thomas,901,B,Economy
107759,John Smith,456,A,Economy
107760,Laura Taylor,74,E,Economy
107761,David Taylor,1206,A,Economy
107762,Laura Martin,143,E,Economy
107763,Jane White,642,F,Economy
107764,David Jackson,1097,C,Economy
107765,Sarah Taylor,1663,C,Economy
107766,Jane Martin,906,E,Economy
107767,Emily Taylor,80,D,Economy
107768,Laura Smith,1238,A,Economy
107769,Michael White,160,F,Economy
107770,Michael Harris,1566,B,Economy
107771,Chris Jackson,346,F,Economy
107772,Sarah Thomas,1520,A,Economy
107773,Sarah Harris,1470,C,Economy
107774,Katie Smith,1441,F,Economy
107775,Katie Taylor,709,A,Economy
107776,Chris Thomas,550,C,Economy
107777,David Harris,1606,A,Economy
107778,David Jackson,199,F,Economy
107779,John Thomas,1245,B,Economy
107780,John Taylor,504,D,Economy
107781,Jane White,1452,C,Economy
107782,David Brown,1188,C,Economy
107783,Emily Johnson,1612,C,Economy
107784,Jane Thomas,1301,B,Economy
107785,Katie White,1626,B,Economy
107786,Chris Martin,1219,F,Economy
107787,Jane Thomas,1077,B,Economy
107788,Laura White,1610,C,Economy
107789,Chris Harris,1658,E,Economy
107790,Emily Smith,1038,F,Economy
107791,John Harris,445,E,Economy
107792,Sarah Anderson,1240,D,Economy
107793,Sarah Martin,1621,E,Economy
107794,Jane Harris,56,A,Economy
107795,Chris Anderson,1383,D,Economy
107796,Emily Brown,338,F,Economy
107797,John Brown,1469,F,Economy
107798,Sarah Johnson,812,F,Economy
107799,David Jackson,1537,F,Economy
107800,John Anderson,57,A,Economy
107801,Michael Harris,1637,E,Economy
107802,Michael Jackson,763,E,Economy
107803,John Harris,821,B,Economy
107804,Laura Jackson,962,C,Economy
107805,Sarah Johnson,635,E,Economy
107806,John Smith,1066,E,Economy
107807,Jane Jackson,653,A,Economy
107808,Emily Taylor,998,E,Economy
107809,Chris Thomas,389,C,Economy
107810,John Thomas,955,F,Economy
107811,Katie White,1567,A,Economy
107812,Katie Taylor,1350,B,Economy
107813,Emily Anderson,115,C,Economy
107814,David Taylor,1591,D,Economy
107815,Chris Johnson,1626,D,Economy
107816,Sarah Thomas,1393,F,Economy
107817,David Harris,505,E,Economy
107818,Jane Anderson,709,C,Economy
107819,Jane Brown,1390,C,Economy
107820,Alex White,412,E,Economy
107821,John Taylor,1662,D,Economy
107822,David Smith,1411,C,Economy
107823,Laura Thomas,464,E,Economy
107824,David Harris,961,E,Economy
107825,Chris Johnson,686,A,Economy
107826,Chris White,1029,B,Economy
107827,Alex Smith,1119,E,Economy
107828,Emily White,1595,F,Economy
107829,Laura Harris,512,E,Economy
107830,Emily Smith,954,B,Economy
107831,Alex Martin,518,A,Economy
107832,David Johnson,746,D,Economy
107833,John Anderson,714,B,Economy
107834,Emily Anderson,1631,C,Economy
107835,Katie Harris,1418,F,Economy
107836,Chris Harris,532,E,Economy
107837,John Anderson,677,E,Economy
107838,Katie Brown,126,C,Economy
107839,Michael Smith,179,A,Economy
107840,David Thomas,299,A,Economy
107841,David Jackson,1257,C,Economy
107842,David Taylor,931,A,Economy
107843,Laura Anderson,816,A,Economy
107844,Sarah Martin,1167,F,Economy
107845,Chris Johnson,667,F,Economy
107846,Katie Martin,218,C,Economy
107847,Alex Thomas,857,F,Economy
107848,Katie Martin,529,A,Economy
107849,Katie Harris,465,D,Economy
107850,Michael Harris,949,E,Economy
107851,David Harris,1528,C,Economy
107852,Chris Smith,1366,D,Economy
107853,Alex Thomas,1184,D,Economy
107854,Alex Anderson,514,D,Economy
107855,Katie Brown,956,A,Economy
107856,David Taylor,240,F,Economy
107857,Emily Martin,595,A,Economy
107858,Chris Jackson,1197,B,Economy
107859,John Martin,211,F,Economy
107860,Chris White,590,E,Economy
107861,Michael Martin,978,C,Economy
107862,David Taylor,873,B,Economy
107863,Michael Harris,1238,C,Economy
107864,Michael White,1111,C,Economy
107865,Sarah Jackson,43,F,Economy
107866,Emily Martin,1557,B,Economy
107867,Chris White,688,C,Economy
107868,David Brown,1619,F,Economy
107869,Sarah Smith,47,A,Economy
107870,Sarah Martin,1509,C,Economy
107871,Jane Harris,1055,C,Economy
107872,Laura Harris,459,F,Economy
107873,Jane Thomas,520,C,Economy
107874,Katie Anderson,672,A,Economy
107875,David Brown,1173,D,Economy
107876,Alex Smith,1287,F,Economy
107877,Katie Thomas,458,B,Economy
107878,Jane White,1252,A,Economy
107879,Jane Jackson,813,F,Economy
107880,Alex Johnson,331,F,Economy
107881,Chris Anderson,891,D,Economy
107882,John Smith,688,D,Economy
107883,Alex White,259,F,Economy
107884,Laura Brown,762,C,Economy
107885,Sarah Brown,1442,D,Economy
107886,Katie Thomas,658,E,Economy
107887,John Harris,705,C,Economy
107888,John White,535,E,Economy
107889,Laura Anderson,199,B,Economy
107890,Katie Martin,1141,A,Economy
107891,Michael Johnson,123,C,Economy
107892,John Taylor,1181,E,Economy
107893,John Taylor,1352,F,Economy
107894,Katie Brown,179,C,Economy
107895,Jane Harris,650,F,Economy
107896,Sarah White,368,D,Economy
107897,Laura Martin,1075,E,Economy
107898,Chris Jackson,205,E,Economy
107899,Sarah Johnson,1434,A,Economy
107900,John Smith,211,E,Economy
107901,Michael Jackson,1114,F,Economy
107902,Laura Martin,112,F,Economy
107903,David Brown,723,F,Economy
107904,Jane White,366,B,Economy
107905,Chris Jackson,142,B,Economy
107906,Katie White,850,A,Economy
107907,John Brown,1536,C,Economy
107908,Emily Jackson,117,B,Economy
107909,Jane White,1123,D,Economy
107910,Laura White,1178,F,Economy
107911,Katie Johnson,943,A,Economy
107912,David Harris,516,E,Economy
107913,Sarah Jackson,711,D,Economy
107914,Sarah Taylor,1041,C,Economy
107915,Emily Taylor,344,A,Economy
107916,Katie Martin,354,E,Economy
107917,Laura White,585,A,Economy
107918,Katie White,416,A,Economy
107919,Laura White,348,B,Economy
107920,Emily Martin,1359,E,Economy
107921,Jane Smith,54,A,Economy
107922,Jane White,330,E,Economy
107923,David Smith,1627,F,Economy
107924,Michael White,1037,A,Economy
107925,John Thomas,595,C,Economy
107926,Laura Johnson,431,D,Economy
107927,Laura Jackson,1595,E,Economy
107928,David Brown,347,B,Economy
107929,Chris Johnson,835,F,Economy
107930,David Johnson,370,A,Economy
107931,Sarah Johnson,1396,E,Economy
107932,John Anderson,1060,A,Economy
107933,John Martin,175,C,Economy
107934,Sarah Brown,1489,A,Economy
107935,Alex Smith,1393,E,Economy
107936,Alex Anderson,172,C,Economy
107937,Chris Martin,227,D,Economy
107938,Michael Johnson,569,D,Economy
107939,Michael Thomas,1194,D,Economy
107940,Michael Anderson,712,E,Economy
107941,John Brown,596,C,Economy
107942,Alex Johnson,1456,B,Economy
107943,Emily Smith,178,A,Economy
107944,Chris Anderson,521,A,Economy
107945,Jane Thomas,1598,C,Economy
107946,Jane Johnson,883,F,Economy
107947,Katie Thomas,815,E,Economy
107948,Chris Smith,665,E,Economy
107949,Alex Harris,1472,F,Economy
107950,Sarah Jackson,247,B,Economy
107951,Katie Harris,946,D,Economy
107952,David Harris,786,B,Economy
107953,Sarah Anderson,1570,F,Economy
107954,Emily Thomas,373,F,Economy
107955,Laura Johnson,536,D,Economy
107956,Katie Thomas,680,F,Economy
107957,John Smith,890,B,Economy
107958,David Brown,802,E,Economy
107959,David Taylor,386,B,Economy
107960,Jane Jackson,103,B,Economy
107961,Sarah Taylor,975,E,Economy
107962,Chris Anderson,862,F,Economy
107963,John Taylor,1267,A,Economy
107964,Jane Smith,393,D,Economy
107965,Laura Smith,1064,B,Economy
107966,John Smith,502,C,Economy
107967,Michael Brown,1325,A,Economy
107968,Laura Taylor,380,D,Economy
107969,Katie Martin,652,F,Economy
107970,Laura Brown,270,C,Economy
107971,John Harris,663,D,Economy
107972,Sarah Anderson,1011,B,Economy
107973,Michael Martin,413,A,Economy
107974,Jane Thomas,759,B,Economy
107975,Sarah Thomas,1302,C,Economy
107976,John White,1596,C,Economy
107977,Katie Jackson,570,D,Economy
107978,Jane White,1448,A,Economy
107979,David Brown,1205,F,Economy
107980,Michael Brown,358,E,Economy
107981,Chris Taylor,849,E,Economy
107982,Sarah Martin,636,D,Economy
107983,Katie Johnson,760,B,Economy
107984,Michael Thomas,1542,D,Economy
107985,Chris Taylor,356,A,Economy
107986,Jane Jackson,661,D,Economy
107987,David Jackson,682,B,Economy
107988,Jane White,295,E,Economy
107989,Sarah Taylor,1456,D,Economy
107990,Laura Harris,773,D,Economy
107991,Katie Martin,700,B,Economy
107992,David Johnson,1479,E,Economy
107993,Jane Jackson,143,D,Economy
107994,Laura Jackson,504,E,Economy
107995,John White,105,B,Economy
107996,David Johnson,974,F,Economy
107997,Katie Martin,443,B,Economy
107998,Jane White,1505,D,Economy
107999,Sarah Johnson,1169,D,Economy
108000,Katie Martin,252,E,Economy
108001,Sarah White,947,E,Economy
108002,Chris Smith,545,C,Economy
108003,John Jackson,827,D,Economy
108004,Chris Jackson,1251,C,Economy
108005,Laura Johnson,290,F,Economy
108006,Jane Martin,379,B,Economy
108007,John Brown,351,C,Economy
108008,Jane Taylor,1554,F,Economy
108009,Katie Johnson,1458,F,Economy
108010,Alex White,1399,D,Economy
108011,Chris Jackson,851,F,Economy
108012,Chris Smith,1431,F,Economy
108013,Chris Taylor,1175,C,Economy
108014,Emily Johnson,1367,B,Economy
108015,Jane Jackson,226,A,Economy
108016,David Anderson,460,B,Economy
108017,Katie Harris,1656,B,Economy
108018,Laura Smith,694,A,Economy
108019,Emily Brown,188,E,Economy
108020,Laura Smith,1448,F,Economy
108021,Katie Jackson,523,A,Economy
108022,Jane Smith,695,B,Economy
108023,Sarah Anderson,1401,B,Economy
108024,Alex Smith,1514,E,Economy
108025,David Johnson,1500,E,Economy
108026,John Harris,46,D,Economy
108027,David White,130,B,Economy
108028,Chris Harris,990,D,Economy
108029,John Jackson,142,C,Economy
108030,Katie Smith,1337,B,Economy
108031,Katie Anderson,138,A,Economy
108032,Katie Thomas,660,D,Economy
108033,Emily Johnson,1105,E,Economy
108034,Alex Johnson,457,C,Economy
108035,David Harris,1376,D,Economy
108036,David Jackson,1416,F,Economy
108037,John Johnson,956,C,Economy
108038,David Martin,104,B,Economy
108039,Sarah Anderson,1180,B,Economy
108040,David Martin,155,A,Economy
108041,Katie Thomas,651,D,Economy
108042,David White,492,C,Economy
108043,David Martin,133,D,Economy
108044,Emily Thomas,72,A,Economy
108045,Chris Jackson,742,C,Economy
108046,Chris Smith,1541,F,Economy
108047,Sarah Martin,613,F,Economy
108048,Jane White,1476,E,Economy
108049,Laura Brown,358,A,Economy
108050,John Harris,316,D,Economy
108051,Laura Harris,1146,E,Economy
108052,Laura White,1178,A,Economy
108053,David Anderson,322,A,Economy
108054,Jane White,1406,D,Economy
108055,Katie White,1215,A,Economy
108056,Laura Smith,607,F,Economy
108057,Chris Smith,1256,A,Economy
108058,David Smith,249,D,Economy
108059,Laura Brown,882,F,Economy
108060,David White,838,B,Economy
108061,Jane Taylor,394,B,Economy
108062,Emily Anderson,1178,E,Economy
108063,Emily White,546,B,Economy
108064,Katie White,1624,F,Economy
108065,Laura Johnson,885,C,Economy
108066,Emily Harris,1374,B,Economy
108067,Laura Taylor,1582,E,Economy
108068,Katie Taylor,205,F,Economy
108069,John Anderson,988,B,Economy
108070,Michael Smith,619,C,Economy
108071,David Smith,403,E,Economy
108072,John Thomas,94,B,Economy
108073,Michael Thomas,1321,C,Economy
108074,Alex Jackson,670,D,Economy
108075,Emily Brown,758,C,Economy
108076,Alex Johnson,441,F,Economy
108077,Michael Jackson,733,B,Economy
108078,Chris Thomas,1094,F,Economy
108079,David Anderson,604,B,Economy
108080,Jane Johnson,1239,A,Economy
108081,Jane Martin,1266,F,Economy
108082,John Brown,1298,D,Economy
108083,Emily Thomas,536,A,Economy
108084,Michael Martin,793,D,Economy
108085,Jane Johnson,1370,E,Economy
108086,Sarah Martin,918,E,Economy
108087,Sarah Brown,537,E,Economy
108088,Laura Jackson,1128,B,Economy
108089,Jane White,751,E,Economy
108090,David Jackson,1073,B,Economy
108091,David Jackson,1276,B,Economy
108092,Sarah Anderson,1169,E,Economy
108093,John Jackson,1223,F,Economy
108094,Sarah Martin,478,B,Economy
108095,Sarah Jackson,197,F,Economy
108096,Jane Brown,1008,F,Economy
108097,Jane Jackson,918,A,Economy
108098,Emily Smith,1374,E,Economy
108099,David Brown,374,B,Economy
108100,David Harris,1664,F,Economy
108101,Michael Johnson,148,B,Economy
108102,Alex Harris,288,A,Economy
108103,Emily Smith,1629,F,Economy
108104,Sarah White,40,C,Economy
108105,Katie Harris,424,C,Economy
108106,Alex Martin,976,E,Economy
108107,Alex Thomas,840,C,Economy
108108,Jane Taylor,132,B,Economy
108109,Emily Harris,1466,C,Economy
108110,Michael Thomas,1453,D,Economy
108111,Alex Smith,1556,F,Economy
108112,David Johnson,131,E,Economy
108113,Alex Jackson,1193,A,Economy
108114,Chris Anderson,319,A,Economy
108115,Sarah Thomas,1426,D,Economy
108116,Michael White,805,C,Economy
108117,John Smith,89,E,Economy
108118,Laura Taylor,1129,A,Economy
108119,Emily Jackson,1075,D,Economy
108120,Katie Taylor,820,C,Economy
108121,John Smith,959,E,Economy
108122,David Brown,1277,F,Economy
108123,Laura Brown,215,A,Economy
108124,Jane Smith,1273,D,Economy
108125,Emily Johnson,1005,E,Economy
108126,Sarah Smith,1654,E,Economy
108127,Michael Taylor,537,C,Economy
108128,Laura Anderson,672,D,Economy
108129,Laura Harris,901,A,Economy
108130,Michael Taylor,781,F,Economy
108131,David Brown,767,D,Economy
108132,Jane White,683,E,Economy
108133,David Taylor,1405,D,Economy
108134,David Harris,313,C,Economy
108135,Alex Thomas,109,A,Economy
108136,Laura Taylor,1645,C,Economy
108137,David Thomas,1474,F,Economy
108138,Sarah Brown,1113,D,Economy
108139,Laura Thomas,1356,F,Economy
108140,David Anderson,1610,A,Economy
108141,Alex Thomas,195,C,Economy
108142,Katie Thomas,1317,D,Economy
108143,David Anderson,221,C,Economy
108144,Alex White,269,D,Economy
108145,Alex Jackson,1343,F,Economy
108146,Sarah Brown,1014,F,Economy
108147,Jane Harris,1635,B,Economy
108148,Emily Martin,481,A,Economy
108149,David Jackson,1255,E,Economy
108150,Laura Smith,1340,C,Economy
108151,Katie Harris,313,E,Economy
108152,Alex Jackson,198,A,Economy
108153,Katie Jackson,1095,F,Economy
108154,Michael Brown,1280,B,Economy
108155,Jane Thomas,812,B,Economy
108156,Chris Anderson,1410,A,Economy
108157,Michael Thomas,1611,B,Economy
108158,Katie Thomas,557,B,Economy
108159,Emily Harris,856,E,Economy
108160,Chris Anderson,1336,F,Economy
108161,Alex Brown,1411,E,Economy
108162,Jane Anderson,584,A,Economy
108163,John Jackson,614,C,Economy
108164,Michael Anderson,1065,F,Economy
108165,David Jackson,1477,C,Economy
108166,Emily Harris,1096,C,Economy
108167,Katie Harris,1276,F,Economy
108168,Alex Harris,158,A,Economy
108169,Katie Harris,477,D,Economy
108170,Alex Johnson,1130,D,Economy
108171,John Martin,285,A,Economy
108172,Jane White,1436,A,Economy
108173,Emily Brown,471,C,Economy
108174,Chris Anderson,1346,E,Economy
108175,Jane Brown,1201,F,Economy
108176,Emily Anderson,1117,D,Economy
108177,John Johnson,1212,C,Economy
108178,Laura Brown,638,A,Economy
108179,Michael Taylor,1154,E,Economy
108180,Jane Taylor,74,C,Economy
108181,Michael Martin,774,C,Economy
108182,Alex Brown,1080,C,Economy
108183,Laura Thomas,1292,D,Economy
108184,Alex Anderson,37,F,Economy
108185,Laura Smith,874,A,Economy
108186,David Martin,796,B,Economy
108187,Sarah Harris,973,E,Economy
108188,John Taylor,528,C,Economy
108189,David Brown,96,D,Economy
108190,Katie Harris,669,A,Economy
108191,Alex Taylor,1414,D,Economy
108192,Chris Smith,132,C,Economy
108193,Katie Thomas,135,A,Economy
108194,John Anderson,335,D,Economy
108195,John Jackson,705,F,Economy
108196,David Smith,1611,D,Economy
108197,Jane Jackson,1156,A,Economy
108198,Chris Taylor,180,A,Economy
108199,Jane White,554,B,Economy
108200,Laura Thomas,1470,E,Economy
108201,Emily Johnson,953,D,Economy
108202,Emily Johnson,147,A,Economy
108203,John Brown,844,E,Economy
108204,Katie Smith,1046,D,Economy
108205,Michael Taylor,1320,B,Economy
108206,Michael Johnson,438,A,Economy
108207,Michael White,309,F,Economy
108208,Sarah Smith,1553,F,Economy
108209,Jane Anderson,1067,A,Economy
108210,Michael Smith,1036,E,Economy
108211,John White,304,D,Economy
108212,Sarah Smith,248,C,Economy
108213,Chris White,818,C,Economy
108214,Laura White,1656,F,Economy
108215,Sarah Anderson,451,D,Economy
108216,Laura Brown,967,D,Economy
108217,Laura Harris,628,C,Economy
108218,Chris Brown,322,E,Economy
108219,David Anderson,1210,D,Economy
108220,Michael Smith,794,D,Economy
108221,David Taylor,1638,D,Economy
108222,Michael White,194,D,Economy
108223,Katie Brown,299,C,Economy
108224,Sarah Jackson,488,D,Economy
108225,Michael Anderson,493,E,Economy
108226,Katie Anderson,685,C,Economy
108227,Chris Brown,604,A,Economy
108228,Laura Jackson,696,B,Economy
108229,Sarah Smith,1090,F,Economy
108230,Katie Harris,33,A,Economy
108231,John Harris,47,E,Economy
108232,John Anderson,463,B,Economy
108233,John Anderson,445,D,Economy
108234,Katie Thomas,772,D,Economy
108235,John Martin,81,A,Economy
108236,Sarah Martin,1020,E,Economy
108237,David Jackson,1518,D,Economy
108238,Emily Brown,1400,E,Economy
108239,Sarah Smith,1409,C,Economy
108240,John Jackson,1374,D,Economy
108241,Laura Smith,1539,F,Economy
108242,David Martin,964,E,Economy
108243,Katie Harris,722,E,Economy
108244,Laura Johnson,672,C,Economy
108245,Chris Harris,37,D,Economy
108246,John Harris,401,F,Economy
108247,Sarah Brown,940,B,Economy
108248,Alex Martin,387,A,Economy
108249,John Jackson,1556,D,Economy
108250,Emily Brown,1058,B,Economy
108251,Chris Martin,189,E,Economy
108252,Sarah Thomas,438,D,Economy
108253,John Johnson,377,B,Economy
108254,David Anderson,85,B,Economy
108255,John Smith,296,A,Economy
108256,John Johnson,294,B,Economy
108257,Katie Johnson,747,B,Economy
108258,Chris Jackson,1056,E,Economy
108259,Jane Johnson,52,A,Economy
108260,Jane Anderson,228,F,Economy
108261,Emily Jackson,1517,C,Economy
108262,Chris Jackson,361,C,Economy
108263,Katie Martin,1224,F,Economy
108264,Sarah Taylor,786,E,Economy
108265,Alex White,1239,D,Economy
108266,Jane Brown,911,A,Economy
108267,Katie Johnson,192,A,Economy
108268,David Jackson,465,E,Economy
108269,David Martin,757,F,Economy
108270,John Anderson,1303,A,Economy
108271,Katie White,55,C,Economy
108272,Alex Martin,622,D,Economy
108273,Emily Brown,966,F,Economy
108274,David Martin,1543,F,Economy
108275,Michael Jackson,101,E,Economy
108276,Laura White,882,D,Economy
108277,John Harris,66,E,Economy
108278,Jane Anderson,399,E,Economy
108279,Alex Anderson,820,D,Economy
108280,Chris Jackson,1066,F,Economy
108281,Alex Taylor,743,E,Economy
108282,Jane Martin,519,E,Economy
108283,Sarah Thomas,1407,B,Economy
108284,John Harris,1344,F,Economy
108285,Alex Thomas,436,D,Economy
108286,Chris Smith,1051,C,Economy
108287,Jane Thomas,1583,E,Economy
108288,Katie Jackson,839,C,Economy
108289,David Thomas,391,C,Economy
108290,Chris Harris,1331,E,Economy
108291,Laura Brown,288,F,Economy
108292,David Johnson,705,D,Economy
108293,Katie Thomas,849,C,Economy
108294,Alex Jackson,538,F,Economy
108295,Emily Martin,1284,A,Economy
108296,David Smith,1024,E,Economy
108297,Alex Smith,740,D,Economy
108298,Jane White,1568,E,Economy
108299,Chris Harris,376,A,Economy
108300,Alex Johnson,364,A,Economy
108301,David Anderson,125,B,Economy
108302,Jane Anderson,1317,C,Economy
108303,Katie Thomas,711,E,Economy
108304,Alex Jackson,1172,B,Economy
108305,John Harris,1290,F,Economy
108306,Sarah Martin,694,D,Economy
108307,David Harris,399,B,Economy
108308,Chris Anderson,436,B,Economy
108309,John Brown,884,D,Economy
108310,Sarah White,889,A,Economy
108311,Sarah Anderson,673,F,Economy
108312,Alex Brown,1272,D,Economy
108313,Alex Jackson,409,F,Economy
108314,Alex Martin,124,D,Economy
108315,Michael Smith,122,C,Economy
108316,Emily White,1601,E,Economy
108317,Chris Thomas,1000,D,Economy
108318,Sarah Jackson,637,E,Economy
108319,Emily White,889,B,Economy
108320,Jane White,1372,F,Economy
108321,Emily Jackson,1440,D,Economy
108322,Michael Harris,199,D,Economy
108323,Michael Anderson,457,D,Economy
108324,Alex Johnson,623,D,Economy
108325,John Thomas,1531,F,Economy
108326,Alex Harris,717,D,Economy
108327,Sarah Johnson,1146,F,Economy
108328,Jane Smith,1347,E,Economy
108329,Chris White,1086,E,Economy
108330,Emily Johnson,1083,F,Economy
108331,Jane Martin,316,C,Economy
108332,Laura White,516,B,Economy
108333,Alex Johnson,632,A,Economy
108334,Sarah Anderson,1386,C,Economy
108335,Jane Thomas,688,A,Economy
108336,Alex Thomas,875,D,Economy
108337,Sarah Johnson,177,F,Economy
108338,Sarah Martin,589,B,Economy
108339,Laura Jackson,1303,F,Economy
108340,Emily Taylor,970,B,Economy
108341,Katie Brown,987,D,Economy
108342,Jane Thomas,1515,A,Economy
108343,Alex Brown,965,E,Economy
108344,John Thomas,1120,B,Economy
108345,Katie Smith,1608,D,Economy
108346,Laura Anderson,974,B,Economy
108347,Laura Harris,1152,A,Economy
108348,David Anderson,944,B,Economy
108349,Chris Martin,402,D,Economy
108350,Sarah Jackson,709,F,Economy
108351,Laura Thomas,41,C,Economy
108352,Emily Martin,402,E,Economy
108353,Jane Jackson,993,A,Economy
108354,Chris Taylor,352,F,Economy
108355,Jane Jackson,980,F,Economy
108356,Michael Taylor,465,B,Economy
108357,Emily White,738,D,Economy
108358,Sarah Brown,718,C,Economy
108359,Chris Brown,533,E,Economy
108360,Chris Smith,1446,C,Economy
108361,Laura Martin,842,E,Economy
108362,David Thomas,208,E,Economy
108363,Michael Thomas,1049,C,Economy
108364,Katie Martin,1124,E,Economy
108365,David White,67,C,Economy
108366,Emily Harris,1313,E,Economy
108367,Katie Thomas,1536,D,Economy
108368,Katie Jackson,1130,F,Economy
108369,John Brown,1163,B,Economy
108370,Michael Smith,234,B,Economy
108371,Sarah Taylor,377,D,Economy
108372,John Johnson,1213,F,Economy
108373,Laura Brown,1153,E,Economy
108374,Chris Johnson,172,E,Economy
108375,Jane Anderson,878,A,Economy
108376,Emily Martin,1358,A,Economy
108377,Katie Jackson,1193,D,Economy
108378,Chris Martin,840,B,Economy
108379,Sarah Anderson,965,B,Economy
108380,David Anderson,310,A,Economy
108381,John Jackson,1309,A,Economy
108382,Michael Johnson,1660,B,Economy
108383,Emily Smith,699,C,Economy
108384,John Harris,288,E,Economy
108385,Katie Thomas,1020,A,Economy
108386,Chris Harris,944,A,Economy
108387,John Jackson,1007,C,Economy
108388,John Thomas,939,E,Economy
108389,Jane Taylor,454,A,Economy
108390,Katie Smith,353,E,Economy
108391,David Jackson,800,A,Economy
108392,Alex Anderson,279,D,Economy
108393,Sarah Johnson,1302,E,Economy
108394,Alex Johnson,498,A,Economy
108395,Alex Johnson,1644,A,Economy
108396,Chris Brown,842,B,Economy
108397,Jane White,1037,C,Economy
108398,John Taylor,46,F,Economy
108399,Emily Anderson,959,A,Economy
108400,Sarah Martin,591,C,Economy
108401,Alex Thomas,707,B,Economy
108402,Sarah Jackson,433,D,Economy
108403,Laura Martin,1570,D,Economy
108404,Katie Jackson,1141,C,Economy
108405,Jane Anderson,1076,A,Economy
108406,Emily Anderson,50,F,Economy
108407,Chris Jackson,939,A,Economy
108408,Emily Jackson,344,F,Economy
108409,Chris Thomas,803,E,Economy
108410,Sarah Thomas,1624,B,Economy
108411,Laura Johnson,588,C,Economy
108412,Michael Jackson,842,D,Economy
108413,John Martin,1046,F,Economy
108414,Katie Martin,1607,C,Economy
108415,David Harris,664,F,Economy
108416,Laura Anderson,1507,B,Economy
108417,David White,36,B,Economy
108418,Sarah Johnson,1085,D,Economy
108419,Jane Martin,1248,D,Economy
108420,Alex Anderson,317,E,Economy
108421,Emily Brown,1468,B,Economy
108422,Michael Brown,561,E,Economy
108423,David Thomas,575,F,Economy
108424,Katie Thomas,1487,D,Economy
108425,Katie Taylor,427,E,Economy
108426,David Brown,1106,E,Economy
108427,Alex Johnson,1346,F,Economy
108428,Alex Smith,1137,A,Economy
108429,David Thomas,75,E,Economy
108430,Jane Brown,1179,E,Economy
108431,Emily Smith,1334,F,Economy
108432,Alex Taylor,1617,A,Economy
108433,John Martin,674,B,Economy
108434,Jane Taylor,35,A,Economy
108435,Chris Brown,1092,C,Economy
108436,David Thomas,61,B,Economy
108437,Jane Thomas,390,D,Economy
108438,John Johnson,632,B,Economy
108439,John Thomas,1350,A,Economy
108440,Emily Anderson,454,E,Economy
108441,Laura Johnson,1527,C,Economy
108442,Laura Jackson,287,C,Economy
108443,Sarah Thomas,846,A,Economy
108444,Chris Brown,1010,E,Economy
108445,Emily Harris,1645,D,Economy
108446,Emily White,1295,A,Economy
108447,John Thomas,1364,D,Economy
108448,Sarah Thomas,428,B,Economy
108449,Michael Taylor,1513,C,Economy
108450,David Taylor,889,C,Economy
108451,David White,1181,F,Economy
108452,David Johnson,99,E,Economy
108453,Sarah Anderson,649,B,Economy
108454,Katie Smith,1035,E,Economy
108455,David Martin,769,A,Economy
108456,Emily White,1436,C,Economy
108457,David White,1318,F,Economy
108458,Michael Martin,1230,C,Economy
108459,Jane Thomas,453,A,Economy
108460,John Martin,1271,B,Economy
108461,Chris Anderson,1082,B,Economy
108462,Laura Smith,1118,D,Economy
108463,Michael Jackson,752,C,Economy
108464,Alex White,1352,B,Economy
108465,Sarah Smith,747,D,Economy
108466,David Taylor,721,F,Economy
108467,David Taylor,839,D,Economy
108468,Alex Johnson,576,D,Economy
108469,Emily Thomas,975,F,Economy
108470,Michael Smith,1324,B,Economy
108471,Jane Jackson,1302,B,Economy
108472,Sarah Harris,305,C,Economy
108473,Jane Smith,993,D,Economy
108474,Katie Jackson,1184,A,Economy
108475,Laura Taylor,1118,A,Economy
108476,Emily Martin,1218,C,Economy
108477,Alex Taylor,680,E,Economy
108478,Katie Harris,746,F,Economy
108479,Jane White,73,A,Economy
108480,Chris Brown,786,C,Economy
108481,Jane Smith,1419,A,Economy
108482,Emily Anderson,102,C,Economy
108483,Alex Taylor,757,B,Economy
108484,Jane Taylor,70,B,Economy
108485,Katie Johnson,277,C,Economy
108486,Emily Martin,1267,C,Economy
108487,Jane Anderson,267,C,Economy
108488,Laura Smith,1103,D,Economy
108489,Emily Brown,1515,D,Economy
108490,Katie Harris,469,F,Economy
108491,Chris Anderson,163,E,Economy
108492,Michael Harris,641,E,Economy
108493,John Brown,1603,F,Economy
108494,Laura Jackson,1079,F,Economy
108495,John Johnson,728,C,Economy
108496,Alex Anderson,575,C,Economy
108497,Jane White,951,E,Economy
108498,Katie Brown,854,A,Economy
108499,John White,1349,D,Economy
108500,John White,1304,D,Economy
108501,David Anderson,1613,E,Economy
108502,John White,1110,F,Economy
108503,Jane Taylor,207,F,Economy
108504,Chris Thomas,1221,F,Economy
108505,Emily Jackson,151,D,Economy
108506,Alex Thomas,183,C,Economy
108507,Chris Smith,431,B,Economy
108508,Chris Smith,121,B,Economy
108509,Sarah Thomas,1072,E,Economy
108510,Jane Johnson,453,B,Economy
108511,John Jackson,906,F,Economy
108512,Laura Anderson,728,F,Economy
108513,Sarah Taylor,248,B,Economy
108514,John Johnson,982,B,Economy
108515,John White,372,D,Economy
108516,Chris White,1043,C,Economy
108517,John Smith,696,A,Economy
108518,Sarah Martin,552,C,Economy
108519,Sarah White,697,F,Economy
108520,Emily Smith,1237,A,Economy
108521,Jane Thomas,858,F,Economy
108522,Jane Johnson,1548,A,Economy
108523,Laura Harris,454,B,Economy
108524,John Brown,1059,D,Economy
108525,David Jackson,466,F,Economy
108526,Sarah Harris,502,B,Economy
108527,Alex Thomas,61,F,Economy
108528,Jane Johnson,619,B,Economy
108529,Michael Taylor,1027,F,Economy
108530,Sarah White,507,C,Economy
108531,David Anderson,1175,A,Economy
108532,Sarah Brown,242,D,Economy
108533,Jane Thomas,308,E,Economy
108534,Michael Martin,1464,A,Economy
108535,John Harris,378,F,Economy
108536,Katie Brown,349,F,Economy
108537,Sarah Harris,236,A,Economy
108538,John Anderson,1164,C,Economy
108539,Michael Harris,309,E,Economy
108540,Alex Johnson,1221,B,Economy
108541,Chris Taylor,1003,A,Economy
108542,Jane Taylor,1470,D,Economy
108543,Emily Harris,1452,B,Economy
108544,David Harris,937,D,Economy
108545,David Thomas,932,B,Economy
108546,Alex White,788,D,Economy
108547,Katie Brown,428,F,Economy
108548,Katie Jackson,590,D,Economy
108549,Jane Thomas,1528,D,Economy
108550,Michael Thomas,1074,E,Economy
108551,Michael Johnson,1320,C,Economy
108552,Chris Martin,316,A,Economy
108553,Sarah Martin,155,E,Economy
108554,Sarah Anderson,859,D,Economy
108555,Michael Smith,529,D,Economy
108556,Michael Anderson,1373,C,Economy
108557,Chris Brown,543,B,Economy
108558,Laura Jackson,289,F,Economy
108559,David Taylor,562,D,Economy
108560,David Jackson,506,C,Economy
108561,Sarah Harris,1214,D,Economy
108562,David Harris,137,E,Economy
108563,Emily White,535,D,Economy
108564,Sarah Taylor,137,C,Economy
108565,Laura Harris,1270,A,Economy
108566,Katie Martin,1354,E,Economy
108567,Sarah Anderson,1274,F,Economy
108568,Jane Martin,356,F,Economy
108569,Katie Thomas,58,F,Economy
108570,Sarah Martin,1004,B,Economy
108571,John Harris,1301,A,Economy
108572,Jane Martin,979,A,Economy
108573,David Taylor,1130,A,Economy
108574,Chris Anderson,891,C,Economy
108575,Jane Johnson,174,F,Economy
108576,Chris Anderson,1121,C,Economy
108577,Laura Johnson,1367,F,Economy
108578,Alex Anderson,229,B,Economy
108579,Michael Martin,927,C,Economy
108580,John Thomas,135,C,Economy
108581,Michael Martin,1548,D,Economy
108582,Chris Martin,1291,D,Economy
108583,Chris Anderson,647,F,Economy
108584,Alex Martin,160,C,Economy
108585,Michael Thomas,792,F,Economy
108586,Emily Brown,607,C,Economy
108587,Emily Harris,604,E,Economy
108588,Michael Smith,1177,D,Economy
108589,David White,68,A,Economy
108590,Chris Jackson,357,B,Economy
108591,John Harris,156,F,Economy
108592,Emily Jackson,832,F,Economy
108593,David Thomas,676,E,Economy
108594,Michael Smith,294,D,Economy
108595,Sarah Smith,612,A,Economy
108596,Michael Thomas,1054,E,Economy
108597,Chris Thomas,863,F,Economy
108598,Sarah Smith,1498,A,Economy
108599,Laura Martin,1569,A,Economy
108600,Michael Taylor,1508,A,Economy
108601,Laura Johnson,1226,E,Economy
108602,Michael Anderson,1483,E,Economy
108603,Sarah Taylor,1641,C,Economy
108604,Katie Martin,311,C,Economy
108605,David Johnson,389,F,Economy
108606,Sarah Martin,1138,B,Economy
108607,Alex Harris,724,D,Economy
108608,Katie Martin,1158,C,Economy
108609,John Harris,922,F,Economy
108610,Alex Thomas,704,D,Economy
108611,Katie Taylor,1022,E,Economy
108612,Laura Harris,1202,D,Economy
108613,Michael Smith,453,F,Economy
108614,Alex Harris,368,A,Economy
108615,Emily Smith,616,B,Economy
108616,Alex Harris,853,B,Economy
108617,Michael Taylor,163,B,Economy
108618,Alex Martin,834,C,Economy
108619,Laura Anderson,1530,C,Economy
108620,Katie Johnson,206,A,Economy
108621,Michael Harris,134,C,Economy
108622,Katie Taylor,1011,F,Economy
108623,Sarah White,488,C,Economy
108624,John Brown,934,B,Economy
108625,Chris White,662,B,Economy
108626,Katie Smith,543,A,Economy
108627,Chris Harris,161,F,Economy
108628,Michael Smith,371,F,Economy
108629,David Harris,1419,D,Economy
108630,Chris Thomas,470,E,Economy
108631,Alex Johnson,1001,E,Economy
108632,Laura Anderson,718,B,Economy
108633,Chris Taylor,57,C,Economy
108634,Sarah Martin,620,F,Economy
108635,Katie Anderson,960,D,Economy
108636,Michael Smith,1136,F,Economy
108637,Alex Brown,1469,E,Economy
108638,Sarah Johnson,1361,D,Economy
108639,John Smith,1582,A,Economy
108640,Jane Thomas,666,C,Economy
108641,Laura Anderson,1538,A,Economy
108642,Katie Brown,1433,F,Economy
108643,Laura Thomas,1120,F,Economy
108644,John Anderson,806,A,Economy
108645,Sarah Taylor,1308,A,Economy
108646,Jane Martin,568,C,Economy
108647,Chris Taylor,514,B,Economy
108648,Katie Thomas,975,D,Economy
108649,Chris Smith,1140,E,Economy
108650,John Smith,1151,A,Economy
108651,Katie Martin,1218,E,Economy
108652,David Smith,382,C,Economy
108653,Sarah Martin,438,E,Economy
108654,David Smith,1569,E,Economy
108655,John Harris,946,F,Economy
108656,Alex Jackson,840,E,Economy
108657,Emily Johnson,1512,D,Economy
108658,David Smith,515,F,Economy
108659,John Brown,1387,B,Economy
108660,Alex Jackson,1161,A,Economy
108661,Sarah Jackson,1080,E,Economy
108662,Laura Martin,874,B,Economy
108663,Katie Anderson,1006,B,Economy
108664,Alex Johnson,1228,C,Economy
108665,Michael Martin,1156,C,Economy
108666,Alex White,260,D,Economy
108667,Laura Harris,1555,D,Economy
108668,Emily Thomas,230,C,Economy
108669,Emily Brown,45,D,Economy
108670,Jane Harris,1245,E,Economy
108671,Emily Martin,137,F,Economy
108672,Sarah Martin,831,E,Economy
108673,Emily Jackson,1471,D,Economy
108674,Laura Taylor,1513,E,Economy
108675,Emily Brown,1393,B,Economy
108676,Emily White,1431,C,Economy
108677,Chris Jackson,1174,B,Economy
108678,Katie Smith,119,F,Economy
108679,Michael Johnson,1003,D,Economy
108680,Emily Brown,640,A,Economy
108681,Laura Thomas,1352,C,Economy
108682,Katie Anderson,1422,B,Economy
108683,Emily Jackson,1507,E,Economy
108684,Jane Taylor,352,B,Economy
108685,Sarah Thomas,1286,A,Economy
108686,John White,451,E,Economy
108687,Michael Martin,268,D,Economy
108688,Katie Martin,332,C,Economy
108689,Katie Smith,1478,C,Economy
108690,Jane Johnson,190,E,Economy
108691,Laura Thomas,611,D,Economy
108692,Chris Taylor,273,B,Economy
108693,Emily Thomas,201,C,Economy
108694,Jane Martin,779,F,Economy
108695,Laura Thomas,1313,A,Economy
108696,Katie Johnson,1410,D,Economy
108697,Chris Smith,310,B,Economy
108698,Jane Brown,1441,D,Economy
108699,Chris Smith,222,D,Economy
108700,Alex Thomas,377,A,Economy
108701,Jane Martin,676,C,Economy
108702,Katie Harris,387,D,Economy
108703,Katie White,1363,F,Economy
108704,Laura Taylor,1415,A,Economy
108705,Alex White,1160,A,Economy
108706,Emily Brown,930,C,Economy
108707,Alex Johnson,627,B,Economy
108708,Chris Jackson,767,B,Economy
108709,Laura White,929,B,Economy
108710,Katie Harris,1059,B,Economy
108711,Michael Brown,789,D,Economy
108712,Michael Johnson,1591,A,Economy
108713,Alex Brown,142,F,Economy
108714,Emily Jackson,64,D,Economy
108715,Jane Johnson,1310,D,Economy
108716,Laura Martin,599,A,Economy
108717,David White,148,C,Economy
108718,Sarah Taylor,137,A,Economy
108719,Michael Jackson,805,D,Economy
108720,Jane Taylor,1308,D,Economy
108721,Katie Taylor,1073,D,Economy
108722,Jane Brown,212,D,Economy
108723,John Johnson,1478,B,Economy
108724,Chris Jackson,730,D,Economy
108725,David Taylor,303,C,Economy
108726,John Anderson,1019,E,Economy
108727,Chris Smith,1612,A,Economy
108728,Katie Taylor,1499,A,Economy
108729,Katie White,109,D,Economy
108730,Laura Anderson,59,F,Economy
108731,David Thomas,800,D,Economy
108732,Jane Thomas,845,F,Economy
108733,John Martin,869,B,Economy
108734,Sarah Harris,784,D,Economy
108735,Chris Anderson,393,F,Economy
108736,Sarah Jackson,1021,F,Economy
108737,Chris Brown,1544,C,Economy
108738,David White,647,C,Economy
108739,David Anderson,1179,B,Economy
108740,Laura Brown,153,A,Economy
108741,Katie Johnson,592,F,Economy
108742,Michael Martin,998,D,Economy
108743,Michael Martin,428,D,Economy
108744,Michael Harris,210,A,Economy
108745,Katie Martin,563,D,Economy
108746,Alex Taylor,483,E,Economy
108747,Sarah Smith,1150,E,Economy
108748,Laura Thomas,492,B,Economy
108749,Emily White,366,A,Economy
108750,John Smith,953,B,Economy
108751,Sarah Brown,506,E,Economy
108752,Chris Anderson,626,B,Economy
108753,Alex Jackson,177,A,Economy
108754,Michael Johnson,1112,E,Economy
108755,Michael Jackson,1664,D,Economy
108756,John Martin,446,C,Economy
108757,John White,231,C,Economy
108758,Katie Taylor,364,C,Economy
108759,Katie Johnson,1634,F,Economy
108760,Emily Johnson,1368,F,Economy
108761,David Johnson,1479,C,Economy
108762,David Thomas,631,E,Economy
108763,Chris Thomas,1042,D,Economy
108764,Chris Martin,1577,F,Economy
108765,Jane Harris,106,F,Economy
108766,David Martin,307,E,Economy
108767,Katie Smith,1312,E,Economy
108768,Jane Martin,300,C,Economy
108769,Katie Jackson,169,A,Economy
108770,Michael White,1529,C,Economy
108771,Sarah White,993,F,Economy
108772,Emily Anderson,80,E,Economy
108773,Emily Brown,527,E,Economy
108774,David Martin,887,D,Economy
108775,Emily Jackson,107,C,Economy
108776,Alex Jackson,153,D,Economy
108777,Alex White,1015,D,Economy
108778,John Harris,369,A,Economy
108779,Laura Harris,1100,F,Economy
108780,David Anderson,149,F,Economy
108781,Jane Smith,1346,B,Economy
108782,Katie Anderson,743,D,Economy
108783,Katie White,806,E,Economy
108784,John Martin,240,B,Economy
108785,Sarah Jackson,1625,E,Economy
108786,David Brown,897,E,Economy
108787,Laura Smith,967,E,Economy
108788,Jane Taylor,933,A,Economy
108789,Jane Martin,629,F,Economy
108790,John Smith,303,A,Economy
108791,Alex Smith,1493,A,Economy
108792,Michael Martin,762,F,Economy
108793,Katie Smith,216,B,Economy
108794,David Brown,181,E,Economy
108795,Chris Thomas,217,F,Economy
108796,John Brown,993,B,Economy
108797,Emily White,1135,C,Economy
108798,Jane Johnson,734,E,Economy
108799,Emily Jackson,1149,C,Economy
108800,Jane Brown,777,E,Economy
108801,David Harris,980,C,Economy
108802,David Johnson,217,A,Economy
108803,Emily Smith,455,B,Economy
108804,John Thomas,1634,C,Economy
108805,Jane Taylor,602,C,Economy
108806,Sarah Johnson,1279,A,Economy
108807,Laura Johnson,80,A,Economy
108808,Emily Thomas,257,B,Economy
108809,Michael Thomas,1594,F,Economy
108810,Katie Brown,588,D,Economy
108811,Laura Taylor,42,D,Economy
108812,David Johnson,244,B,Economy
108813,Alex Anderson,1180,F,Economy
108814,Michael Johnson,203,A,Economy
108815,John Thomas,888,B,Economy
108816,David Anderson,830,C,Economy
108817,Sarah Smith,282,B,Economy
108818,Sarah Taylor,259,E,Economy
108819,Jane Harris,240,A,Economy
108820,Alex Anderson,374,F,Economy
108821,John White,35,E,Economy
108822,David Anderson,853,C,Economy
108823,John Harris,1071,A,Economy
108824,Michael Martin,307,A,Economy
108825,Sarah Harris,258,F,Economy
108826,Jane Martin,760,D,Economy
108827,Emily Smith,1549,C,Economy
108828,Jane Harris,616,F,Economy
108829,Emily Smith,564,A,Economy
108830,Jane White,643,B,Economy
108831,Katie Anderson,1273,A,Economy
108832,John Johnson,456,B,Economy
108833,Laura White,1417,F,Economy
108834,Alex Harris,54,B,Economy
108835,Alex Taylor,396,C,Economy
108836,Jane Taylor,1255,F,Economy
108837,Jane Anderson,1521,D,Economy
108838,Katie Smith,931,B,Economy
108839,Michael Harris,737,E,Economy
108840,Emily Johnson,917,D,Economy
108841,Michael Anderson,1555,C,Economy
108842,Chris White,295,C,Economy
108843,John Johnson,881,C,Economy
108844,Alex Brown,1157,C,Economy
108845,Alex Brown,1065,E,Economy
108846,Michael Jackson,885,E,Economy
108847,Laura Anderson,964,A,Economy
108848,Michael Jackson,848,B,Economy
108849,Michael Martin,803,A,Economy
108850,Chris Thomas,1000,F,Economy
108851,Chris Jackson,115,E,Economy
108852,Michael Johnson,385,C,Economy
108853,Michael Smith,362,A,Economy
108854,John Taylor,280,A,Economy
108855,Jane Brown,735,A,Economy
108856,Emily Brown,1381,A,Economy
108857,Chris Thomas,499,E,Economy
108858,Chris Jackson,979,F,Economy
108859,John Brown,310,E,Economy
108860,John Jackson,1222,A,Economy
108861,David Jackson,852,F,Economy
108862,Katie Martin,1027,B,Economy
108863,Chris Anderson,852,B,Economy
108864,Sarah Johnson,1563,A,Economy
108865,Emily White,419,A,Economy
108866,Michael Jackson,1591,C,Economy
108867,David Johnson,124,E,Economy
108868,John Jackson,56,B,Economy
108869,Emily Taylor,664,D,Economy
108870,Sarah Johnson,1148,E,Economy
108871,Jane Harris,1645,B,Economy
108872,Jane Martin,450,E,Economy
108873,Sarah Harris,342,A,Economy
108874,Emily Taylor,1483,C,Economy
108875,Alex Johnson,1287,B,Economy
108876,Chris Thomas,1041,E,Economy
108877,David Brown,350,B,Economy
108878,Sarah Smith,785,A,Economy
108879,Katie Brown,1169,A,Economy
108880,Katie Harris,499,F,Economy
108881,Laura Anderson,689,C,Economy
108882,Emily Johnson,98,E,Economy
108883,Laura Taylor,1311,F,Economy
108884,John Taylor,995,B,Economy
108885,Alex Jackson,949,F,Economy
108886,Emily White,1334,A,Economy
108887,Emily White,534,C,Economy
108888,John Harris,585,C,Economy
108889,Chris White,1268,E,Economy
108890,John White,1053,A,Economy
108891,Emily Harris,691,B,Economy
108892,Sarah Smith,1551,B,Economy
108893,Sarah White,650,D,Economy
108894,Michael Smith,266,C,Economy
108895,Sarah Jackson,1409,D,Economy
108896,Katie Thomas,844,D,Economy
108897,Michael Johnson,1601,A,Economy
108898,Katie Thomas,407,B,Economy
108899,Alex Johnson,1061,E,Economy
108900,Chris Brown,614,F,Economy
108901,Michael Jackson,911,F,Economy
108902,Chris Brown,623,F,Economy
108903,Katie Johnson,281,E,Economy
108904,Emily Johnson,732,E,Economy
108905,Sarah Taylor,97,B,Economy
108906,Sarah Brown,1625,C,Economy
108907,Sarah Harris,189,C,Economy
108908,Sarah Martin,990,E,Economy
108909,Katie Harris,1182,D,Economy
108910,John Martin,385,F,Economy
108911,John Harris,1516,B,Economy
108912,Sarah Johnson,404,D,Economy
108913,David Brown,168,F,Economy
108914,Michael Taylor,616,E,Economy
108915,Chris Brown,552,D,Economy
108916,Katie Harris,722,D,Economy
108917,Alex Martin,297,D,Economy
108918,Laura Brown,689,F,Economy
108919,Emily Taylor,465,F,Economy
108920,Emily White,902,C,Economy
108921,Laura Smith,738,A,Economy
108922,Emily Anderson,1122,E,Economy
108923,Jane Brown,1606,D,Economy
108924,Katie Brown,636,C,Economy
108925,John Smith,397,E,Economy
108926,John Harris,1586,D,Economy
108927,John Smith,1506,D,Economy
108928,Sarah Jackson,194,B,Economy
108929,Sarah Martin,1054,C,Economy
108930,Laura Taylor,1523,A,Economy
108931,Michael Thomas,72,C,Economy
108932,John Anderson,820,F,Economy
108933,Laura White,164,F,Economy
108934,Jane Thomas,1439,A,Economy
108935,Michael White,1639,B,Economy
108936,Michael White,1387,C,Economy
108937,Emily Thomas,363,F,Economy
108938,Emily Harris,1077,E,Economy
108939,Laura Harris,455,F,Economy
108940,Chris Brown,496,E,Economy
108941,John Anderson,1012,E,Economy
108942,Jane Smith,595,F,Economy
108943,Alex Martin,590,C,Economy
108944,David White,1334,D,Economy
108945,Sarah Martin,1437,F,Economy
108946,John Martin,493,D,Economy
108947,Jane Martin,656,F,Economy
108948,Alex Martin,1367,E,Economy
108949,Sarah Johnson,1351,D,Economy
108950,Sarah Anderson,343,E,Economy
108951,David Taylor,1320,A,Economy
108952,John White,101,B,Economy
108953,Sarah White,1535,A,Economy
108954,Katie Martin,439,C,Economy
108955,John Brown,1388,D,Economy
108956,Sarah Taylor,398,E,Economy
108957,Laura Harris,1363,B,Economy
108958,Katie Taylor,734,F,Economy
108959,David White,399,A,Economy
108960,David Harris,677,A,Economy
108961,David Taylor,765,F,Economy
108962,Laura Johnson,466,D,Economy
108963,Michael Johnson,1293,C,Economy
108964,Alex Brown,56,D,Economy
108965,Laura Martin,1119,B,Economy
108966,Katie Smith,111,F,Economy
108967,Alex Smith,477,B,Economy
108968,John Smith,482,C,Economy
108969,Laura Taylor,996,F,Economy
108970,Chris Johnson,1094,A,Economy
108971,Chris Jackson,770,B,Economy
108972,Chris Thomas,524,F,Economy
108973,Laura White,1104,A,Economy
108974,Michael Johnson,1533,D,Economy
108975,Alex Thomas,1633,C,Economy
108976,Chris Taylor,645,D,Economy
108977,Sarah Taylor,1494,D,Economy
108978,Michael White,833,B,Economy
108979,Jane White,1142,D,Economy
108980,David Brown,1379,D,Economy
108981,Laura Taylor,1428,A,Economy
108982,Laura Johnson,472,F,Economy
108983,Alex Smith,1217,B,Economy
108984,Michael Martin,1261,B,Economy
108985,Chris Taylor,1198,E,Economy
108986,Laura Taylor,357,E,Economy
108987,John Johnson,1333,C,Economy
108988,Chris Anderson,244,D,Economy
108989,John Thomas,697,D,Economy
108990,Sarah Taylor,366,E,Economy
108991,John Jackson,1353,F,Economy
108992,Michael Taylor,515,E,Economy
108993,Katie Thomas,1657,A,Economy
108994,Sarah Thomas,231,D,Economy
108995,John Brown,64,B,Economy
108996,Laura Jackson,426,E,Economy
108997,Alex Smith,794,C,Economy
108998,Chris Smith,574,A,Economy
108999,John Taylor,233,D,Economy
109000,Laura Anderson,726,C,Economy
109001,David Smith,1600,B,Economy
109002,Michael Taylor,427,C,Economy
109003,Jane Taylor,1510,D,Economy
109004,Michael Anderson,1010,F,Economy
109005,David Thomas,782,A,Economy
109006,John Jackson,302,C,Economy
109007,Emily Taylor,905,C,Economy
109008,Jane White,528,E,Economy
109009,Chris Anderson,627,A,Economy
109010,Emily Johnson,753,B,Economy
109011,Michael Harris,1099,B,Economy
109012,Jane Taylor,882,A,Economy
109013,Michael Jackson,1081,F,Economy
109014,Alex Smith,751,A,Economy
109015,Michael Jackson,203,B,Economy
109016,Michael Taylor,1577,D,Economy
109017,Alex Johnson,1409,E,Economy
109018,Emily Jackson,1588,C,Economy
109019,Chris Jackson,534,F,Economy
109020,Emily White,248,D,Economy
109021,Katie Brown,1256,E,Economy
109022,Laura Taylor,1458,A,Economy
109023,Jane Anderson,131,F,Economy
109024,Sarah Johnson,1359,B,Economy
109025,Emily Jackson,715,E,Economy
109026,Emily Brown,389,B,Economy
109027,Michael Jackson,1644,D,Economy
109028,Emily Martin,1481,A,Economy
109029,Emily White,809,E,Economy
109030,Katie Thomas,1412,E,Economy
109031,Alex Martin,556,E,Economy
109032,Chris Anderson,1567,F,Economy
109033,Michael Johnson,1220,E,Economy
109034,Emily Taylor,1563,D,Economy
109035,Laura Harris,645,C,Economy
109036,David Johnson,1427,D,Economy
109037,Emily Anderson,1038,D,Economy
109038,Michael Martin,197,B,Economy
109039,Emily Jackson,1375,E,Economy
109040,John Smith,55,A,Economy
109041,David Taylor,1067,F,Economy
109042,Sarah Jackson,1304,A,Economy
109043,Emily White,1488,C,Economy
109044,John Martin,362,F,Economy
109045,Michael White,567,A,Economy
109046,Chris Taylor,1102,C,Economy
109047,Michael Smith,1088,C,Economy
109048,Chris Thomas,296,D,Economy
109049,Laura Taylor,1265,E,Economy
109050,Chris Martin,770,F,Economy
109051,David Johnson,407,A,Economy
109052,Emily Harris,501,F,Economy
109053,Sarah Jackson,539,C,Economy
109054,Laura Harris,621,C,Economy
109055,John Anderson,681,D,Economy
109056,Laura Harris,1342,C,Economy
109057,Chris Taylor,1286,B,Economy
109058,Jane Harris,1365,F,Economy
109059,Michael Brown,1279,B,Economy
109060,Alex Harris,1150,C,Economy
109061,Michael Harris,235,F,Economy
109062,David Brown,815,B,Economy
109063,Emily Jackson,759,C,Economy
109064,Emily Harris,298,F,Economy
109065,Sarah Martin,1472,C,Economy
109066,Emily White,91,D,Economy
109067,Jane Anderson,411,F,Economy
109068,Emily White,1346,A,Economy
109069,Michael White,267,E,Economy
109070,Chris Taylor,1599,F,Economy
109071,John Brown,317,F,Economy
109072,John Taylor,463,E,Economy
109073,Michael Martin,605,C,Economy
109074,Alex Taylor,1299,A,Economy
109075,Chris Brown,178,E,Economy
109076,Michael Jackson,1636,D,Economy
109077,Michael Anderson,775,D,Economy
109078,Michael Taylor,1318,D,Economy
109079,David Brown,1528,F,Economy
109080,Emily Harris,84,D,Economy
109081,John Taylor,1035,C,Economy
109082,Jane Brown,639,F,Economy
109083,John Brown,975,B,Economy
109084,John Anderson,366,C,Economy
109085,Jane Johnson,1358,B,Economy
109086,Emily Taylor,1285,B,Economy
109087,David Harris,1665,E,Economy
109088,Katie Jackson,1387,A,Economy
109089,Chris Smith,523,F,Economy
109090,John Jackson,1310,B,Economy
109091,Alex Smith,1067,C,Economy
109092,Alex Thomas,1372,E,Economy
109093,Jane Jackson,1615,A,Economy
109094,John Taylor,710,F,Economy
109095,Katie Thomas,1337,E,Economy
109096,Emily Johnson,451,C,Economy
109097,Michael White,119,E,Economy
109098,Sarah Johnson,224,F,Economy
109099,Michael White,1411,F,Economy
109100,Katie Johnson,1492,B,Economy
109101,Alex Martin,487,C,Economy
109102,David Anderson,275,C,Economy
109103,Laura Thomas,1216,D,Economy
109104,Michael Smith,945,B,Economy
109105,Chris Jackson,353,D,Economy
109106,Michael Smith,1016,D,Economy
109107,Michael White,1259,B,Economy
109108,John Martin,900,A,Economy
109109,Sarah Smith,48,A,Economy
109110,Alex White,639,A,Economy
109111,Alex Taylor,1309,B,Economy
109112,Laura Jackson,501,D,Economy
109113,Michael Harris,1533,C,Economy
109114,Jane Jackson,888,C,Economy
109115,David Smith,1418,E,Economy
109116,John White,870,C,Economy
109117,Laura Martin,1130,E,Economy
109118,John Brown,565,E,Economy
109119,Michael White,246,B,Economy
109120,Jane Anderson,1436,F,Economy
109121,Alex Brown,817,C,Economy
109122,Michael Harris,394,F,Economy
109123,Chris Martin,1292,C,Economy
109124,Katie Anderson,1571,F,Economy
109125,David Anderson,988,C,Economy
109126,John Martin,202,B,Economy
109127,Sarah Martin,166,A,Economy
109128,Michael Smith,705,E,Economy
109129,Michael White,1410,F,Economy
109130,Laura Thomas,772,F,Economy
109131,Alex Thomas,1134,F,Economy
109132,Chris Johnson,921,E,Economy
109133,Sarah Brown,437,A,Economy
109134,Alex Jackson,1653,C,Economy
109135,Emily Martin,862,B,Economy
109136,Chris Smith,220,A,Economy
109137,Alex Smith,1380,B,Economy
109138,Jane Jackson,496,D,Economy
109139,Sarah Brown,1103,E,Economy
109140,Emily Anderson,222,A,Economy
109141,Jane Johnson,212,F,Economy
109142,Michael Anderson,1075,C,Economy
109143,Alex Smith,1502,F,Economy
109144,Jane Harris,1612,D,Economy
109145,Michael White,1338,F,Economy
109146,Michael Johnson,952,D,Economy
109147,Alex Taylor,1480,D,Economy
109148,Jane White,426,C,Economy
109149,Chris Jackson,1592,D,Economy
109150,David Johnson,1632,E,Economy
109151,Chris Martin,98,C,Economy
109152,Michael Thomas,1209,C,Economy
109153,David Smith,1054,A,Economy
109154,Katie Taylor,1542,C,Economy
109155,Michael Harris,849,A,Economy
109156,Katie Harris,53,C,Economy
109157,Michael Harris,670,C,Economy
109158,Emily Thomas,486,E,Economy
109159,Emily Harris,253,B,Economy
109160,Michael Jackson,406,D,Economy
109161,Michael Martin,376,D,Economy
109162,Katie Jackson,692,C,Economy
109163,Alex White,270,B,Economy
109164,Jane Jackson,419,D,Economy
109165,Sarah Thomas,1499,B,Economy
109166,Chris Martin,1510,B,Economy
109167,Katie Martin,236,F,Economy
109168,John White,1632,D,Economy
109169,Emily Smith,732,C,Economy
109170,Sarah Taylor,42,B,Economy
109171,Emily Brown,243,D,Economy
109172,Sarah Taylor,1175,D,Economy
109173,John White,792,C,Economy
109174,Katie Jackson,807,F,Economy
109175,Jane Brown,1254,C,Economy
109176,Chris Brown,1253,E,Economy
109177,John Harris,1201,B,Economy
109178,Jane White,157,D,Economy
109179,Chris Taylor,1549,A,Economy
109180,David Taylor,238,D,Economy
109181,Alex Smith,1193,E,Economy
109182,Michael Thomas,132,A,Economy
109183,Laura Martin,1640,D,Economy
109184,David Martin,328,A,Economy
109185,Emily White,1278,A,Economy
109186,John Smith,1197,C,Economy
109187,Alex Brown,830,E,Economy
109188,Sarah Harris,335,F,Economy
109189,Jane Anderson,787,B,Economy
109190,Michael Johnson,978,A,Economy
109191,Jane Thomas,1403,E,Economy
109192,Jane Anderson,692,F,Economy
109193,Alex Jackson,149,E,Economy
109194,Emily White,884,B,Economy
109195,Alex Martin,902,E,Economy
109196,Sarah Anderson,1313,C,Economy
109197,John Taylor,359,D,Economy
109198,Alex Johnson,687,D,Economy
109199,Jane Johnson,1345,C,Economy
109200,Michael Martin,144,F,Economy
109201,Jane Brown,1345,A,Economy
109202,Emily Martin,760,E,Economy
109203,David Brown,528,A,Economy
109204,Laura Smith,957,D,Economy
109205,Jane Smith,970,E,Economy
109206,Chris Smith,991,A,Economy
109207,David Martin,413,D,Economy
109208,Emily Johnson,967,F,Economy
109209,Katie Smith,1649,B,Economy
109210,Jane Taylor,586,C,Economy
109211,Jane Anderson,272,F,Economy
109212,Alex Jackson,1113,A,Economy
109213,Jane Taylor,819,C,Economy
109214,Michael Taylor,781,B,Economy
109215,Katie White,1535,B,Economy
109216,Katie Brown,1028,C,Economy
109217,Alex Johnson,283,B,Economy
109218,Chris Brown,74,D,Economy
109219,Jane Anderson,919,D,Economy
109220,John White,645,A,Economy
109221,Alex Anderson,1125,D,Economy
109222,Laura Harris,478,C,Economy
109223,Emily Taylor,329,A,Economy
109224,Laura Smith,496,C,Economy
109225,Sarah Jackson,1429,C,Economy
109226,Emily Martin,1477,F,Economy
109227,Jane Taylor,414,D,Economy
109228,John Thomas,38,E,Economy
109229,John Harris,115,B,Economy
109230,Katie Martin,637,A,Economy
109231,John Brown,1048,B,Economy
109232,Laura Smith,828,A,Economy
109233,Emily Jackson,1657,F,Economy
109234,Laura Anderson,65,A,Economy
109235,Katie Harris,1013,A,Economy
109236,David Anderson,1113,B,Economy
109237,Sarah Anderson,1068,A,Economy
109238,Alex Thomas,1422,F,Economy
109239,David Brown,1253,D,Economy
109240,Alex Brown,736,D,Economy
109241,Chris Thomas,179,E,Economy
109242,Chris Brown,960,E,Economy
109243,Emily Johnson,354,F,Economy
109244,John Smith,897,D,Economy
109245,Sarah Johnson,1404,E,Economy
109246,Katie Taylor,1574,B,Economy
109247,Jane Jackson,1081,B,Economy
109248,Laura White,366,D,Economy
109249,Katie Jackson,713,E,Economy
109250,Sarah White,1616,F,Economy
109251,Michael Martin,195,B,Economy
109252,David Martin,369,B,Economy
109253,Laura Johnson,1147,B,Economy
109254,Jane Jackson,39,D,Economy
109255,John Thomas,69,B,Economy
109256,Alex Taylor,1264,C,Economy
109257,Alex Jackson,934,F,Economy
109258,Emily Martin,536,B,Economy
109259,Jane Taylor,1427,F,Economy
109260,David Jackson,712,F,Economy
109261,Sarah Taylor,1564,E,Economy
109262,Michael Smith,1598,A,Economy
109263,Sarah Thomas,1430,C,Economy
109264,David Jackson,151,E,Economy
109265,Katie Johnson,306,C,Economy
109266,John Thomas,1461,B,Economy
109267,Katie Thomas,756,E,Economy
109268,Alex Jackson,1424,D,Economy
109269,Alex Brown,1271,D,Economy
109270,David Taylor,1290,C,Economy
109271,Jane Anderson,675,A,Economy
109272,Laura Brown,594,E,Economy
109273,Katie Thomas,938,D,Economy
109274,Michael Taylor,1665,C,Economy
109275,Alex Thomas,1251,E,Economy
109276,Chris Anderson,483,B,Economy
109277,Michael Brown,1190,C,Economy
109278,John White,1588,E,Economy
109279,Katie Smith,938,E,Economy
109280,Emily Brown,1141,B,Economy
109281,Emily Harris,1630,A,Economy
109282,John Brown,1307,D,Economy
109283,Laura Harris,441,C,Economy
109284,Jane Smith,584,F,Economy
109285,David Johnson,486,B,Economy
109286,Alex Jackson,725,A,Economy
109287,David Johnson,1220,D,Economy
109288,Alex Anderson,1558,F,Economy
109289,Jane Taylor,640,F,Economy
109290,Chris Johnson,131,D,Economy
109291,Michael Johnson,904,A,Economy
109292,Katie Jackson,617,B,Economy
109293,Chris Martin,1047,D,Economy
109294,Alex White,464,F,Economy
109295,Emily Brown,759,E,Economy
109296,Laura White,1461,C,Economy
109297,Emily Martin,1651,C,Economy
109298,Chris Martin,1246,F,Economy
109299,Katie Taylor,593,B,Economy
109300,Sarah Thomas,793,B,Economy
109301,Emily Harris,749,D,Economy
109302,Jane Brown,1091,E,Economy
109303,Chris White,838,E,Economy
109304,Alex Taylor,579,E,Economy
109305,Jane Brown,129,F,Economy
109306,Emily Taylor,208,B,Economy
109307,Michael Thomas,896,A,Economy
109308,Chris Thomas,75,F,Economy
109309,Emily Harris,1241,B,Economy
109310,John Harris,798,E,Economy
109311,Michael Anderson,1017,E,Economy
109312,Chris Martin,869,D,Economy
109313,Alex Smith,108,E,Economy
109314,Katie Anderson,1312,D,Economy
109315,Emily Taylor,733,F,Economy
109316,Jane Harris,942,E,Economy
109317,Chris Martin,468,A,Economy
109318,John White,1306,C,Economy
109319,Alex Taylor,1289,E,Economy
109320,Katie Brown,170,C,Economy
109321,Emily Brown,1291,A,Economy
109322,Alex Smith,1275,D,Economy
109323,Chris Jackson,1617,C,Economy
109324,Jane Brown,1221,A,Economy
109325,Jane White,923,B,Economy
109326,Jane Taylor,182,A,Economy
109327,Sarah Smith,1499,C,Economy
109328,David Taylor,1029,D,Economy
109329,Alex Brown,583,C,Economy
109330,Katie Anderson,895,E,Economy
109331,Katie Brown,658,C,Economy
109332,Laura Jackson,172,A,Economy
109333,Chris White,1103,A,Economy
109334,Jane Thomas,861,A,Economy
109335,Emily Brown,1018,C,Economy
109336,Jane Anderson,1243,D,Economy
109337,Emily Johnson,494,E,Economy
109338,Emily Harris,1045,C,Economy
109339,Michael Brown,1364,E,Economy
109340,Alex Smith,39,E,Economy
109341,Jane Taylor,1648,A,Economy
109342,Alex Smith,514,F,Economy
109343,Sarah Thomas,952,C,Economy
109344,John Jackson,1067,B,Economy
109345,Alex Thomas,1462,B,Economy
109346,Michael Smith,1059,E,Economy
109347,Alex Martin,1585,F,Economy
109348,David Thomas,96,E,Economy
109349,Jane Martin,363,B,Economy
109350,Chris Taylor,507,F,Economy
109351,David Johnson,433,F,Economy
109352,Chris Martin,547,E,Economy
109353,Chris Martin,1063,C,Economy
109354,Chris Brown,1587,B,Economy
109355,Laura Harris,1530,F,Economy
109356,Jane Harris,388,F,Economy
109357,Emily Harris,362,E,Economy
109358,Jane Martin,1606,E,Economy
109359,David Thomas,569,E,Economy
109360,Laura Brown,1343,A,Economy
109361,Sarah Smith,105,D,Economy
109362,David Taylor,346,A,Economy
109363,Sarah Martin,998,C,Economy
109364,Michael Jackson,127,B,Economy
109365,Katie Brown,324,F,Economy
109366,Chris Harris,310,F,Economy
109367,Katie Taylor,1212,D,Economy
109368,Emily Anderson,90,D,Economy
109369,Chris Taylor,1648,D,Economy
109370,John Anderson,1166,A,Economy
109371,Chris Taylor,1297,A,Economy
109372,Sarah Thomas,941,A,Economy
109373,Laura Martin,463,F,Economy
109374,Laura Martin,1005,A,Economy
109375,Laura Taylor,1562,A,Economy
109376,Chris White,513,B,Economy
109377,Katie Jackson,1400,A,Economy
109378,Chris Thomas,869,C,Economy
109379,Chris Thomas,1118,C,Economy
109380,Chris Thomas,994,C,Economy
109381,Katie Thomas,62,E,Economy
109382,Michael White,1236,A,Economy
109383,Katie Thomas,286,F,Economy
109384,Sarah Harris,1294,B,Economy
109385,John Anderson,1149,F,Economy
109386,Chris Anderson,440,A,Economy
109387,Michael Brown,117,A,Economy
109388,Chris Harris,597,A,Economy
109389,Sarah Martin,1242,F,Economy
109390,Katie Taylor,975,C,Economy
109391,John Taylor,927,B,Economy
109392,David White,355,A,Economy
109393,Laura Smith,1166,E,Economy
109394,Katie Martin,232,E,Economy
109395,David White,996,E,Economy
109396,Chris Thomas,1287,D,Economy
109397,Jane Brown,326,B,Economy
109398,Laura Martin,1459,B,Economy
109399,Laura White,1357,C,Economy
109400,Jane Harris,456,F,Economy
109401,Laura Harris,1181,B,Economy
109402,Katie Taylor,261,F,Economy
109403,Alex Smith,621,B,Economy
109404,Laura White,785,E,Economy
109405,Chris Smith,514,A,Economy
109406,John Thomas,1580,E,Economy
109407,Laura Anderson,84,A,Economy
109408,Chris Martin,494,D,Economy
109409,John Thomas,1508,D,Economy
109410,Sarah Thomas,862,D,Economy
109411,Sarah Jackson,730,A,Economy
109412,Michael Jackson,376,E,Economy
109413,Alex Thomas,828,D,Economy
109414,Jane Smith,35,D,Economy
109415,David Harris,1366,F,Economy
109416,David Smith,1540,E,Economy
109417,John Harris,719,B,Economy
109418,Laura Brown,1005,D,Economy
109419,Emily Smith,1445,D,Economy
109420,Jane Jackson,116,C,Economy
109421,John Johnson,1086,B,Economy
109422,Michael Smith,1033,D,Economy
109423,Chris Johnson,903,E,Economy
109424,Laura Johnson,363,C,Economy
109425,Katie Anderson,1091,F,Economy
109426,Michael Harris,483,D,Economy
109427,Jane Thomas,56,E,Economy
109428,Laura Johnson,826,C,Economy
109429,Sarah White,64,F,Economy
109430,Laura Jackson,1373,D,Economy
109431,Jane Taylor,1034,C,Economy
109432,Laura Harris,1057,A,Economy
109433,Jane Smith,1137,C,Economy
109434,Sarah Taylor,998,B,Economy
109435,Sarah Jackson,1662,A,Economy
109436,Emily Martin,461,B,Economy
109437,David Jackson,689,B,Economy
109438,Michael Johnson,985,E,Economy
109439,Chris White,1041,B,Economy
109440,Sarah White,928,F,Economy
109441,Sarah Smith,239,C,Economy
109442,Alex Smith,1485,F,Economy
109443,Sarah Martin,614,D,Economy
109444,Emily Jackson,1122,D,Economy
109445,Sarah Harris,730,E,Economy
109446,Alex Harris,1071,B,Economy
109447,Michael Johnson,883,D,Economy
109448,John Johnson,1402,B,Economy
109449,Sarah Smith,171,B,Economy
109450,Chris Harris,594,D,Economy
109451,John Johnson,673,D,Economy
109452,Laura Jackson,968,F,Economy
109453,John Harris,1603,B,Economy
109454,John Martin,1609,D,Economy
109455,Chris Thomas,264,D,Economy
109456,Chris Jackson,1607,D,Economy
109457,Laura Smith,101,A,Economy
109458,Laura Thomas,116,F,Economy
109459,David Taylor,205,B,Economy
109460,Emily Thomas,508,B,Economy
109461,Michael Harris,1425,F,Economy
109462,Chris Taylor,994,A,Economy
109463,Emily Harris,1292,E,Economy
109464,Emily Anderson,1526,E,Economy
109465,David White,492,D,Economy
109466,Emily Johnson,193,D,Economy
109467,Michael Martin,1593,F,Economy
109468,Chris Taylor,1414,E,Economy
109469,Laura Brown,1408,A,Economy
109470,Michael Jackson,1527,E,Economy
109471,Chris Johnson,1084,F,Economy
109472,Laura Martin,790,F,Economy
109473,Alex Jackson,165,A,Economy
109474,Katie Brown,941,E,Economy
109475,David Anderson,1009,B,Economy
109476,Chris Jackson,1027,A,Economy
109477,Alex Martin,1573,A,Economy
109478,Emily Johnson,716,F,Economy
109479,Katie Smith,1337,C,Economy
109480,Jane Jackson,38,B,Economy
109481,Emily Martin,459,D,Economy
109482,John Thomas,78,C,Economy
109483,Jane Brown,1439,D,Economy
109484,Emily White,724,B,Economy
109485,Katie Brown,316,F,Economy
109486,Jane Taylor,1619,B,Economy
109487,Jane Harris,1314,D,Economy
109488,Katie Brown,351,A,Economy
109489,Laura Johnson,250,B,Economy
109490,John Smith,567,D,Economy
109491,Jane White,705,A,Economy
109492,John Harris,819,D,Economy
109493,Katie Smith,932,F,Economy
109494,Chris Martin,1116,A,Economy
109495,David Johnson,1228,F,Economy
109496,John Johnson,250,E,Economy
109497,Michael Anderson,1009,F,Economy
109498,Michael Jackson,1374,C,Economy
109499,Katie White,643,E,Economy
109500,Laura Taylor,1321,A,Economy
109501,Alex Brown,1614,E,Economy
109502,Alex Anderson,1291,C,Economy
109503,Laura Thomas,1602,E,Economy
109504,David Johnson,1073,E,Economy
109505,Michael Thomas,184,F,Economy
109506,John Taylor,312,E,Economy
109507,Chris Harris,348,F,Economy
109508,Michael White,864,F,Economy
109509,Chris Martin,954,D,Economy
109510,Laura Jackson,603,D,Economy
109511,Jane Martin,309,D,Economy
109512,Laura Brown,444,D,Economy
109513,Katie Jackson,558,D,Economy
109514,Michael Thomas,869,E,Economy
109515,Jane Jackson,838,A,Economy
109516,Chris Taylor,525,A,Economy
109517,David Johnson,128,F,Economy
109518,Chris White,1219,B,Economy
109519,Emily Thomas,1154,B,Economy
109520,David Johnson,387,B,Economy
109521,Alex Thomas,215,D,Economy
109522,Emily Smith,411,C,Economy
109523,David Thomas,508,E,Economy
109524,Jane Thomas,1134,B,Economy
109525,David Harris,1066,D,Economy
109526,Jane Smith,326,F,Economy
109527,Katie Harris,1633,D,Economy
109528,Jane Martin,1353,A,Economy
109529,Jane Jackson,943,B,Economy
109530,Emily Johnson,115,A,Economy
109531,Emily Jackson,1519,D,Economy
109532,David Harris,53,D,Economy
109533,Michael Jackson,1496,D,Economy
109534,Emily Taylor,1644,C,Economy
109535,Michael Johnson,1433,C,Economy
109536,John Anderson,1299,E,Economy
109537,Katie Anderson,1069,D,Economy
109538,David Smith,1347,D,Economy
109539,Katie Jackson,81,D,Economy
109540,John Taylor,983,C,Economy
109541,Katie Anderson,698,B,Economy
109542,Sarah White,335,A,Economy
109543,John Johnson,1397,A,Economy
109544,David Smith,187,C,Economy
109545,Emily Jackson,771,C,Economy
109546,Michael White,41,E,Economy
109547,Alex White,923,E,Economy
109548,Laura Thomas,1611,A,Economy
109549,Sarah Johnson,456,E,Economy
109550,John Harris,1093,C,Economy
109551,Katie Anderson,1155,D,Economy
109552,John Harris,508,F,Economy
109553,Sarah Johnson,1276,D,Economy
109554,Laura White,937,E,Economy
109555,Sarah Harris,581,D,Economy
109556,John Anderson,671,B,Economy
109557,Michael Martin,1518,F,Economy
109558,Emily Brown,703,E,Economy
109559,Alex Brown,1233,C,Economy
109560,John Taylor,57,D,Economy
109561,Jane Anderson,997,A,Economy
109562,Michael Martin,657,F,Economy
109563,Chris Anderson,1289,F,Economy
109564,Michael Harris,128,E,Economy
109565,John Brown,391,E,Economy
109566,Chris Harris,1464,F,Economy
109567,Jane Harris,1582,D,Economy
109568,David Martin,64,A,Economy
109569,John Harris,824,B,Economy
109570,Katie Thomas,620,A,Economy
109571,Katie Anderson,237,A,Economy
109572,Jane Anderson,910,B,Economy
109573,Chris Jackson,275,A,Economy
109574,Laura White,1001,B,Economy
109575,Emily Martin,1265,F,Economy
109576,Laura Thomas,1098,E,Economy
109577,Jane Martin,1432,F,Economy
109578,Chris Smith,1099,C,Economy
109579,John Jackson,664,A,Economy
109580,Emily Brown,504,B,Economy
109581,John Smith,341,C,Economy
109582,Laura Martin,950,C,Economy
109583,David White,531,B,Economy
109584,Katie White,1421,B,Economy
109585,Laura Thomas,974,C,Economy
109586,Laura Smith,296,C,Economy
109587,Laura Martin,622,F,Economy
109588,Chris Johnson,54,F,Economy
109589,David Martin,131,C,Economy
109590,John Brown,1453,B,Economy
109591,Sarah Thomas,661,E,Economy
109592,Laura Martin,337,C,Economy
109593,Alex Smith,1349,F,Economy
109594,Katie Smith,543,E,Economy
109595,John Smith,1174,E,Economy
109596,Jane Johnson,269,A,Economy
109597,Katie Martin,424,B,Economy
109598,Chris Jackson,241,E,Economy
109599,Emily Harris,366,F,Economy
109600,David White,410,E,Economy
109601,Emily Anderson,1135,D,Economy
109602,Emily Anderson,794,F,Economy
109603,David White,104,D,Economy
109604,Emily White,966,E,Economy
109605,Emily Johnson,727,F,Economy
109606,Alex Smith,1580,D,Economy
109607,Michael Jackson,1521,F,Economy
109608,Michael Jackson,1179,F,Economy
109609,Sarah Johnson,1541,C,Economy
109610,Katie Johnson,1524,C,Economy
109611,Alex Anderson,426,F,Economy
109612,Emily Jackson,1420,A,Economy
109613,Sarah Anderson,1188,B,Economy
109614,Jane Anderson,226,F,Economy
109615,John White,890,C,Economy
109616,Michael White,77,F,Economy
109617,Chris Jackson,580,E,Economy
109618,David Anderson,866,D,Economy
109619,Chris Harris,1275,B,Economy
109620,Jane Smith,1514,D,Economy
109621,Laura Smith,1208,D,Economy
109622,Katie Jackson,1233,A,Economy
109623,Katie White,821,C,Economy
109624,Chris Martin,819,A,Economy
109625,John Martin,1307,B,Economy
109626,Emily White,675,C,Economy
109627,Michael Thomas,567,F,Economy
109628,David Harris,88,E,Economy
109629,Emily Brown,1114,B,Economy
109630,Jane Taylor,692,B,Economy
109631,Laura Smith,654,F,Economy
109632,Emily Taylor,740,F,Economy
109633,Katie Harris,729,A,Economy
109634,David Thomas,624,C,Economy
109635,Chris Thomas,225,C,Economy
109636,Chris Brown,413,C,Economy
109637,Alex Anderson,701,F,Economy
109638,Sarah Jackson,690,D,Economy
109639,Jane Taylor,908,A,Economy
109640,Laura Brown,1360,E,Economy
109641,David White,771,F,Economy
109642,Emily Anderson,729,C,Economy
109643,Chris Brown,1649,F,Economy
109644,Michael Smith,490,D,Economy
109645,David Thomas,83,C,Economy
109646,Sarah Harris,616,C,Economy
109647,John Jackson,73,E,Economy
109648,Sarah Harris,505,B,Economy
109649,Katie White,999,D,Economy
109650,Alex Harris,817,F,Economy
109651,David Harris,603,E,Economy
109652,Jane White,1350,D,Economy
109653,David Johnson,281,D,Economy
109654,Alex Anderson,611,A,Economy
109655,Laura Martin,573,E,Economy
109656,Laura Smith,510,B,Economy
109657,Chris Martin,898,F,Economy
109658,John Harris,69,E,Economy
109659,Jane Jackson,1228,E,Economy
109660,Alex Smith,482,A,Economy
109661,Alex Harris,1244,B,Economy
109662,Chris Harris,1292,B,Economy
109663,John Brown,791,F,Economy
109664,Sarah Jackson,91,F,Economy
109665,Alex Jackson,1031,A,Economy
109666,Laura Johnson,469,A,Economy
109667,Laura Smith,614,A,Economy
109668,Michael Anderson,1024,D,Economy
109669,Sarah Brown,316,B,Economy
109670,Sarah Brown,1509,F,Economy
109671,Emily Thomas,1506,F,Economy
109672,Chris Jackson,895,B,Economy
109673,Katie Johnson,826,F,Economy
109674,Jane Anderson,405,C,Economy
109675,John Martin,475,E,Economy
109676,Katie White,293,C,Economy
109677,Alex Smith,1559,F,Economy
109678,John Martin,586,B,Economy
109679,Chris Thomas,1265,A,Economy
109680,Sarah Smith,596,A,Economy
109681,David Harris,1161,D,Economy
109682,Laura Taylor,744,E,Economy
109683,Laura Harris,863,D,Economy
109684,Jane Martin,338,A,Economy
109685,Katie Johnson,913,A,Economy
109686,Katie Harris,1079,B,Economy
109687,Sarah Johnson,372,A,Economy
109688,Emily Anderson,205,A,Economy
109689,John Smith,1662,B,Economy
109690,Alex Brown,1594,D,Economy
109691,Alex Harris,711,A,Economy
109692,Michael Brown,546,C,Economy
109693,Laura Harris,354,D,Economy
109694,David Brown,590,F,Economy
109695,David Smith,582,F,Economy
109696,David Jackson,786,D,Economy
109697,John Martin,289,B,Economy
109698,Emily Brown,731,E,Economy
109699,Laura White,716,D,Economy
109700,Jane White,1551,A,Economy
109701,Chris White,703,A,Economy
109702,David Anderson,1500,C,Economy
109703,Sarah Martin,1591,B,Economy
109704,David Smith,986,F,Economy
109705,David Thomas,173,C,Economy
109706,John Taylor,1464,D,Economy
109707,Alex White,1373,B,Economy
109708,Emily White,1035,F,Economy
109709,Michael Smith,1663,E,Economy
109710,Sarah White,67,B,Economy
109711,Emily White,346,B,Economy
109712,Jane Anderson,122,E,Economy
109713,Jane White,177,B,Economy
109714,Katie Thomas,1503,B,Economy
109715,Alex Martin,1484,D,Economy
109716,Emily Johnson,1288,D,Economy
109717,Chris Johnson,352,A,Economy
109718,Jane Johnson,1271,A,Economy
109719,Katie Smith,378,E,Economy
109720,David Taylor,264,A,Economy
109721,Emily Anderson,174,B,Economy
109722,Alex Martin,133,B,Economy
109723,Jane Jackson,1015,F,Economy
109724,John Martin,581,B,Economy
109725,Alex Thomas,359,A,Economy
109726,Katie Smith,1110,B,Economy
109727,Jane Martin,1386,D,Economy
109728,Jane Brown,605,E,Economy
109729,Laura Taylor,1364,C,Economy
109730,Michael Martin,1481,B,Economy
109731,Katie Taylor,200,F,Economy
109732,Michael Jackson,1629,A,Economy
109733,Michael Johnson,907,A,Economy
109734,Alex Smith,1451,A,Economy
109735,John Anderson,712,A,Economy
109736,David Brown,1286,E,Economy
109737,Jane Jackson,1034,E,Economy
109738,David Martin,912,B,Economy
109739,Jane Brown,1129,B,Economy
109740,Sarah Martin,1622,A,Economy
109741,John Jackson,605,B,Economy
109742,Michael Johnson,1659,D,Economy
109743,Emily Thomas,1261,A,Economy
109744,Laura Anderson,1114,C,Economy
109745,Laura Anderson,110,A,Economy
109746,Laura Martin,1227,B,Economy
109747,Laura Harris,1228,D,Economy
109748,Emily Martin,823,D,Economy
109749,Chris Johnson,269,B,Economy
109750,Chris Smith,1591,E,Economy
109751,Laura Smith,1362,E,Economy
109752,John Taylor,1278,F,Economy
109753,David Harris,854,F,Economy
109754,David Harris,404,E,Economy
109755,Jane Jackson,179,B,Economy
109756,Katie White,50,C,Economy
109757,John Harris,982,F,Economy
109758,Katie Anderson,664,E,Economy
109759,Laura Smith,599,C,Economy
109760,Alex Thomas,1566,A,Economy
109761,Laura Taylor,287,A,Economy
109762,Chris Taylor,1630,F,Economy
109763,Chris Taylor,102,B,Economy
109764,John Smith,1569,D,Economy
109765,Laura Martin,373,D,Economy
109766,Chris Martin,927,D,Economy
109767,Laura Anderson,1663,B,Economy
109768,Emily Jackson,1391,D,Economy
109769,Laura Smith,1107,C,Economy
109770,Emily Taylor,1619,D,Economy
109771,Chris Brown,1039,E,Economy
109772,Katie Thomas,422,A,Economy
109773,John Brown,663,A,Economy
109774,Alex Brown,1396,C,Economy
109775,Laura Thomas,1333,E,Economy
109776,Alex Brown,540,E,Economy
109777,Emily Brown,1263,A,Economy
109778,Michael Taylor,400,A,Economy
109779,David Martin,73,F,Economy
109780,Alex Brown,1184,B,Economy
109781,Emily Brown,930,D,Economy
109782,Jane Thomas,981,F,Economy
109783,Alex Jackson,335,C,Economy
109784,Alex Jackson,855,C,Economy
109785,Katie Harris,493,C,Economy
109786,Alex Jackson,929,F,Economy
109787,John Martin,1427,A,Economy
109788,Emily Taylor,1299,B,Economy
109789,Emily Johnson,1147,E,Economy
109790,John Taylor,422,F,Economy
109791,Jane Johnson,742,D,Economy
109792,Alex Johnson,1657,B,Economy
109793,John Anderson,1022,B,Economy
109794,Katie Harris,359,E,Economy
109795,Michael Harris,1423,B,Economy
109796,Sarah Martin,853,A,Economy
109797,Sarah White,1182,B,Economy
109798,John Smith,1266,E,Economy
109799,Alex Johnson,1196,D,Economy
109800,Alex Thomas,1146,D,Economy
109801,Chris Johnson,644,A,Economy
109802,Chris White,325,B,Economy
109803,Laura Harris,484,A,Economy
109804,Michael Thomas,61,D,Economy
109805,Laura Anderson,1596,D,Economy
109806,Alex Thomas,1322,C,Economy
109807,Laura Brown,267,D,Economy
109808,Emily Taylor,72,E,Economy
109809,Laura Anderson,1214,F,Economy
109810,David Brown,673,C,Economy
109811,Laura Smith,1104,E,Economy
109812,Emily Martin,274,F,Economy
109813,Sarah Brown,1234,E,Economy
109814,Chris Anderson,176,E,Economy
109815,Jane White,92,D,Economy
109816,Michael Johnson,323,F,Economy
109817,Alex Brown,1233,E,Economy
109818,Laura Martin,939,D,Economy
109819,Sarah Jackson,1005,C,Economy
109820,David Taylor,235,D,Economy
109821,Katie Anderson,700,C,Economy
109822,Jane Johnson,966,D,Economy
109823,David Johnson,1023,C,Economy
109824,David Taylor,280,E,Economy
109825,John Brown,1531,A,Economy
109826,Jane Martin,1662,E,Economy
109827,Jane Jackson,664,C,Economy
109828,David Thomas,824,F,Economy
109829,Alex Thomas,775,B,Economy
109830,Emily Harris,1501,B,Economy
109831,John Johnson,1421,A,Economy
109832,Laura Jackson,556,B,Economy
109833,Laura Anderson,1238,F,Economy
109834,Laura Brown,1663,D,Economy
109835,Emily Johnson,107,E,Economy
109836,John Harris,912,F,Economy
109837,John Harris,542,E,Economy
109838,Sarah Martin,1232,E,Economy
109839,Laura Martin,137,D,Economy
109840,Alex Harris,657,E,Economy
109841,Chris White,962,D,Economy
109842,Chris Thomas,1573,C,Economy
109843,John Thomas,243,B,Economy
109844,Katie Johnson,252,C,Economy
109845,Laura Thomas,1600,F,Economy
109846,Jane Taylor,36,C,Economy
109847,Emily White,1538,E,Economy
109848,Laura Taylor,1091,B,Economy
109849,Alex Taylor,843,E,Economy
109850,Jane Thomas,68,B,Economy
109851,Emily Harris,895,D,Economy
109852,Katie Thomas,319,D,Economy
109853,Alex Brown,908,C,Economy
109854,John Anderson,968,A,Economy
109855,Sarah White,371,B,Economy
109856,Chris Anderson,1175,E,Economy
109857,Alex Thomas,416,F,Economy
109858,Laura Anderson,1373,E,Economy
109859,Michael Harris,682,C,Economy
109860,Emily Jackson,785,D,Economy
109861,Laura Smith,124,C,Economy
109862,Michael Smith,1221,D,Economy
109863,Jane Anderson,184,C,Economy
109864,John Martin,359,F,Economy
109865,Jane Harris,532,A,Economy
109866,John White,937,C,Economy
109867,John Martin,1076,D,Economy
109868,David White,42,F,Economy
109869,Laura Jackson,469,C,Economy
109870,David Jackson,599,F,Economy
109871,Sarah Taylor,1211,D,Economy
109872,Sarah Harris,194,E,Economy
109873,Michael Anderson,529,B,Economy
109874,Chris Taylor,1579,D,Economy
109875,Laura Brown,187,E,Economy
109876,John Harris,96,C,Economy
109877,Emily Jackson,679,F,Economy
109878,Michael Thomas,745,B,Economy
109879,Sarah Thomas,207,D,Economy
109880,Chris White,755,E,Economy
109881,Emily White,69,F,Economy
109882,Emily Johnson,1572,B,Economy
109883,Alex Thomas,357,C,Economy
109884,David Johnson,877,B,Economy
109885,Katie Taylor,632,F,Economy
109886,Alex Smith,379,A,Economy
109887,Chris Smith,1422,D,Economy
109888,Emily Martin,257,C,Economy
109889,Michael Taylor,972,F,Economy
109890,Sarah Johnson,449,D,Economy
109891,John White,915,E,Economy
109892,Laura White,1306,D,Economy
109893,Chris White,1155,C,Economy
109894,John Harris,398,A,Economy
109895,Sarah White,627,F,Economy
109896,Alex White,146,E,Economy
109897,Katie Anderson,1101,F,Economy
109898,Jane Harris,1623,A,Economy
109899,Chris Martin,1546,B,Economy
109900,Katie Jackson,958,D,Economy
109901,Emily Anderson,1165,D,Economy
109902,Chris Thomas,1273,B,Economy
109903,Laura Taylor,654,A,Economy
109904,David Brown,180,C,Economy
109905,Jane Smith,1321,D,Economy
109906,Michael Johnson,993,C,Economy
109907,Laura Smith,902,F,Economy
109908,Jane Jackson,1614,F,Economy
109909,Jane Johnson,272,A,Economy
109910,Chris White,1392,F,Economy
109911,Michael Harris,1554,E,Economy
109912,Katie Anderson,269,F,Economy
109913,Laura Smith,1092,B,Economy
109914,Michael Thomas,827,E,Economy
109915,Katie Anderson,1103,B,Economy
109916,Alex Martin,601,D,Economy
109917,Chris White,1067,E,Economy
109918,Laura Thomas,1376,E,Economy
109919,Emily Martin,1305,B,Economy
109920,Laura Taylor,1338,E,Economy
109921,Jane Harris,97,C,Economy
109922,Laura Thomas,1443,D,Economy
109923,David Jackson,1139,B,Economy
109924,Emily Martin,1097,A,Economy
109925,Alex Anderson,1410,B,Economy
109926,Katie White,1302,A,Economy
109927,David Johnson,1222,F,Economy
109928,David Harris,431,E,Economy
109929,Michael Smith,1026,F,Economy
109930,Michael Thomas,749,B,Economy
109931,John Thomas,163,A,Economy
109932,Katie Martin,334,C,Economy
109933,Chris Jackson,1107,E,Economy
109934,John Smith,498,C,Economy
109935,Sarah White,847,F,Economy
109936,Jane Johnson,452,A,Economy
109937,Michael Martin,1547,E,Economy
109938,Michael Taylor,733,D,Economy
109939,Katie Jackson,1257,E,Economy
109940,John Jackson,1212,E,Economy
109941,Emily Smith,891,B,Economy
109942,Jane Anderson,173,B,Economy
109943,Emily Martin,102,E,Economy
109944,Alex Brown,1012,A,Economy
109945,Chris Anderson,1500,B,Economy
109946,Sarah Smith,97,D,Economy
109947,Michael Taylor,885,A,Economy
109948,Laura White,1164,F,Economy
109949,Jane Brown,147,C,Economy
109950,Jane Brown,262,C,Economy
109951,Sarah Johnson,1531,D,Economy
109952,Laura Taylor,1203,F,Economy
109953,Laura Martin,167,C,Economy
109954,Chris Anderson,32,B,Economy
109955,Chris White,416,B,Economy
109956,Laura Martin,669,E,Economy
109957,Chris Harris,31,F,Economy
109958,Alex Thomas,228,A,Economy
109959,Alex Johnson,1317,B,Economy
109960,Katie Martin,963,C,Economy
109961,Michael Jackson,343,D,Economy
109962,John Brown,974,E,Economy
109963,Sarah Smith,518,F,Economy
109964,John Brown,1470,B,Economy
109965,Katie White,1368,B,Economy
109966,Alex Thomas,1519,B,Economy
109967,John Martin,339,F,Economy
109968,John Smith,1488,A,Economy
109969,David Martin,539,A,Economy
109970,David Johnson,1565,A,Economy
109971,Alex Smith,59,C,Economy
109972,John Smith,1414,C,Economy
109973,Chris Martin,879,D,Economy
109974,Chris Thomas,1404,C,Economy
109975,John Brown,853,E,Economy
109976,Sarah Martin,367,F,Economy
109977,David Harris,1331,F,Economy
109978,Alex Thomas,741,D,Economy
109979,Alex Jackson,1667,A,Economy
109980,Chris Martin,1227,D,Economy
109981,Sarah Johnson,1437,B,Economy
109982,Chris Taylor,1044,F,Economy
109983,Alex Martin,221,A,Economy
109984,Chris Smith,1262,A,Economy
109985,Sarah White,1110,C,Economy
109986,Jane Martin,1227,A,Economy
109987,Emily Smith,852,E,Economy
109988,Jane Taylor,394,C,Economy
109989,Emily Johnson,273,C,Economy
109990,David Thomas,1214,E,Economy
109991,Emily Harris,1039,F,Economy
109992,David Anderson,1608,F,Economy
109993,Alex Martin,349,D,Economy
109994,Michael Thomas,1363,C,Economy
109995,David Martin,1471,E,Economy
109996,David Anderson,571,E,Economy
109997,Chris Jackson,1451,B,Economy
109998,Laura Anderson,1270,B,Economy
109999,John White,1640,C,Economy
110000,Chris Johnson,1626,C,Economy
110001,Jane Brown,32,C,Economy
110002,Alex Jackson,1088,E,Economy
110003,Laura Harris,734,D,Economy
110004,Jane Smith,1667,D,Economy
110005,Emily White,382,E,Economy
110006,Emily Smith,1659,F,Economy
110007,Alex Thomas,700,F,Economy
110008,Alex White,58,B,Economy
110009,John Taylor,1135,B,Economy
110010,Alex Martin,331,A,Economy
110011,Jane Jackson,109,E,Economy
110012,David Harris,893,C,Economy
110013,Sarah Anderson,501,E,Economy
110014,Jane Martin,1528,E,Economy
110015,John White,528,B,Economy
110016,Michael Anderson,1564,A,Economy
110017,Katie Martin,1032,F,Economy
110018,Emily Brown,578,E,Economy
110019,Katie Martin,666,F,Economy
110020,Sarah Taylor,109,F,Economy
110021,Jane Thomas,1371,A,Economy
110022,Michael Brown,1575,D,Economy
110023,Sarah Thomas,118,C,Economy
110024,Michael Taylor,1666,D,Economy
110025,David Brown,127,F,Economy
110026,Katie Thomas,1464,E,Economy
110027,Alex Smith,1376,F,Economy
110028,Sarah White,1350,E,Economy
110029,Laura Smith,314,C,Economy
110030,Jane White,1057,D,Economy
110031,Jane Smith,1156,E,Economy
110032,Jane Harris,1343,D,Economy
110033,Chris Johnson,852,D,Economy
110034,Michael Taylor,560,B,Economy
110035,Emily Johnson,991,C,Economy
110036,John Taylor,1205,C,Economy
110037,Laura Smith,1039,B,Economy
110038,Laura Jackson,918,F,Economy
110039,Sarah Thomas,1240,C,Economy
110040,Michael Jackson,1515,C,Economy
110041,Michael Anderson,150,C,Economy
110042,David Brown,1074,F,Economy
110043,Alex Brown,186,F,Economy
110044,Alex Johnson,1147,F,Economy
110045,Alex Martin,600,F,Economy
110046,Sarah Thomas,1040,F,Economy
110047,Chris Smith,301,B,Economy
110048,Katie Taylor,1460,E,Economy
110049,Jane Harris,624,A,Economy
110050,David Martin,1336,B,Economy
110051,Michael Johnson,375,A,Economy
110052,Michael Johnson,125,A,Economy
110053,Jane Taylor,347,C,Economy
110054,Alex Johnson,510,F,Economy
110055,Sarah Harris,262,B,Economy
110056,Chris Jackson,734,A,Economy
110057,Chris Harris,1058,A,Economy
110058,Alex White,1569,B,Economy
110059,John Taylor,401,E,Economy
110060,Emily Martin,87,C,Economy
110061,Sarah Anderson,117,D,Economy
110062,David Johnson,345,D,Economy
110063,Alex Thomas,1524,A,Economy
110064,Michael Martin,471,A,Economy
110065,John Johnson,354,B,Economy
110066,Chris Jackson,181,A,Economy
110067,Katie White,1355,C,Economy
110068,Emily White,669,C,Economy
110069,Michael Smith,1615,D,Economy
110070,Alex Harris,964,F,Economy
110071,Jane Martin,1249,B,Economy
110072,Sarah Johnson,1598,E,Economy
110073,Jane Martin,267,B,Economy
110074,John Taylor,1564,C,Economy
110075,Laura Thomas,835,C,Economy
110076,Laura Taylor,450,F,Economy
110077,Alex Brown,711,B,Economy
110078,Jane Harris,1637,C,Economy
110079,Laura Brown,1620,D,Economy
110080,Sarah Brown,968,D,Economy
110081,Katie Johnson,1578,A,Economy
110082,Michael Jackson,1609,F,Economy
110083,Emily Anderson,631,D,Economy
110084,Sarah Anderson,1556,E,Economy
110085,Sarah Taylor,1085,E,Economy
110086,Alex Taylor,780,C,Economy
110087,Katie Thomas,323,A,Economy
110088,Laura Anderson,1525,E,Economy
110089,Sarah Jackson,647,E,Economy
110090,Emily Harris,812,C,Economy
110091,Katie Martin,1601,D,Economy
110092,Jane Harris,1552,B,Economy
110093,Sarah Johnson,635,D,Economy
110094,Michael Taylor,1501,D,Economy
110095,Michael Smith,1119,D,Economy
110096,Alex Harris,321,D,Economy
110097,Chris Jackson,166,C,Economy
110098,Chris Smith,1469,D,Economy
110099,Katie Thomas,726,A,Economy
110100,David White,587,C,Economy
110101,Alex Taylor,808,D,Economy
110102,David Harris,479,E,Economy
110103,David White,154,C,Economy
110104,John Johnson,548,E,Economy
110105,Alex Martin,230,B,Economy
110106,David Anderson,598,D,Economy
110107,John Johnson,1041,D,Economy
110108,Katie Johnson,1008,A,Economy
110109,Laura Thomas,762,D,Economy
110110,David Taylor,1436,D,Economy
110111,Chris White,314,F,Economy
110112,John White,984,F,Economy
110113,Chris Jackson,134,D,Economy
110114,Emily Martin,1397,B,Economy
110115,Michael Harris,1495,E,Economy
110116,John Taylor,1292,F,Economy
110117,Laura Smith,1432,B,Economy
110118,John Harris,1605,A,Economy
110119,Michael White,489,E,Economy
110120,John Johnson,1262,B,Economy
110121,Laura Harris,1088,A,Economy
110122,Katie Anderson,229,D,Economy
110123,Emily Taylor,1629,C,Economy
110124,Laura Thomas,1285,A,Economy
110125,Chris Brown,261,B,Economy
110126,Sarah Harris,587,B,Economy
110127,Jane White,744,C,Economy
110128,Chris Harris,889,F,Economy
110129,Chris White,560,F,Economy
110130,Alex White,781,E,Economy
110131,Chris Smith,646,D,Economy
110132,Michael Harris,1354,A,Economy
110133,David Martin,1171,E,Economy
110134,David Martin,1366,E,Economy
110135,Emily Brown,1258,D,Economy
110136,Chris Smith,1048,A,Economy
110137,Jane Brown,752,D,Economy
110138,Emily Harris,1633,A,Economy
110139,John Harris,773,A,Economy
110140,Michael Johnson,700,D,Economy
110141,Katie Johnson,1631,E,Economy
110142,Jane Taylor,1106,F,Economy
110143,Chris Thomas,265,F,Economy
110144,Jane Harris,201,A,Economy
110145,David Brown,754,C,Economy
110146,Emily White,859,A,Economy
110147,Jane Martin,310,C,Economy
110148,Katie Smith,809,D,Economy
110149,Michael Brown,1556,A,Economy
110150,Sarah Martin,832,E,Economy
110151,John White,740,C,Economy
110152,Alex Jackson,1441,C,Economy
110153,Emily Taylor,971,E,Economy
110154,John Anderson,666,D,Economy
110155,Alex Thomas,466,A,Economy
110156,David Brown,1187,E,Economy
110157,Michael White,1168,E,Economy
110158,Jane Smith,1272,B,Economy
110159,Michael Harris,226,B,Economy
110160,Sarah Brown,327,E,Economy
110161,Chris Taylor,1091,D,Economy
110162,John Thomas,644,F,Economy
110163,John Harris,1155,B,Economy
110164,Laura Jackson,170,B,Economy
110165,Emily Thomas,1655,E,Economy
110166,Jane Martin,1536,B,Economy
110167,Jane Johnson,330,A,Economy
110168,Laura Jackson,624,F,Economy
110169,John Thomas,1458,E,Economy
110170,Katie Thomas,214,B,Economy
110171,Michael Martin,537,B,Economy
110172,Sarah Brown,856,B,Economy
110173,Michael White,1445,A,Economy
110174,Chris Taylor,457,E,Economy
110175,Laura Brown,989,B,Economy
110176,Chris Harris,1341,C,Economy
110177,Katie White,1196,F,Economy
110178,John Anderson,1338,B,Economy
110179,Katie Martin,229,A,Economy
110180,Jane Anderson,1058,E,Economy
110181,John Smith,302,D,Economy
110182,Laura Johnson,218,B,Economy
110183,Laura Taylor,436,F,Economy
110184,Alex Johnson,120,D,Economy
110185,David Anderson,513,E,Economy
110186,David Johnson,1421,D,Economy
110187,Alex Jackson,1208,B,Economy
110188,Katie White,751,B,Economy
110189,Alex Jackson,1131,C,Economy
110190,Laura Martin,389,D,Economy
110191,Laura Jackson,606,C,Economy
110192,Emily Anderson,773,B,Economy
110193,Jane Harris,118,B,Economy
110194,Emily Anderson,1250,A,Economy
110195,Jane Thomas,509,B,Economy
110196,Michael Smith,911,B,Economy
110197,Chris White,128,A,Economy
110198,Chris Martin,438,B,Economy
110199,Sarah Brown,1225,F,Economy
110200,Emily Thomas,1560,C,Economy
110201,John Martin,569,B,Economy
110202,Jane Anderson,570,F,Economy
110203,Jane Thomas,224,E,Economy
110204,Alex Harris,1581,B,Economy
110205,Alex White,1522,B,Economy
110206,Laura Thomas,1003,B,Economy
110207,Michael Anderson,1401,D,Economy
110208,David Martin,725,B,Economy
110209,David White,1559,E,Economy
110210,Michael Johnson,651,A,Economy
110211,Laura Martin,283,F,Economy
110212,John Brown,1592,E,Economy
110213,Chris Martin,140,C,Economy
110214,Laura White,1083,A,Economy
110215,Chris Smith,1498,C,Economy
110216,Chris Johnson,315,F,Economy
110217,Emily Martin,1045,E,Economy
110218,Katie Harris,1199,C,Economy
110219,Emily Thomas,1176,C,Economy
110220,Chris Anderson,363,E,Economy
110221,Katie Taylor,891,E,Economy
110222,Emily Martin,1144,B,Economy
110223,Jane Smith,180,B,Economy
110224,Sarah Johnson,1483,D,Economy
110225,Michael Taylor,1309,E,Economy
110226,Emily Thomas,143,C,Economy
110227,Alex Martin,1535,E,Economy
110228,Alex Johnson,1401,C,Economy
110229,David Brown,1150,A,Economy
110230,Katie Taylor,860,A,Economy
110231,Alex Jackson,167,F,Economy
110232,Chris Taylor,1311,C,Economy
110233,Alex Martin,1434,E,Economy
110234,Emily Martin,1666,E,Economy
110235,Michael Thomas,892,F,Economy
110236,Katie Smith,1532,F,Economy
110237,Alex Johnson,583,E,Economy
110238,Jane White,256,F,Economy
110239,Katie Jackson,1137,E,Economy
110240,Alex Smith,1170,E,Economy
110241,John Harris,1541,A,Economy
110242,David Anderson,1274,A,Economy
110243,Sarah Thomas,1639,D,Economy
110244,Jane Harris,1282,E,Economy
110245,Laura Taylor,749,C,Economy
110246,Alex Smith,624,E,Economy
110247,Chris Martin,1127,A,Economy
110248,David Jackson,1409,B,Economy
110249,David Brown,1053,D,Economy
110250,Katie Martin,1630,C,Economy
110251,Jane Anderson,799,E,Economy
110252,Jane White,992,F,Economy
110253,Sarah Johnson,1230,B,Economy
110254,Katie White,47,D,Economy
110255,John Martin,884,A,Economy
110256,Chris Martin,1017,F,Economy
110257,Laura Harris,1659,A,Economy
110258,Michael Anderson,520,D,Economy
110259,David White,531,C,Economy
110260,Michael Taylor,93,F,Economy
110261,David Smith,198,E,Economy
110262,Michael Anderson,163,C,Economy
110263,Jane Anderson,1596,A,Economy
110264,Jane Brown,1478,D,Economy
110265,Michael Smith,710,D,Economy
110266,David Jackson,488,E,Economy
110267,Jane Brown,936,C,Economy
110268,Laura White,59,B,Economy
110269,John Smith,1539,A,Economy
110270,Jane White,794,B,Economy
110271,Emily Harris,1648,C,Economy
110272,Alex Jackson,942,A,Economy
110273,Sarah Jackson,38,F,Economy
110274,Jane Brown,287,E,Economy
110275,Laura White,1010,C,Economy
110276,Emily Martin,1078,B,Economy
110277,Chris Harris,1522,A,Economy
110278,Chris Martin,90,F,Economy
110279,Laura Smith,865,E,Economy
110280,Michael Johnson,397,B,Economy
110281,Sarah Jackson,608,E,Economy
110282,Alex Brown,1479,F,Economy
110283,Sarah Brown,481,C,Economy
110284,Michael White,917,B,Economy
110285,Laura Johnson,579,F,Economy
110286,David Taylor,1315,F,Economy
110287,Laura Anderson,409,A,Economy
110288,Alex Jackson,1165,A,Economy
110289,Michael Harris,568,A,Economy
110290,Emily Jackson,988,A,Economy
110291,Chris White,1545,A,Economy
110292,Chris Thomas,879,A,Economy
110293,Katie Anderson,1258,F,Economy
110294,Jane Martin,951,C,Economy
110295,Alex Jackson,1264,A,Economy
110296,Chris Harris,320,F,Economy
110297,Michael Taylor,1216,B,Economy
110298,John White,1324,E,Economy
110299,Alex Taylor,665,B,Economy
110300,John Smith,804,C,Economy
110301,David Harris,620,D,Economy
110302,Sarah Smith,320,C,Economy
110303,Emily Martin,242,A,Economy
110304,Laura Smith,49,C,Economy
110305,Katie Anderson,822,D,Economy
110306,Laura Thomas,1480,E,Economy
110307,Chris Jackson,1654,D,Economy
110308,Jane Taylor,1597,C,Economy
110309,Jane Taylor,1413,E,Economy
110310,Sarah Jackson,90,E,Economy
110311,Chris Johnson,847,D,Economy
110312,David White,1187,C,Economy
110313,David Smith,457,B,Economy
110314,Chris Brown,515,A,Economy
110315,David Smith,1177,B,Economy
110316,Laura Johnson,495,B,Economy
110317,Sarah Martin,1434,F,Economy
110318,Laura Anderson,1655,A,Economy
110319,David Harris,619,E,Economy
110320,Chris Anderson,740,B,Economy
110321,David Thomas,1133,F,Economy
110322,John Johnson,894,A,Economy
110323,Katie Thomas,1544,A,Economy
110324,David Jackson,573,D,Economy
110325,Alex Harris,673,B,Economy
110326,Chris Johnson,233,C,Economy
110327,Michael White,834,D,Economy
110328,Alex Jackson,268,A,Economy
110329,Laura Johnson,260,B,Economy
110330,Chris Anderson,1370,C,Economy
110331,Sarah Anderson,1647,E,Economy
110332,Emily Taylor,51,F,Economy
110333,Jane Smith,1302,D,Economy
110334,Laura Brown,227,C,Economy
110335,David Taylor,1227,C,Economy
110336,John Anderson,516,F,Economy
110337,Chris Johnson,247,A,Economy
110338,Sarah Smith,571,B,Economy
110339,Sarah Anderson,262,E,Economy
110340,Sarah Brown,1198,D,Economy
110341,Chris Martin,899,C,Economy
110342,Laura Harris,32,D,Economy
110343,David Brown,1421,F,Economy
110344,Chris Martin,306,E,Economy
110345,Laura Harris,1263,C,Economy
110346,Laura Jackson,1455,C,Economy
110347,Jane Anderson,1024,A,Economy
110348,Katie Anderson,1232,D,Economy
110349,Laura Anderson,1087,E,Economy
110350,Sarah Martin,1597,E,Economy
110351,Katie Taylor,951,A,Economy
110352,Emily Thomas,1454,A,Economy
110353,Michael Johnson,1266,B,Economy
110354,Michael Martin,304,C,Economy
110355,Katie Taylor,460,D,Economy
110356,Michael Brown,507,A,Economy
110357,Sarah Harris,590,B,Economy
110358,Emily Harris,674,C,Economy
110359,Alex Johnson,729,F,Economy
110360,Michael Johnson,1317,E,Economy
110361,Alex Johnson,694,E,Economy
110362,Emily Jackson,787,E,Economy
110363,Jane Anderson,197,C,Economy
110364,Jane Smith,1631,A,Economy
110365,Michael White,443,A,Economy
110366,Katie White,659,D,Economy
110367,Alex Martin,1472,A,Economy
110368,John Martin,1347,B,Economy
110369,Laura Harris,143,F,Economy
110370,David Johnson,886,A,Economy
110371,Katie Harris,40,B,Economy
110372,Laura Taylor,923,C,Economy
110373,Sarah White,85,C,Economy
110374,Alex Brown,828,C,Economy
110375,Katie Thomas,1574,D,Economy
110376,Katie Brown,874,F,Economy
110377,Emily Jackson,958,B,Economy
110378,Emily Jackson,754,D,Economy
110379,Laura Smith,1070,A,Economy
110380,Emily Anderson,1115,D,Economy
110381,Michael Anderson,822,F,Economy
110382,Alex Brown,500,C,Economy
110383,Jane White,836,D,Economy
110384,Laura White,1402,F,Economy
110385,David Harris,1487,F,Economy
110386,Laura Martin,250,F,Economy
110387,Emily Thomas,1260,E,Economy
110388,Michael Brown,915,B,Economy
110389,Chris Thomas,314,A,Economy
110390,Alex Harris,1494,C,Economy
110391,Emily Jackson,1444,D,Economy
110392,Chris Harris,1485,A,Economy
110393,John Johnson,411,A,Economy
110394,John Jackson,1214,B,Economy
110395,Jane Brown,1405,A,Economy
110396,Alex Jackson,1270,F,Economy
110397,John Johnson,777,F,Economy
110398,Katie White,734,B,Economy
110399,Sarah Anderson,743,A,Economy
110400,David Martin,989,C,Economy
110401,Chris Brown,1568,C,Economy
110402,John Brown,1213,C,Economy
110403,Alex Smith,1589,A,Economy
110404,Laura Johnson,327,C,Economy
110405,Emily Harris,1054,F,Economy
110406,Laura Thomas,606,E,Economy
110407,Alex Taylor,1164,A,Economy
110408,John Thomas,141,F,Economy
110409,Jane Smith,653,C,Economy
110410,Emily White,1371,F,Economy
110411,Alex Martin,1211,B,Economy
110412,Michael Brown,723,D,Economy
110413,Laura Thomas,959,B,Economy
110414,David Johnson,1455,E,Economy
110415,Emily Brown,1408,F,Economy
110416,Laura Anderson,156,D,Economy
110417,Emily Johnson,1653,B,Economy
110418,Katie Jackson,1563,B,Economy
110419,John Johnson,184,D,Economy
110420,Alex Thomas,1442,E,Economy
110421,Michael Martin,860,D,Economy
110422,John White,621,A,Economy
110423,Alex Johnson,1382,D,Economy
110424,Alex Anderson,341,B,Economy
110425,Jane Brown,145,B,Economy
110426,Michael Anderson,546,F,Economy
110427,Jane Harris,589,F,Economy
110428,Michael Harris,261,E,Economy
110429,Michael Thomas,1636,F,Economy
110430,John Harris,83,B,Economy
110431,Jane Jackson,83,A,Economy
110432,Alex Johnson,1509,A,Economy
110433,Chris Martin,1033,B,Economy
110434,Emily Anderson,958,F,Economy
110435,Chris Anderson,1328,B,Economy
110436,Alex Anderson,589,E,Economy
110437,Laura Thomas,978,B,Economy
110438,Chris Jackson,780,A,Economy
110439,Alex Jackson,764,B,Economy
110440,Jane Jackson,436,A,Economy
110441,Laura Harris,1512,B,Economy
110442,David Martin,1321,E,Economy
110443,Sarah Brown,788,E,Economy
110444,Jane Anderson,281,A,Economy
110445,Katie Harris,1575,A,Economy
110446,Michael Taylor,249,F,Economy
110447,Katie White,1539,C,Economy
110448,Sarah Brown,1005,B,Economy
110449,Emily Smith,1108,B,Economy
110450,Sarah Martin,1642,F,Economy
110451,Sarah Smith,1063,E,Economy
110452,Alex Smith,1604,A,Economy
110453,Emily Harris,1493,C,Economy
110454,Laura Thomas,945,A,Economy
110455,Laura White,1590,D,Economy
110456,Katie Brown,1484,C,Economy
110457,Laura Jackson,1598,D,Economy
110458,Laura Johnson,407,E,Economy
110459,Katie White,1390,F,Economy
110460,Emily Smith,78,F,Economy
110461,Alex Smith,318,C,Economy
110462,John Jackson,202,D,Economy
110463,Katie Johnson,1566,F,Economy
110464,Chris Taylor,243,C,Economy
110465,Michael Brown,1074,B,Economy
110466,David Taylor,756,C,Economy
110467,Sarah Smith,1129,C,Economy
110468,David Taylor,1079,C,Economy
110469,Sarah White,489,A,Economy
110470,Jane Anderson,136,D,Economy
110471,David Smith,1200,E,Economy
110472,Emily Martin,496,A,Economy
110473,Emily White,833,E,Economy
110474,Michael Brown,1204,B,Economy
110475,Alex Martin,1643,B,Economy
110476,Laura Johnson,1467,A,Economy
110477,Chris Anderson,1467,B,Economy
110478,Emily Anderson,128,D,Economy
110479,Katie Thomas,1105,B,Economy
110480,Jane Taylor,272,C,Economy
110481,Sarah Martin,1396,A,Economy
110482,Laura White,777,C,Economy
110483,John Brown,800,F,Economy
110484,Sarah Brown,1397,E,Economy
110485,Michael White,1385,A,Economy
110486,Michael Taylor,812,E,Economy
110487,Laura Johnson,883,E,Economy
110488,David White,560,E,Economy
110489,Michael Anderson,1106,C,Economy
110490,Alex Johnson,88,F,Economy
110491,Chris White,946,E,Economy
110492,Michael Johnson,1447,B,Economy
110493,Chris Jackson,1040,E,Economy
110494,Emily Smith,181,C,Economy
110495,Alex Harris,440,D,Economy
110496,Katie Jackson,674,D,Economy
110497,Sarah Smith,156,E,Economy
110498,Jane Brown,254,D,Economy
110499,Michael Taylor,942,B,Economy
110500,John Brown,410,D,Economy
110501,Katie White,1198,F,Economy
110502,Jane Anderson,297,B,Economy
110503,Chris Johnson,823,F,Economy
110504,Alex Brown,768,A,Economy
110505,Jane Taylor,1236,C,Economy
110506,Sarah Harris,445,B,Economy
110507,John Taylor,1639,A,Economy
110508,Sarah Taylor,473,B,Economy
110509,David Johnson,887,B,Economy
110510,Alex Jackson,127,A,Economy
110511,Laura Brown,1195,E,Economy
110512,Alex Anderson,598,C,Economy
110513,Jane Brown,687,E,Economy
110514,David Thomas,581,F,Economy
110515,Sarah Taylor,952,A,Economy
110516,Jane Taylor,591,A,Economy
110517,Alex Smith,979,B,Economy
110518,Emily Smith,1074,C,Economy
110519,Katie White,423,F,Economy
110520,John Thomas,522,C,Economy
110521,Jane Smith,48,E,Economy
110522,John White,739,D,Economy
110523,John Harris,315,C,Economy
110524,Emily Martin,720,F,Economy
110525,Jane Smith,1569,F,Economy
110526,David Johnson,721,D,Economy
110527,Sarah Smith,1029,A,Economy
110528,Katie Smith,1272,E,Economy
110529,Katie Anderson,501,C,Economy
110530,Alex Johnson,38,A,Economy
110531,John Harris,188,C,Economy
110532,Emily Taylor,1049,D,Economy
110533,Laura Jackson,1351,F,Economy
110534,Sarah Thomas,277,D,Economy
110535,Laura Brown,45,B,Economy
110536,Chris Jackson,120,F,Economy
110537,Laura Johnson,351,B,Economy
110538,John Smith,52,C,Economy
110539,Emily Thomas,1134,D,Economy
110540,Katie Harris,77,B,Economy
110541,Laura Harris,1418,B,Economy
110542,Katie Smith,1157,B,Economy
110543,Alex Brown,65,B,Economy
110544,Emily Brown,67,A,Economy
110545,Alex Smith,1395,B,Economy
110546,Laura Martin,405,F,Economy
110547,Alex Thomas,318,E,Economy
110548,Sarah Thomas,631,C,Economy
110549,Sarah White,196,A,Economy
110550,Sarah Thomas,180,E,Economy
110551,John Martin,944,C,Economy
110552,Laura Taylor,790,C,Economy
110553,Emily Thomas,1289,C,Economy
110554,Katie Martin,86,C,Economy
110555,Emily Johnson,1507,D,Economy
110556,Katie Harris,1093,B,Economy
110557,Laura Brown,224,C,Economy
110558,John Thomas,1613,C,Economy
110559,Chris Smith,1395,C,Economy
110560,Alex Jackson,1614,C,Economy
110561,Emily Harris,1137,D,Economy
110562,Michael Jackson,886,C,Economy
110563,Laura Anderson,837,C,Economy
110564,Jane Brown,1045,D,Economy
110565,Michael Anderson,1000,E,Economy
110566,Emily Brown,511,D,Economy
110567,David Martin,1394,C,Economy
110568,Alex Smith,648,A,Economy
110569,Jane Smith,494,B,Economy
110570,John Brown,1488,B,Economy
110571,Alex Taylor,462,C,Economy
110572,David Johnson,1337,D,Economy
110573,Emily Taylor,643,C,Economy
110574,Katie Taylor,511,E,Economy
110575,David Thomas,506,D,Economy
110576,Jane Taylor,495,C,Economy
110577,Michael Taylor,111,D,Economy
110578,David Harris,679,D,Economy
110579,David Johnson,1380,E,Economy
110580,Katie Jackson,1362,A,Economy
110581,Laura Taylor,1488,E,Economy
110582,Chris Jackson,562,A,Economy
110583,Chris Smith,702,E,Economy
110584,Chris White,1120,A,Economy
110585,John Jackson,493,B,Economy
110586,Sarah Thomas,254,F,Economy
110587,Jane Taylor,750,A,Economy
110588,Alex White,373,A,Economy
110589,Michael Smith,657,D,Economy
110590,Laura Anderson,1134,A,Economy
110591,Laura Thomas,640,E,Economy
110592,Jane Martin,1190,E,Economy
110593,Emily Jackson,1626,E,Economy
110594,Michael Smith,563,E,Economy
110595,Sarah Martin,1471,F,Economy
110596,Katie Smith,526,B,Economy
110597,Jane Anderson,910,E,Economy
110598,Alex Taylor,1186,B,Economy
110599,Emily Martin,450,D,Economy
110600,Katie Taylor,206,E,Economy
110601,Laura Martin,859,E,Economy
110602,Laura Smith,276,C,Economy
110603,Emily Harris,1231,B,Economy
110604,John Anderson,1305,F,Economy
110605,Michael Brown,913,E,Economy
110606,Katie Anderson,693,C,Economy
110607,Alex Brown,702,C,Economy
110608,David Smith,1265,C,Economy
110609,Katie Johnson,510,C,Economy
110610,Alex Jackson,1400,D,Economy
110611,Sarah Johnson,754,F,Economy
110612,John Harris,1326,A,Economy
110613,Chris Brown,994,E,Economy
110614,Emily Smith,538,B,Economy
110615,Alex Martin,1339,C,Economy
110616,Emily Thomas,402,C,Economy
110617,Alex Thomas,1467,F,Economy
110618,Michael Jackson,967,A,Economy
110619,Michael Johnson,967,B,Economy
110620,John Jackson,890,D,Economy
110621,Sarah Brown,855,D,Economy
110622,Michael Taylor,568,B,Economy
110623,Jane Thomas,375,D,Economy
110624,Sarah Taylor,1377,D,Economy
110625,Michael Jackson,1548,F,Economy
110626,Michael Anderson,145,A,Economy
110627,Katie Taylor,1189,D,Economy
110628,Michael Thomas,1307,A,Economy
110629,John Smith,292,F,Economy
110630,David White,1418,C,Economy
110631,David Anderson,1000,B,Economy
110632,Alex Johnson,1069,E,Economy
110633,John Harris,897,B,Economy
110634,Katie Anderson,1407,A,Economy
110635,Alex Brown,1381,E,Economy
110636,David Martin,996,A,Economy
110637,Chris Martin,834,E,Economy
110638,John White,1228,A,Economy
110639,Jane White,686,C,Economy
110640,Katie Brown,1553,B,Economy
110641,Laura Martin,101,F,Economy
110642,Laura Smith,104,F,Economy
110643,David Johnson,603,B,Economy
110644,Chris Smith,81,F,Economy
110645,Jane White,1383,A,Economy
110646,Katie Jackson,898,C,Economy
110647,Laura Smith,910,C,Economy
110648,John White,1368,A,Economy
110649,Laura Taylor,971,F,Economy
110650,Alex Brown,1195,A,Economy
110651,Michael White,557,F,Economy
110652,David Harris,932,A,Economy
110653,Alex Harris,1035,B,Economy
110654,Jane Harris,462,F,Economy
110655,David Thomas,1495,A,Economy
110656,John Smith,134,B,Economy
110657,Alex Jackson,1525,F,Economy
110658,David Johnson,590,A,Economy
110659,Michael White,1294,A,Economy
110660,John Brown,193,F,Economy
110661,John White,1460,A,Economy
110662,John Jackson,1168,F,Economy
110663,Chris Johnson,1583,D,Economy
110664,Laura Jackson,903,A,Economy
110665,John Martin,62,F,Economy
110666,Sarah Taylor,436,E,Economy
110667,Michael Taylor,1589,B,Economy
110668,Katie Harris,1169,C,Economy
110669,Laura Harris,592,E,Economy
110670,Jane Johnson,982,E,Economy
110671,Alex Taylor,282,D,Economy
110672,Katie Jackson,877,A,Economy
110673,Jane Jackson,790,D,Economy
110674,Katie White,157,C,Economy
110675,John Taylor,164,E,Economy
110676,Chris White,1440,F,Economy
110677,John White,1234,D,Economy
110678,John Jackson,641,F,Economy
110679,Emily White,562,F,Economy
110680,John Thomas,147,F,Economy
110681,Jane Taylor,1066,B,Economy
110682,Laura White,665,A,Economy
110683,David Johnson,1378,F,Economy
110684,Chris Thomas,754,A,Economy
110685,Emily Johnson,505,C,Economy
110686,Emily Johnson,519,F,Economy
110687,Katie Thomas,1038,B,Economy
110688,David Martin,756,D,Economy
110689,Emily Harris,883,C,Economy
110690,Emily Anderson,1001,F,Economy
110691,Alex Thomas,1039,C,Economy
110692,John Brown,847,C,Economy
110693,Chris Taylor,797,E,Economy
110694,John Harris,124,F,Economy
110695,Jane Thomas,521,B,Economy
110696,Emily Brown,976,D,Economy
110697,Michael Thomas,1101,C,Economy
110698,David Smith,743,F,Economy
110699,Alex Thomas,1477,D,Economy
110700,Katie Anderson,293,D,Economy
110701,Laura Martin,59,A,Economy
110702,Sarah Taylor,127,E,Economy
110703,Alex Harris,547,D,Economy
110704,John Anderson,459,E,Economy
110705,Sarah Smith,1442,F,Economy
110706,Michael Johnson,63,F,Economy
110707,Alex Jackson,1612,E,Economy
110708,Jane Smith,376,F,Economy
110709,Jane Smith,954,F,Economy
110710,David Jackson,679,C,Economy
110711,Laura Jackson,167,D,Economy
110712,Sarah Harris,208,C,Economy
110713,Katie Smith,825,E,Economy
110714,Laura White,810,F,Economy
110715,Emily Johnson,957,C,Economy
110716,Chris Taylor,1235,F,Economy
110717,Jane Anderson,903,D,Economy
110718,David Johnson,1637,F,Economy
110719,Chris Taylor,853,D,Economy
110720,Jane Martin,1364,F,Economy
110721,Alex Thomas,1287,E,Economy
110722,Laura Thomas,98,F,Economy
110723,John Jackson,291,B,Economy
110724,Emily Harris,48,F,Economy
110725,Jane Smith,313,B,Economy
110726,Sarah Smith,1225,B,Economy
110727,Laura Taylor,291,F,Economy
110728,Katie Taylor,741,B,Economy
110729,Michael Taylor,164,C,Economy
110730,Sarah Jackson,544,D,Economy
110731,Emily Harris,1533,B,Economy
110732,Emily White,464,B,Economy
110733,Emily Taylor,1448,C,Economy
110734,John Taylor,1389,F,Economy
110735,Chris Harris,796,C,Economy
110736,John Brown,1315,D,Economy
110737,Sarah Harris,597,F,Economy
110738,Sarah Taylor,1545,D,Economy
110739,Emily Brown,464,D,Economy
110740,Alex Smith,142,D,Economy
110741,Chris Harris,186,E,Economy
110742,Alex Smith,1433,E,Economy
110743,David Anderson,251,D,Economy
110744,Jane Smith,1662,F,Economy
110745,David Anderson,1625,A,Economy
110746,Katie Smith,234,F,Economy
110747,Jane Martin,50,A,Economy
110748,Jane Smith,149,C,Economy
110749,John Martin,833,A,Economy
110750,John Johnson,753,E,Economy
110751,Sarah White,355,C,Economy
110752,Sarah Brown,425,C,Economy
110753,David Anderson,1445,F,Economy
110754,Jane Anderson,1468,E,Economy
110755,Chris Johnson,337,D,Economy
110756,Laura Brown,165,E,Economy
110757,Katie Martin,606,B,Economy
110758,Alex Jackson,519,D,Economy
110759,Laura Taylor,626,A,Economy
110760,Jane Johnson,1371,D,Economy
110761,David Anderson,270,F,Economy
110762,Sarah Martin,1174,D,Economy
110763,David Anderson,1608,B,Economy
110764,Emily Harris,187,F,Economy
110765,Michael Thomas,1245,F,Economy
110766,Jane Anderson,1311,D,Economy
110767,Michael Johnson,210,F,Economy
110768,David Anderson,153,B,Economy
110769,Emily Brown,957,B,Economy
110770,Jane White,580,C,Economy
110771,John Anderson,768,D,Economy
110772,Katie Johnson,1608,E,Economy
110773,John Smith,687,F,Economy
110774,John Martin,251,F,Economy
110775,Jane Johnson,1168,B,Economy
110776,John Johnson,1150,D,Economy
110777,Katie Johnson,1117,C,Economy
110778,John Taylor,133,A,Economy
110779,Jane Taylor,1210,E,Economy
110780,Sarah Thomas,69,D,Economy
110781,Katie Taylor,1117,B,Economy
110782,Chris Brown,463,C,Economy
110783,Sarah Taylor,626,C,Economy
110784,Emily Thomas,632,C,Economy
110785,Emily Taylor,856,C,Economy
110786,Laura Brown,1303,D,Economy
110787,John White,1310,F,Economy
110788,Emily Smith,112,C,Economy
110789,Jane Taylor,1127,B,Economy
110790,Jane Martin,1161,B,Economy
110791,John Brown,1049,B,Economy
110792,Sarah Anderson,410,C,Economy
110793,Katie Thomas,713,F,Economy
110794,Sarah Thomas,1435,C,Economy
110795,Sarah Thomas,562,B,Economy
110796,John Johnson,839,E,Economy
110797,Michael Anderson,162,A,Economy
110798,Emily Harris,1221,E,Economy
110799,Michael Brown,1377,F,Economy
110800,Sarah Johnson,630,A,Economy
110801,Katie Harris,1101,A,Economy
110802,Jane Johnson,550,E,Economy
110803,Alex Smith,1328,D,Economy
110804,David White,1173,C,Economy
110805,Emily Anderson,1615,C,Economy
110806,John Anderson,86,D,Economy
110807,Laura Anderson,1629,B,Economy
110808,Laura Thomas,530,F,Economy
110809,Emily Harris,916,C,Economy
110810,Chris Jackson,304,E,Economy
110811,Emily Taylor,1475,C,Economy
110812,John Brown,99,A,Economy
110813,Alex Martin,182,D,Economy
110814,Katie Smith,1306,F,Economy
110815,Laura White,1483,F,Economy
110816,David Harris,384,E,Economy
110817,Michael Jackson,793,C,Economy
110818,Emily Anderson,1603,D,Economy
110819,John Harris,1187,B,Economy
110820,Alex Martin,1040,A,Economy
110821,Michael Smith,782,F,Economy
110822,Michael Anderson,152,F,Economy
110823,Sarah Smith,521,C,Economy
110824,Jane Taylor,1343,B,Economy
110825,Michael Johnson,678,E,Economy
110826,Emily Harris,960,C,Economy
110827,Jane Brown,921,C,Economy
110828,Sarah Brown,152,C,Economy
110829,David Jackson,158,C,Economy
110830,David Johnson,1094,B,Economy
110831,Katie Martin,1525,B,Economy
110832,Laura Thomas,613,B,Economy
110833,Laura Taylor,1403,D,Economy
110834,Laura Jackson,1020,D,Economy
110835,Michael Johnson,329,B,Economy
110836,Michael Martin,93,A,Economy
110837,David Johnson,1664,B,Economy
110838,Alex Anderson,1339,E,Economy
110839,Michael Thomas,1127,D,Economy
110840,Laura Harris,1462,D,Economy
110841,Chris Jackson,1010,B,Economy
110842,David Smith,1442,C,Economy
110843,Emily Johnson,740,E,Economy
110844,Emily Anderson,803,D,Economy
110845,Laura Jackson,152,E,Economy
110846,Jane Taylor,855,F,Economy
110847,Laura Brown,233,F,Economy
110848,Chris Thomas,1002,B,Economy
110849,Chris Brown,881,F,Economy
110850,Michael Smith,818,E,Economy
110851,Chris White,613,D,Economy
110852,Katie Brown,503,D,Economy
110853,Chris Thomas,1384,B,Economy
110854,Katie Jackson,354,C,Economy
110855,Chris Brown,783,A,Economy
110856,Laura Jackson,1002,F,Economy
110857,David Thomas,1323,B,Economy
110858,Laura Martin,837,D,Economy
110859,Jane Martin,63,E,Economy
110860,John Harris,392,A,Economy
110861,Jane Taylor,1530,E,Economy
110862,Jane Thomas,711,C,Economy
110863,David Martin,1101,E,Economy
110864,Emily White,1283,E,Economy
110865,Chris Brown,98,B,Economy
110866,Katie Jackson,209,A,Economy
110867,John Smith,479,F,Economy
110868,Katie Thomas,578,B,Economy
110869,David Johnson,439,E,Economy
110870,Emily White,1405,E,Economy
110871,Jane Smith,369,E,Economy
110872,Chris Johnson,532,C,Economy
110873,Alex White,645,F,Economy
110874,Michael Johnson,260,F,Economy
110875,John Anderson,1651,D,Economy
110876,Jane White,770,A,Economy
110877,Michael Johnson,1534,C,Economy
110878,Michael Martin,857,A,Economy
110879,Laura Harris,1586,B,Economy
110880,David Jackson,1604,C,Economy
110881,Sarah Taylor,466,C,Economy
110882,John Taylor,720,A,Economy
110883,David Harris,62,D,Economy
110884,Sarah Johnson,92,A,Economy
110885,Laura Martin,155,D,Economy
110886,Katie Brown,243,F,Economy
110887,Laura Taylor,324,A,Economy
110888,Alex Taylor,169,C,Economy
110889,Alex Taylor,1358,F,Economy
110890,Chris Smith,733,E,Economy
110891,Katie Jackson,980,B,Economy
110892,Michael Thomas,1615,E,Economy
110893,Katie Smith,1243,C,Economy
110894,Jane Brown,772,A,Economy
110895,Alex Jackson,1004,F,Economy
110896,Laura Thomas,673,A,Economy
110897,David Jackson,1127,E,Economy
110898,Jane Taylor,1093,F,Economy
110899,David Jackson,835,A,Economy
110900,Chris Jackson,875,A,Economy
