PassengerID,Name,SeatRow,SeatColumn,FlightClass
100000,Carol Williams,117,A,Business
100001,Ryan White,401,Q,Economy
100002,Jack Jones,118,R,Business
100003,Frank Martin,444,M,Economy
100004,Alice Wilson,432,Q,Economy
100005,Paul Garcia,223,E,Economy
100006,Sara Taylor,1,B,First
100007,Eve Thomas,201,L,Business
100008,Mia Jones,108,O,Business
100009,Grace White,12,A,First
100010,Paul Jones,207,Q,Business
100011,Carol Williams,273,A,Economy
100012,Eve Smith,56,R,First
100013,Grace Davis,269,R,Economy
100014,Olivia Anderson,54,H,First
100015,Tom Rodriguez,443,R,Economy
100016,Alice Smith,200,V,Business
100017,Leo White,242,R,Economy
100019,Noah Jones,281,J,Economy
100020,David Brown,384,D,Economy
100021,Leo Davis,97,W,Business
100022,Ryan Thomas,392,K,Economy
100023,Quinn Taylor,124,L,Business
100024,Ivy Jackson,266,V,Economy
100025,Noah Harris,7,R,First
100026,Noah Smith,140,B,Business
100027,Kate Anderson,328,U,Economy
100028,Bob Jones,336,N,Economy
100029,Tom Thomas,330,W,Economy
100030,Ivy Jackson,296,M,Economy
100031,Paul Anderson,173,H,Business
100032,Ryan Harris,79,U,Business
100033,Sara Jackson,368,J,Economy
100034,Bob Taylor,122,S,Business
100035,Carol Miller,423,S,Economy
100036,Leo Taylor,40,X,First
100037,Eve Harris,20,I,First
100038,Henry Smith,190,G,Business
100039,Olivia Wilson,449,Z,Economy
100040,Quinn Jones,131,K,Business
100041,Tom Harris,344,W,Economy
100042,Alice Thomas,421,F,Economy
100043,Paul Davis,88,K,Business
100044,Paul Jones,326,V,Economy
100045,Eve Miller,99,Y,Business
100046,Alice Wilson,372,G,Economy
100047,Eve Williams,198,C,Business
100048,Sara Williams,334,O,Economy
100049,Bob Thomas,344,P,Economy
100050,Mia Martinez,292,Z,Economy
100051,Frank Jackson,116,H,Business
100052,Ryan Smith,290,A,Economy
100053,Bob Taylor,453,M,Economy
100054,Jack Williams,253,P,Economy
100055,Noah Williams,154,J,Business
100056,Frank White,433,Z,Economy
100057,Ivy Smith,106,Q,Business
100058,Henry Taylor,295,A,Economy
100059,Mia White,213,F,Economy
100060,Paul Harris,73,A,Business
100061,Grace Miller,370,A,Economy
100062,Kate Anderson,380,K,Economy
100063,Jack Miller,303,Y,Economy
100064,Henry Harris,223,A,Economy
100065,Ryan Wilson,107,W,Business
100066,Ivy White,21,J,First
100067,Quinn Jackson,285,X,Economy
100068,Noah Garcia,15,Z,First
100069,Eve Davis,214,L,Economy
100070,Leo Davis,26,S,First
100071,Henry Rodriguez,80,W,Business
100072,Paul Miller,3,F,First
100073,Bob Jackson,277,S,Economy
100074,Tom White,240,G,Economy
100075,Henry Smith,94,M,Business
100076,Bob White,173,E,Business
100077,Grace Taylor,142,F,Business
100078,Quinn Rodriguez,49,E,First
100079,Kate Williams,78,M,Business
100080,Leo Rodriguez,26,L,First
100081,Bob Miller,108,R,Business
100082,Frank Brown,412,X,Economy
100083,Jack Wilson,399,D,Economy
100084,David Rodriguez,68,C,First
100085,Alice Smith,262,M,Economy
100086,Quinn Jackson,379,P,Economy
100087,Tom Thomas,57,P,First
100088,Kate Smith,178,X,Business
100089,Olivia Johnson,239,W,Economy
100090,Noah Garcia,249,L,Economy
100091,Ivy Garcia,213,R,Economy
100092,Carol Davis,78,U,Business
100093,Noah Jones,36,L,First
100094,Jack Martinez,231,L,Economy
100095,Jack Miller,413,G,Economy
100096,David Brown,322,C,Economy
100097,Jack Wilson,28,G,First
100098,Sara Williams,339,U,Economy
100099,Ryan Harris,298,S,Economy
100100,Alice Rodriguez,428,K,Economy
100101,Eve Thomas,171,I,Business
100102,Henry Thomas,353,P,Economy
100103,Ryan Harris,47,F,First
100104,David Brown,272,K,Economy
100105,Carol Taylor,7,G,First
100106,David Martin,290,O,Economy
100107,Henry Jackson,31,F,First
100108,Bob Williams,286,I,Economy
100109,Olivia Wilson,46,N,First
100110,Carol Anderson,234,I,Economy
100111,David Martin,391,T,Economy
100112,Ryan Thomas,153,D,Business
100113,Sara Davis,217,J,Economy
100114,Mia Martin,157,S,Business
100115,Jack Anderson,166,Z,Business
100116,Kate Anderson,314,Y,Economy
100117,Alice Miller,403,Y,Economy
100118,Ivy Smith,104,B,Business
100119,Tom Rodriguez,16,Z,First
100120,Paul Miller,48,P,First
100121,Carol Davis,56,T,First
100122,David Garcia,171,X,Business
100123,Bob Jackson,410,E,Economy
100124,Bob Martinez,171,F,Business
100125,Paul Johnson,19,X,First
100126,Noah Martinez,165,Y,Business
100127,Carol Martinez,1,O,First
100128,Grace Jones,89,X,Business
100129,Tom Rodriguez,113,Y,Business
100130,Frank Wilson,149,D,Business
100131,Eve Anderson,144,Y,Business
100132,Alice Jackson,210,B,Business
100133,Quinn White,9,C,First
100134,Paul Thomas,205,D,Business
100135,Tom Brown,160,G,Business
100136,Sara Garcia,150,U,Business
100137,Alice Jackson,398,K,Economy
100138,Ryan Johnson,424,Z,Economy
100139,Eve Johnson,111,W,Business
100140,Leo Jackson,371,K,Economy
100141,Quinn Smith,75,Q,Business
100142,Henry Harris,21,M,First
100143,Sara Martin,180,K,Business
100144,Ivy Miller,431,D,Economy
100145,Mia Taylor,191,Y,Business
100146,Noah Martin,340,U,Economy
100147,Leo Jones,69,I,First
100148,Sara Anderson,182,S,Business
100149,Jack Williams,310,V,Economy
100150,Mia Williams,89,J,Business
100151,Bob Anderson,205,N,Business
100152,Jack Harris,99,H,Business
100153,Alice Smith,30,S,First
100154,Eve Wilson,14,D,First
100155,Leo Johnson,299,Y,Economy
100156,Paul Miller,64,Y,First
100157,Leo Garcia,376,B,Economy
100158,Olivia Smith,348,E,Economy
100159,Bob Williams,105,J,Business
100160,David Jones,431,C,Economy
100161,Bob Wilson,78,H,Business
100162,Henry White,261,Q,Economy
100163,Frank Davis,20,V,First
100164,Bob Johnson,163,N,Business
100165,Eve Jackson,197,U,Business
100166,Quinn Wilson,144,S,Business
100167,Bob Miller,342,Y,Economy
100168,Olivia Brown,251,Z,Economy
100169,David Jones,375,W,Economy
100170,Frank Harris,439,B,Economy
100171,Grace Garcia,247,A,Economy
100172,Tom Rodriguez,452,E,Economy
100173,Eve Miller,120,W,Business
100174,Eve Harris,101,O,Business
100175,Noah Harris,247,X,Economy
100176,Grace Smith,116,O,Business
100177,Ryan White,317,R,Economy
100178,Leo White,177,D,Business
100179,Jack Rodriguez,348,N,Economy
100180,Grace Miller,185,V,Business
100181,Olivia Brown,97,F,Business
100182,Leo Martin,440,E,Economy
100183,Ryan Thomas,115,K,Business
100184,Quinn Miller,399,I,Economy
100185,Kate White,66,X,First
100186,David Jones,145,B,Business
100187,Bob Taylor,149,A,Business
100188,Ryan Davis,5,R,First
100189,Ivy Martinez,404,R,Economy
100190,Eve Rodriguez,41,U,First
100191,Kate Taylor,371,S,Economy
100192,Eve Martin,81,M,Business
100193,Jack Martin,104,C,Business
100194,Grace Anderson,94,L,Business
100195,Paul Taylor,328,S,Economy
100196,Bob Williams,4,Z,First
100197,Sara Martin,408,D,Economy
100198,Paul Johnson,105,L,Business
100199,Ryan Brown,414,X,Economy
100200,Frank Jones,341,I,Economy
100201,Mia Jackson,46,G,First
100202,Noah Martinez,234,L,Economy
100203,Quinn Jackson,116,E,Business
100204,Frank Thomas,67,N,First
100205,Alice Martin,224,Y,Economy
100206,Eve Davis,389,D,Economy
100207,Mia Davis,139,A,Business
100208,Jack Taylor,19,H,First
100209,Paul Davis,115,T,Business
100210,Ivy Anderson,259,C,Economy
100211,Paul Martinez,440,P,Economy
100212,Mia Brown,411,L,Economy
100213,David Johnson,30,Y,First
100214,Noah Taylor,130,T,Business
100215,Mia Anderson,108,J,Business
100216,Eve Harris,137,L,Business
100217,Leo Jones,324,Z,Economy
100218,Frank Martinez,130,W,Business
100219,Henry Anderson,360,G,Economy
100220,David Anderson,391,C,Economy
100221,Quinn Taylor,43,U,First
100222,Quinn Brown,138,J,Business
100223,Kate Johnson,257,S,Economy
100224,Carol Jones,44,R,First
100225,Frank Johnson,233,L,Economy
100226,Bob Martinez,268,S,Economy
100227,Tom Martinez,38,O,First
100228,Quinn Jones,117,U,Business
100229,Carol Garcia,218,U,Economy
100230,Henry Harris,20,N,First
100231,Leo Jackson,67,T,First
100232,Noah Jones,156,U,Business
100233,Olivia Thomas,175,E,Business
100234,Henry Taylor,132,M,Business
100235,Olivia Martinez,196,B,Business
100236,Ivy Wilson,251,S,Economy
100237,Jack Brown,92,X,Business
100238,Noah Williams,304,D,Economy
100239,Olivia Jones,365,K,Economy
100240,Leo Williams,441,R,Economy
100241,Sara Garcia,407,P,Economy
100242,Frank Jackson,299,O,Economy
100243,Bob Jackson,54,T,First
100244,Paul Taylor,168,N,Business
100245,Frank Anderson,172,M,Business
100246,Paul Harris,64,R,First
100247,Henry Harris,382,N,Economy
100248,Tom Thomas,427,C,Economy
100249,Frank White,281,N,Economy
100250,Noah Thomas,240,F,Economy
100251,Eve Johnson,8,K,First
100252,Mia Harris,213,U,Economy
100253,Leo Wilson,117,R,Business
100254,Quinn Williams,362,S,Economy
100255,David Miller,335,L,Economy
100256,Kate Williams,78,V,Business
100257,David Harris,155,M,Business
100258,Bob Thomas,162,I,Business
100259,Paul Martinez,72,X,Business
100260,Olivia Rodriguez,337,T,Economy
100261,Henry Garcia,27,F,First
100262,Ryan Miller,222,F,Economy
100263,Jack Thomas,124,H,Business
100264,Eve Anderson,228,F,Economy
100265,Sara Wilson,437,S,Economy
100266,Quinn Davis,380,Y,Economy
100267,Noah Garcia,427,Y,Economy
100268,Ivy Rodriguez,258,T,Economy
100269,Ryan Jackson,225,I,Economy
100270,Ryan Garcia,290,G,Economy
100271,Eve Brown,27,U,First
100272,Mia Martinez,190,D,Business
100273,Quinn Miller,434,H,Economy
100274,Kate Brown,24,Z,First
100275,David Brown,247,N,Economy
100276,Frank Thomas,143,D,Business
100277,Kate Miller,52,T,First
100278,Eve Martin,324,U,Economy
100279,Henry Garcia,27,J,First
100280,Eve Martin,53,Y,First
100281,Paul Miller,284,S,Economy
100282,Carol Thomas,160,H,Business
100283,Sara Martinez,366,V,Economy
100284,David Harris,113,J,Business
100285,Olivia White,429,Z,Economy
100286,Frank Jackson,31,C,First
100287,Henry Anderson,79,S,Business
100288,Ivy Jackson,416,D,Economy
100289,Jack Martinez,274,H,Economy
100290,Grace Jones,174,B,Business
100291,Henry Smith,136,R,Business
100292,Ryan Miller,147,K,Business
100293,Noah Anderson,157,G,Business
100294,Henry Wilson,422,Z,Economy
100295,Alice Smith,177,U,Business
100296,Mia Wilson,133,L,Business
100297,Tom Jones,37,C,First
100298,Leo Garcia,447,Q,Economy
100299,Henry Miller,242,F,Economy
100300,Henry Brown,74,Z,Business
100301,Alice White,349,G,Economy
100302,Bob Wilson,310,S,Economy
100303,Sara Garcia,173,M,Business
100304,Bob Garcia,268,D,Economy
100305,Eve Davis,315,X,Economy
100306,Ivy Martin,112,Z,Business
100307,Grace Harris,100,H,Business
100308,Leo Thomas,215,F,Economy
100309,Sara Anderson,265,P,Economy
100310,David Martinez,321,C,Economy
100311,Paul White,25,L,First
100312,Ivy White,416,X,Economy
100313,Quinn Brown,312,T,Economy
100314,Tom Wilson,423,D,Economy
100315,Grace Taylor,61,M,First
100316,Frank Taylor,361,I,Economy
100317,Alice Martinez,426,I,Economy
100318,Kate Anderson,290,L,Economy
100319,Eve Smith,58,C,First
100320,Eve Johnson,217,W,Economy
100321,David Rodriguez,138,A,Business
100322,Alice Smith,73,D,Business
100323,Alice Jones,306,X,Economy
100324,Ryan Harris,110,V,Business
100325,Grace Jones,135,J,Business
100326,Frank Martin,135,S,Business
100327,Quinn Davis,449,Q,Economy
100328,Noah Martin,148,W,Business
100329,Sara Williams,458,X,Economy
100330,Henry Johnson,241,Q,Economy
100331,Ryan White,166,C,Business
100332,Henry White,149,K,Business
100333,Eve Jones,162,K,Business
100334,Kate Wilson,357,K,Economy
100335,Ivy Jackson,88,V,Business
100336,Alice White,159,Z,Business
100337,Bob Harris,95,B,Business
100338,Paul Williams,210,O,Business
100339,Leo Taylor,157,A,Business
100340,Grace Jackson,415,S,Economy
100341,Tom Brown,104,F,Business
100342,Grace Martinez,333,J,Economy
100343,Ryan Jones,242,J,Economy
100344,Leo Taylor,359,S,Economy
100345,David White,189,F,Business
100346,Ryan Thomas,333,O,Economy
100347,Leo Jones,331,H,Economy
100348,Tom Martinez,150,W,Business
100349,Ryan Garcia,115,M,Business
100350,Tom Brown,316,X,Economy
100351,Kate Miller,453,V,Economy
100352,Frank Anderson,372,L,Economy
100353,Sara Rodriguez,16,O,First
100354,Tom Harris,357,X,Economy
100355,Noah Harris,97,C,Business
100356,Alice Smith,18,K,First
100357,Sara Jones,11,K,First
100358,Bob Miller,105,K,Business
100359,Jack Smith,72,C,Business
100360,Olivia Davis,459,E,Economy
100361,Paul Davis,426,A,Economy
100362,Olivia Brown,233,E,Economy
100363,Jack Anderson,288,H,Economy
100364,Leo Harris,118,X,Business
100365,Paul Jackson,285,N,Economy
100366,Eve Garcia,34,V,First
100367,Carol Thomas,266,E,Economy
100368,Mia Williams,82,X,Business
100369,Ivy Williams,14,T,First
100370,Olivia Johnson,119,W,Business
100371,Frank Jackson,132,B,Business
100372,Quinn Johnson,88,U,Business
100373,Jack Jackson,177,S,Business
100374,Alice Martinez,52,J,First
100375,Olivia Wilson,447,T,Economy
100376,Ivy Taylor,289,R,Economy
100377,Tom White,28,P,First
100378,Jack Brown,272,H,Economy
100379,Frank Miller,297,W,Economy
100380,Bob Jackson,123,T,Business
100381,Paul Smith,435,X,Economy
100382,Frank Brown,83,Y,Business
100383,Leo Johnson,158,B,Business
100384,Noah Rodriguez,243,Z,Economy
100385,Olivia Miller,196,Y,Business
100386,Eve Brown,131,I,Business
100387,Henry Johnson,116,B,Business
100388,Grace Taylor,85,Z,Business
100389,Quinn White,187,L,Business
100390,Jack Martinez,342,D,Economy
100391,Leo Williams,48,Q,First
100392,Ivy Martin,209,W,Business
100393,Quinn Anderson,440,U,Economy
100394,Quinn Rodriguez,22,E,First
100395,Alice Thomas,216,Y,Economy
100396,Eve Smith,331,P,Economy
100397,Quinn Garcia,176,Q,Business
100398,Frank Smith,364,Q,Economy
100399,Jack Johnson,437,L,Economy
100400,Alice Miller,377,G,Economy
100401,Jack Martinez,93,B,Business
100402,Ivy Rodriguez,98,T,Business
100403,Jack Anderson,18,P,First
100404,Henry Johnson,367,M,Economy
100405,Henry Harris,133,C,Business
100406,Carol Miller,237,G,Economy
100407,Quinn Anderson,197,Z,Business
100408,Tom Martin,188,J,Business
100409,Ryan Garcia,194,U,Business
100410,Eve Jones,132,V,Business
100411,Ryan Martin,233,O,Economy
100412,Tom Wilson,373,G,Economy
100413,Mia Jackson,218,Z,Economy
100414,Bob Brown,116,N,Business
100415,Kate Williams,27,M,First
100416,Noah Garcia,221,H,Economy
100417,Jack Miller,217,X,Economy
100418,Ivy Smith,118,I,Business
100419,Bob Jackson,226,U,Economy
100420,Quinn Williams,359,I,Economy
100421,Paul Taylor,186,W,Business
100422,Grace Harris,58,Z,First
100423,David Miller,191,E,Business
100424,Henry Brown,110,W,Business
100425,Noah Williams,131,T,Business
100426,Kate Brown,224,U,Economy
100427,Bob Harris,103,B,Business
100428,Olivia Davis,333,P,Economy
100429,Ivy Brown,78,I,Business
100430,Paul Taylor,307,Q,Economy
100431,Carol Miller,364,A,Economy
100432,Ivy Anderson,16,G,First
100433,Kate Rodriguez,78,L,Business
100434,Ryan Wilson,95,T,Business
100435,Quinn Martin,339,I,Economy
100436,Ivy Taylor,444,B,Economy
100437,Carol Rodriguez,392,N,Economy
100438,Olivia Smith,406,U,Economy
100439,Kate Jones,348,W,Economy
100440,Olivia Thomas,97,T,Business
100441,Leo Taylor,376,M,Economy
100442,Ivy Davis,70,E,First
100443,Frank Thomas,412,H,Economy
100444,Eve Taylor,274,A,Economy
100445,Noah Garcia,167,N,Business
100446,Ryan Thomas,97,I,Business
100447,Leo Williams,368,C,Economy
100448,Henry White,115,D,Business
100449,Henry Davis,127,R,Business
100450,Ivy Thomas,34,M,First
100451,Sara Martin,129,M,Business
100452,Paul Taylor,2,J,First
100453,Olivia Anderson,207,J,Business
100454,Quinn Johnson,47,U,First
100455,David Jackson,179,E,Business
100456,Mia Taylor,2,I,First
100457,Tom Martin,26,Z,First
100458,Ryan Johnson,228,D,Economy
100459,Kate Martin,197,N,Business
100460,Tom Anderson,8,Z,First
100461,Leo Smith,200,Q,Business
100462,Ryan Martin,100,J,Business
100463,Noah Martinez,365,Z,Economy
100464,Frank Williams,292,F,Economy
100465,Mia Miller,71,N,Business
100466,Paul Martinez,320,P,Economy
100467,Frank Taylor,342,N,Economy
100468,Noah Martinez,15,S,First
100469,Bob Williams,344,B,Economy
100470,Paul White,220,Q,Economy
100471,Ryan Williams,328,X,Economy
100472,Mia Rodriguez,60,I,First
100473,Sara Martin,109,J,Business
100474,Bob Anderson,9,I,First
100475,Leo Smith,325,A,Economy
100476,Bob Martin,70,J,First
100477,Jack Davis,90,Y,Business
100478,Eve Brown,107,K,Business
100479,Ryan Martinez,161,H,Business
100480,Kate Martinez,307,K,Economy
100481,Ryan Rodriguez,278,P,Economy
100482,Olivia White,66,J,First
100483,Noah Anderson,157,L,Business
100484,Sara Martinez,88,C,Business
100485,Mia Taylor,279,H,Economy
100486,Bob Anderson,440,X,Economy
100487,Alice Martinez,100,X,Business
100488,Frank Jackson,36,G,First
100489,Quinn Jones,135,D,Business
100490,Carol Martinez,92,O,Business
100491,Jack Garcia,79,C,Business
100492,Kate Jones,360,B,Economy
100493,Olivia Anderson,262,Y,Economy
100494,Noah Martin,128,P,Business
100495,Henry Anderson,101,S,Business
100496,Quinn Brown,68,P,First
100497,Frank White,148,F,Business
100498,Noah Davis,387,Y,Economy
100499,Ryan Jones,36,E,First
100500,Grace Martinez,328,J,Economy
100501,Ivy Martin,423,Z,Economy
100502,Alice Jackson,44,M,First
100503,Henry Smith,183,G,Business
100504,Paul Taylor,168,D,Business
100505,Quinn Jones,331,G,Economy
100506,Paul Martin,220,M,Economy
100507,Paul Rodriguez,35,K,First
100508,Jack White,396,O,Economy
100509,Noah Harris,107,F,Business
100510,Olivia Anderson,97,U,Business
100511,Olivia Smith,127,J,Business
100512,Sara Brown,82,M,Business
100513,Grace Jones,120,Y,Business
100514,Noah Jones,147,M,Business
100515,Ryan Wilson,251,I,Economy
100516,Quinn White,154,T,Business
100517,Mia Rodriguez,347,Y,Economy
100518,Eve Harris,51,H,First
100519,Ivy Wilson,88,S,Business
100520,Carol Jones,218,H,Economy
100521,Grace Jones,458,P,Economy
100522,Paul Harris,47,L,First
100523,Sara Brown,182,X,Business
100524,Carol Anderson,335,O,Economy
100525,Frank Smith,351,R,Economy
100526,Quinn Miller,290,Z,Economy
100527,Noah Harris,136,B,Business
100528,Tom Miller,82,A,Business
100529,Jack Davis,384,Y,Economy
100530,Mia Brown,54,Z,First
100531,Olivia Rodriguez,418,D,Economy
100532,Mia Harris,48,F,First
100533,Henry Wilson,324,W,Economy
100534,Carol Johnson,215,X,Economy
100535,Grace Garcia,150,E,Business
100536,Mia Rodriguez,282,X,Economy
100537,Carol Martinez,139,D,Business
100538,Noah Williams,321,P,Economy
100539,Ivy Harris,163,C,Business
100540,David Anderson,23,I,First
100541,Carol White,350,S,Economy
100542,Alice Wilson,125,R,Business
100543,Olivia Jones,164,W,Business
100544,Leo Miller,73,U,Business
100545,Noah White,361,Y,Economy
100546,Quinn Wilson,128,Z,Business
100547,David Wilson,330,Y,Economy
100548,Jack Davis,442,M,Economy
100549,Noah Jackson,160,T,Business
100550,Henry Johnson,83,V,Business
100551,Alice Smith,428,Q,Economy
100552,Ryan White,246,P,Economy
100553,Bob Garcia,15,R,First
100554,Jack White,342,C,Economy
100555,Mia Wilson,434,W,Economy
100556,Tom Martinez,183,B,Business
100557,Grace Smith,119,N,Business
100558,Alice Garcia,201,A,Business
100559,Kate Brown,446,G,Economy
100560,Frank Miller,403,M,Economy
100561,Olivia Anderson,156,S,Business
100562,Mia Taylor,122,O,Business
100563,Paul Martin,326,Z,Economy
100564,Tom Rodriguez,245,F,Economy
100565,Sara Harris,87,W,Business
100566,Sara Smith,139,B,Business
100567,Paul Jackson,163,Z,Business
100568,Grace Martin,204,B,Business
100569,Grace Harris,214,W,Economy
100570,Bob Brown,164,F,Business
100571,Ryan Martin,244,H,Economy
100572,Paul White,74,V,Business
100573,Grace Smith,257,J,Economy
100574,Kate Smith,365,S,Economy
100575,Jack Wilson,195,T,Business
100576,Eve Smith,242,K,Economy
100577,Paul Garcia,258,G,Economy
100578,Grace Anderson,28,X,First
100579,David Smith,141,T,Business
100580,Ryan White,209,K,Business
100581,Frank Miller,59,Z,First
100582,Paul Wilson,385,U,Economy
100583,Carol White,18,F,First
100584,Olivia Jones,378,C,Economy
100585,Ivy Williams,29,L,First
100586,Frank Rodriguez,82,T,Business
100587,David Rodriguez,285,Q,Economy
100588,Mia Brown,23,B,First
100589,Grace Harris,50,P,First
100590,Paul Anderson,150,Z,Business
100591,Paul Johnson,11,T,First
100592,Grace Johnson,411,N,Economy
100593,Tom Davis,453,G,Economy
100594,Bob Jackson,455,N,Economy
100595,Kate White,53,L,First
100596,Sara Smith,26,O,First
100597,Bob Jones,14,K,First
100598,Ivy Thomas,404,K,Economy
100599,Frank Martin,204,N,Business
100600,Noah Brown,233,S,Economy
100601,Noah Jones,124,J,Business
100602,Ivy Taylor,377,T,Economy
100603,Jack Taylor,182,N,Business
100604,Paul Miller,222,V,Economy
100605,Alice Harris,420,H,Economy
100606,Frank Thomas,325,F,Economy
100607,Tom Anderson,193,B,Business
100608,Carol Thomas,295,R,Economy
100609,Noah Williams,167,G,Business
100610,Henry Anderson,232,D,Economy
100611,Henry Jones,376,N,Economy
100612,Paul Taylor,53,P,First
100613,Leo Martin,287,C,Economy
100614,Olivia Anderson,195,V,Business
100615,Alice Anderson,232,T,Economy
100616,Quinn Wilson,31,B,First
100617,Jack Anderson,370,Z,Economy
100618,Eve Davis,352,S,Economy
100619,Tom Smith,165,O,Business
100620,Mia Brown,299,W,Economy
100621,Bob Davis,61,C,First
100622,Eve Wilson,101,Q,Business
100623,Kate Wilson,392,W,Economy
100624,Paul Thomas,172,V,Business
100625,Alice Smith,175,A,Business
100626,Tom Williams,398,W,Economy
100627,Olivia Williams,151,W,Business
100628,Sara Martinez,82,Z,Business
100629,Jack Jones,53,R,First
100630,Kate Williams,92,K,Business
100631,Noah Johnson,430,Z,Economy
100632,Ryan Martin,438,A,Economy
100633,Mia Miller,451,T,Economy
100634,Jack Anderson,157,Q,Business
100635,Jack Thomas,6,G,First
100636,Henry Davis,33,U,First
100637,Frank Martin,266,A,Economy
100638,Tom Harris,246,F,Economy
100639,Frank Miller,330,U,Economy
100640,Kate Miller,51,U,First
100641,Tom Wilson,272,R,Economy
100642,Sara Davis,80,J,Business
100643,Tom Martin,399,Y,Economy
100644,Paul Johnson,192,F,Business
100645,Carol Thomas,207,O,Business
100646,Noah Harris,43,N,First
100647,Mia Brown,403,L,Economy
100648,Grace Martinez,22,W,First
100649,Noah White,57,V,First
100650,Ryan Smith,17,R,First
100651,Ivy Rodriguez,117,P,Business
100652,Jack Smith,191,K,Business
100653,Mia Garcia,382,H,Economy
100654,Noah Williams,54,K,First
100655,Noah Johnson,10,V,First
100656,Alice Martin,383,F,Economy
100657,David Anderson,352,D,Economy
100658,Noah Taylor,402,G,Economy
100659,Sara White,439,A,Economy
100660,David Taylor,261,H,Economy
100661,Carol Martinez,328,Z,Economy
100662,Tom Thomas,245,X,Economy
100663,Henry Smith,169,O,Business
100664,Ryan Martinez,380,A,Economy
100665,Carol Brown,418,X,Economy
100666,Sara Thomas,214,M,Economy
100667,Kate Williams,289,J,Economy
100668,Alice Jackson,205,L,Business
100669,Olivia Smith,343,W,Economy
100670,Quinn Johnson,65,Z,First
100671,Grace Anderson,330,P,Economy
100672,Ryan Johnson,240,Q,Economy
100673,Paul White,430,A,Economy
100674,Eve Davis,127,B,Business
100675,Tom Garcia,187,K,Business
100676,Grace Garcia,167,J,Business
100677,Henry Brown,243,N,Economy
100678,Tom Davis,409,M,Economy
100679,Jack Jackson,56,Z,First
100680,Ryan Anderson,97,O,Business
100681,Quinn Johnson,375,F,Economy
100682,Olivia Jackson,25,K,First
100683,Jack Thomas,22,K,First
100684,Kate Brown,89,G,Business
100685,Tom Thomas,37,S,First
100686,Grace Brown,5,T,First
100687,Grace Brown,195,E,Business
100688,Noah Martin,115,I,Business
100689,Sara Martinez,27,Q,First
100690,Sara Jones,99,F,Business
100691,Sara Smith,66,N,First
100692,Olivia Brown,172,Z,Business
100693,David Brown,365,J,Economy
100694,Frank Martinez,350,U,Economy
100695,Mia Wilson,301,B,Economy
100696,Bob Wilson,1,H,First
100697,Olivia Brown,180,H,Business
100698,Sara Martin,234,P,Economy
100699,Kate Williams,24,O,First
100700,David Jackson,455,X,Economy
100701,Quinn Williams,188,E,Business
100702,Frank Smith,23,K,First
100703,Carol Jones,161,L,Business
100704,Mia Thomas,174,R,Business
100705,Alice Garcia,281,M,Economy
100706,Mia Garcia,441,Y,Economy
100707,Noah Thomas,383,E,Economy
100708,Jack Taylor,319,I,Economy
100709,Paul Jones,313,U,Economy
100710,Noah Johnson,9,S,First
100711,Carol Wilson,99,A,Business
100712,Bob Garcia,277,W,Economy
100713,Grace Martin,83,Q,Business
100714,Grace Jackson,320,K,Economy
100715,Kate Brown,200,C,Business
100716,Noah Garcia,27,D,First
100717,Jack Thomas,143,P,Business
100718,Alice Jones,391,X,Economy
100719,Grace Jones,33,R,First
100720,Frank Harris,432,W,Economy
100721,Leo Wilson,122,N,Business
100722,Paul Thomas,398,P,Economy
100723,Alice Johnson,243,L,Economy
100724,Sara Davis,172,S,Business
100725,Sara Martinez,303,E,Economy
100726,Kate Smith,460,V,Economy
100727,Grace Brown,264,W,Economy
100728,Carol Jones,140,E,Business
100729,Ivy Johnson,154,I,Business
100730,Noah Davis,344,Z,Economy
100731,Olivia Taylor,433,O,Economy
100732,Jack Jackson,64,U,First
100733,Olivia Wilson,448,E,Economy
100734,David Wilson,308,O,Economy
100735,Jack Jackson,291,A,Economy
100736,Ryan Rodriguez,79,G,Business
100737,Carol Taylor,328,Y,Economy
100738,Sara Brown,325,N,Economy
100739,Ryan White,52,L,First
100740,Alice Williams,153,B,Business
100741,Sara Smith,217,D,Economy
100742,Sara Thomas,408,G,Economy
100743,Ivy White,266,N,Economy
100744,Tom Davis,321,D,Economy
100745,Noah Miller,438,S,Economy
100746,Noah Harris,231,M,Economy
100747,Tom Harris,66,S,First
100748,Ryan Jones,92,C,Business
100749,Quinn Davis,82,Q,Business
100750,Kate Anderson,332,H,Economy
100751,Leo Anderson,66,Y,First
100752,Alice Taylor,277,T,Economy
100753,Quinn Jackson,15,E,First
100754,David Davis,77,L,Business
100755,Noah Thomas,147,F,Business
100756,Quinn Johnson,21,B,First
100757,Grace White,23,N,First
100758,Carol Anderson,73,H,Business
100759,Olivia Wilson,257,A,Economy
100760,Olivia Jones,25,Z,First
100761,Olivia Davis,196,X,Business
100762,Carol Brown,308,E,Economy
100763,Bob Jackson,330,I,Economy
100764,Bob Thomas,231,N,Economy
100765,Kate Jackson,334,H,Economy
100766,Leo Johnson,368,U,Economy
100767,Tom Johnson,460,I,Economy
100768,Jack Jones,46,V,First
100769,Noah Martin,78,B,Business
100770,Ryan Taylor,136,P,Business
100771,Quinn Taylor,453,C,Economy
100772,Noah Jones,95,U,Business
100773,Eve Martinez,263,K,Economy
100774,Frank Thomas,340,P,Economy
100775,Ryan Harris,189,G,Business
100776,David Garcia,42,H,First
100777,Eve Davis,299,M,Economy
100778,Mia Garcia,76,Z,Business
100779,Henry Rodriguez,186,R,Business
100780,Mia Wilson,213,K,Economy
100781,Sara Martin,213,N,Economy
100782,Paul Jones,338,G,Economy
100783,Sara Harris,128,J,Business
100784,Sara Harris,211,B,Economy
100785,Leo Rodriguez,110,B,Business
100786,Kate Jackson,117,H,Business
100787,Ivy Martinez,4,T,First
100788,Alice Martin,311,C,Economy
100789,Kate Rodriguez,21,X,First
100790,Frank Taylor,123,V,Business
100791,Tom Smith,224,Z,Economy
100792,Sara Davis,166,Q,Business
100793,Bob Wilson,50,B,First
100794,Eve Martinez,314,X,Economy
100795,Mia Harris,365,B,Economy
100796,Henry Harris,226,B,Economy
100797,Jack Miller,353,G,Economy
100798,David Harris,213,Y,Economy
100799,Olivia Davis,426,U,Economy
100800,Olivia Wilson,62,E,First
100801,Henry Brown,103,N,Business
100802,Tom Williams,74,D,Business
100803,Bob Martinez,73,Y,Business
100804,Henry Rodriguez,10,B,First
100805,Paul Brown,257,P,Economy
100806,Alice Smith,305,F,Economy
100807,Quinn Davis,85,S,Business
100808,David White,245,L,Economy
100809,Eve Wilson,198,F,Business
100810,Quinn Jackson,291,Y,Economy
100811,Kate Thomas,185,K,Business
100812,Tom Wilson,134,U,Business
100813,Tom Jones,101,M,Business
100814,Kate Williams,142,H,Business
100815,Carol Davis,270,U,Economy
100816,Mia Davis,20,Z,First
100817,Olivia Anderson,259,Z,Economy
100818,Ivy Jackson,394,L,Economy
100819,David Smith,178,L,Business
100820,Frank Thomas,400,X,Economy
100821,Leo Jones,56,W,First
100822,Mia Williams,364,K,Economy
100823,Leo Brown,142,P,Business
100824,Sara Smith,122,T,Business
100825,Carol Brown,350,C,Economy
100826,Frank Martinez,382,M,Economy
100827,David Smith,396,P,Economy
100828,Henry Jones,6,K,First
100829,Frank Anderson,431,Z,Economy
100830,Kate Jones,197,L,Business
100831,Olivia Taylor,166,B,Business
100832,David Jackson,134,T,Business
100833,Carol Thomas,162,Z,Business
100834,Mia Anderson,397,Z,Economy
100835,Quinn Harris,5,U,First
100836,Tom Martin,78,Y,Business
100837,Ivy Wilson,92,G,Business
100838,Tom White,196,G,Business
100839,David Anderson,2,P,First
100840,Kate Johnson,272,S,Economy
100841,Ryan Harris,312,C,Economy
100842,Alice Jackson,68,N,First
100843,Paul Wilson,15,L,First
100844,Paul Wilson,334,I,Economy
100845,Bob Miller,255,M,Economy
100846,Noah Martin,73,W,Business
100847,Olivia Thomas,332,W,Economy
100848,Leo Harris,80,N,Business
100849,Frank Brown,74,H,Business
100850,Quinn Smith,265,Q,Economy
100851,Ryan Harris,292,L,Economy
100852,Jack Williams,173,W,Business
100853,Paul Wilson,103,J,Business
100854,Alice Thomas,41,O,First
100855,Mia White,381,F,Economy
100856,Eve White,431,B,Economy
100857,Olivia Anderson,77,P,Business
100858,Frank Rodriguez,290,S,Economy
100859,Henry Martin,412,U,Economy
100860,Leo Garcia,135,X,Business
100861,Kate Martinez,198,N,Business
100862,Ivy Jones,369,Z,Economy
100863,Mia Jackson,130,G,Business
100864,Quinn Miller,192,Q,Business
100865,Ivy Taylor,143,C,Business
100866,Grace Smith,41,J,First
100867,Quinn Miller,179,I,Business
100868,Carol Williams,225,Z,Economy
100869,Tom Miller,190,C,Business
100870,Jack White,299,B,Economy
100871,Leo Jackson,45,G,First
100872,Jack Miller,161,I,Business
100873,Ivy White,133,O,Business
100874,Henry Davis,270,J,Economy
100875,Olivia Garcia,431,G,Economy
100876,Frank Jackson,238,N,Economy
100877,Ivy Thomas,144,C,Business
100878,Alice Martin,210,U,Business
100879,Mia Rodriguez,384,H,Economy
100880,Jack Smith,162,W,Business
100881,Quinn Wilson,333,R,Economy
100882,Quinn Jackson,403,N,Economy
100883,Mia Brown,350,X,Economy
100884,Grace Harris,400,C,Economy
100885,Mia Miller,170,Z,Business
100886,Leo Smith,27,A,First
100887,Carol Harris,433,I,Economy
100888,Bob White,390,O,Economy
100889,Grace Williams,200,U,Business
100890,Paul Rodriguez,401,X,Economy
100891,Ryan Thomas,7,U,First
100892,Alice Brown,449,E,Economy
100893,Olivia Brown,417,C,Economy
100894,Tom Martinez,20,L,First
100895,Ivy Williams,13,G,First
100896,Ryan Martin,451,I,Economy
100897,Leo Jackson,254,V,Economy
100898,Ryan Jackson,460,E,Economy
100899,Alice Taylor,457,Z,Economy
100900,Ivy Taylor,61,Y,First
100901,Jack Williams,127,M,Business
100902,Frank Anderson,290,E,Economy
100903,Jack Rodriguez,395,F,Economy
100904,Grace Brown,151,Z,Business
100905,Henry Harris,117,M,Business
100906,Ryan Williams,7,Z,First
100907,Kate Jackson,289,W,Economy
100908,David Harris,330,E,Economy
100909,Alice Jones,378,E,Economy
100910,Alice White,221,K,Economy
100911,Mia Taylor,445,G,Economy
100912,Frank Smith,54,E,First
100913,Kate Wilson,130,J,Business
100914,David Williams,12,R,First
100915,Alice Rodriguez,317,S,Economy
100916,Alice Rodriguez,178,R,Business
100917,Grace Martin,197,I,Business
100918,Henry Jones,40,D,First
100919,Leo White,263,F,Economy
100920,Quinn Johnson,5,D,First
100921,Carol Miller,141,U,Business
100922,Bob Anderson,78,P,Business
100923,Alice Jackson,375,Z,Economy
100924,Eve Thomas,389,A,Economy
100925,Noah Harris,418,Z,Economy
100926,Ivy Rodriguez,91,K,Business
100927,Henry White,357,P,Economy
100928,Sara Johnson,34,A,First
100929,Noah Johnson,36,H,First
100930,Alice Davis,366,B,Economy
100931,Paul Harris,187,Q,Business
100932,Grace Williams,270,E,Economy
100933,David Johnson,356,M,Economy
100934,Carol Miller,179,Z,Business
100935,Leo Wilson,330,J,Economy
100936,Grace Jones,112,V,Business
100937,Olivia Garcia,411,M,Economy
100938,Noah Thomas,337,L,Economy
100939,Leo Thomas,205,R,Business
100940,Paul Anderson,53,H,First
100941,Bob Johnson,24,R,First
100942,Grace Taylor,366,R,Economy
100943,Noah Jones,41,T,First
100944,Eve Thomas,420,F,Economy
100945,Noah Johnson,276,L,Economy
100946,David Johnson,146,C,Business
100947,Frank Jones,455,W,Economy
100948,Bob Garcia,388,O,Economy
100949,Mia Williams,444,X,Economy
100950,Leo Wilson,197,S,Business
100951,Kate Martinez,112,U,Business
100952,Eve Smith,274,P,Economy
100953,Ivy Wilson,32,E,First
100954,Kate Wilson,341,K,Economy
100955,Henry Davis,304,Z,Economy
100956,Olivia Johnson,47,V,First
100957,Sara Taylor,148,B,Business
100958,Leo Wilson,205,I,Business
100959,Henry Anderson,164,U,Business
100960,Leo Martinez,191,I,Business
100961,Olivia Taylor,176,C,Business
100962,Alice Rodriguez,67,Q,First
100963,Alice Martin,75,I,Business
100964,Jack Jackson,87,I,Business
100965,Sara Jackson,124,G,Business
100966,Frank Jones,254,L,Economy
100967,Carol Smith,458,V,Economy
100968,Eve Jones,41,R,First
100969,Alice Williams,34,S,First
100970,Sara Rodriguez,155,A,Business
100971,Grace Jones,183,N,Business
100972,Jack Martinez,25,V,First
100973,Ryan Wilson,402,C,Economy
100974,Noah Jones,389,K,Economy
100975,Alice Anderson,269,L,Economy
100976,Frank Harris,440,L,Economy
100977,Tom Smith,403,S,Economy
100978,Olivia White,210,F,Business
100979,Mia Davis,229,K,Economy
100980,Carol Anderson,73,V,Business
100981,Ivy Wilson,358,D,Economy
100982,Ivy Thomas,198,G,Business
100983,Eve Wilson,177,I,Business
100984,Kate Anderson,397,X,Economy
100985,Paul Martinez,205,S,Business
100986,Ryan Wilson,150,O,Business
100987,Ivy White,28,I,First
100988,Grace Rodriguez,23,U,First
100989,Paul Anderson,41,G,First
100990,Jack Harris,352,J,Economy
100991,Leo Harris,163,W,Business
100992,Frank Anderson,155,D,Business
100993,Frank Davis,251,F,Economy
100994,Henry Martin,34,T,First
100995,Ryan Jones,213,J,Economy
100996,Tom Anderson,309,P,Economy
100997,Sara Taylor,193,N,Business
100998,David Thomas,119,F,Business
100999,Kate Thomas,222,X,Economy
101001,Henry Harris,28,T,First
101002,Ryan Martinez,309,H,Economy
101003,Henry Harris,23,Y,First
101004,Mia Thomas,438,P,Economy
101005,Ryan Thomas,69,R,First
101006,Olivia Martinez,262,V,Economy
101007,Frank Martinez,114,S,Business
101008,Sara Johnson,314,M,Economy
101009,Eve Taylor,427,U,Economy
101010,Ivy Wilson,405,W,Economy
101011,Olivia Jackson,86,E,Business
101012,Jack Garcia,417,J,Economy
101013,Ivy Harris,347,P,Economy
101014,Sara Garcia,264,B,Economy
101015,Paul Thomas,177,X,Business
101016,Jack Thomas,358,Q,Economy
101017,Henry Brown,356,K,Economy
101018,Jack White,223,Q,Economy
101019,Quinn Jones,141,Y,Business
101020,Mia Anderson,67,O,First
101021,Tom Harris,152,R,Business
101022,Noah Rodriguez,375,G,Economy
101023,Eve Garcia,97,H,Business
101024,David Harris,126,N,Business
101025,Paul Martinez,142,A,Business
101026,Olivia Harris,214,S,Economy
101027,Carol Martinez,159,W,Business
101028,Tom White,7,T,First
101029,Bob Anderson,84,H,Business
101030,Grace Smith,382,R,Economy
101031,Frank Brown,425,W,Economy
101032,Tom Brown,343,N,Economy
101033,Olivia Williams,78,S,Business
101034,Ivy Taylor,121,G,Business
101035,Eve Harris,347,A,Economy
101036,David Martin,154,D,Business
101037,Ryan Wilson,351,H,Economy
101038,David Thomas,397,G,Economy
101039,David Smith,171,T,Business
101040,Olivia Miller,117,J,Business
101041,Kate Jones,364,B,Economy
101042,Ryan Johnson,356,P,Economy
101043,Noah Williams,116,T,Business
101044,Bob Brown,151,B,Business
101045,Sara Rodriguez,342,I,Economy
101046,Henry Rodriguez,111,I,Business
101047,Carol Jackson,321,E,Economy
101048,Noah Anderson,431,M,Economy
101049,Grace Anderson,6,D,First
101050,Ivy Brown,24,P,First
101051,Kate Anderson,94,N,Business
101052,Tom White,128,F,Business
101053,Ivy Garcia,366,Q,Economy
101054,Paul Anderson,318,D,Economy
101055,Carol Brown,17,H,First
101056,Grace White,27,E,First
101057,Tom Miller,389,X,Economy
101058,Jack Brown,77,V,Business
101059,Eve Taylor,292,H,Economy
101060,Henry Garcia,50,A,First
101061,Ivy Rodriguez,344,Y,Economy
101062,David Taylor,90,C,Business
101063,Tom Martinez,52,A,First
101064,Kate Thomas,69,D,First
101065,Ivy Garcia,270,B,Economy
101066,Ivy Thomas,24,T,First
101067,Alice Thomas,364,U,Economy
101068,Tom Anderson,331,A,Economy
101069,Olivia Johnson,349,S,Economy
101070,Ryan Johnson,201,U,Business
101071,Frank Jones,117,Y,Business
101072,David Rodriguez,391,F,Economy
101073,Ryan Thomas,305,M,Economy
101074,Leo Davis,301,J,Economy
101075,Noah Harris,170,H,Business
101076,Quinn Jones,292,B,Economy
101077,Carol White,16,P,First
101078,Alice Anderson,165,J,Business
101079,Quinn Thomas,59,W,First
101080,David Smith,150,V,Business
101081,Bob Brown,45,W,First
101082,Noah Jones,146,O,Business
101083,Quinn Davis,145,E,Business
101084,Tom Martinez,442,G,Economy
101085,Olivia Harris,380,Q,Economy
101086,David Brown,417,O,Economy
101087,Kate Taylor,404,U,Economy
101088,Noah Smith,172,E,Business
101089,Frank Jackson,105,Y,Business
101090,Quinn Smith,74,J,Business
101091,Olivia Jackson,93,L,Business
101092,Leo Wilson,38,S,First
101093,Frank Miller,56,A,First
101094,Paul Martinez,410,A,Economy
101095,Henry Johnson,158,P,Business
101096,Frank Brown,200,H,Business
101097,Mia Miller,220,R,Economy
101098,Alice Smith,387,P,Economy
101099,Ivy Brown,223,B,Economy
101100,Jack Wilson,112,Y,Business
101101,Bob Taylor,42,O,First
101102,Ivy Thomas,338,I,Economy
101103,Noah Johnson,280,W,Economy
101104,Eve Miller,305,A,Economy
101105,Bob Rodriguez,340,N,Economy
101106,Jack Garcia,160,B,Business
101107,Sara Brown,404,O,Economy
101108,Olivia Jackson,68,X,First
101109,Paul Anderson,223,F,Economy
101110,Leo Williams,171,D,Business
101111,Grace Williams,290,U,Economy
101112,Grace Martinez,176,P,Business
101113,Frank Rodriguez,241,K,Economy
101114,Jack Williams,196,D,Business
101115,Henry Brown,228,W,Economy
101116,Eve Rodriguez,252,J,Economy
101117,Mia White,102,Q,Business
101118,Carol Brown,430,P,Economy
101119,David Martin,211,T,Economy
101120,Mia Davis,427,G,Economy
101121,Carol Anderson,244,U,Economy
101122,Bob Brown,63,L,First
101123,Noah Johnson,13,B,First
101124,Frank Johnson,443,T,Economy
101125,Alice Smith,59,T,First
101126,Sara Jones,221,V,Economy
101127,David Davis,120,L,Business
101128,Henry Rodriguez,39,I,First
101129,Eve Garcia,144,T,Business
101130,Mia White,404,G,Economy
101131,Ryan Smith,271,X,Economy
101132,Sara Jones,253,U,Economy
101133,Tom Miller,145,X,Business
101134,Kate Thomas,35,Z,First
101135,Henry Jones,283,S,Economy
101136,Jack Anderson,279,K,Economy
101137,Paul Johnson,50,D,First
101138,Grace Williams,285,T,Economy
101139,Bob Martinez,339,A,Economy
101140,Jack Jones,33,D,First
101141,Kate Johnson,447,F,Economy
101142,Jack Harris,187,Z,Business
101143,Frank Jackson,142,Q,Business
101144,Leo Martinez,277,O,Economy
101145,Leo Smith,371,M,Economy
101146,Alice Thomas,224,P,Economy
101147,Alice Johnson,247,G,Economy
101148,Henry Martinez,226,V,Economy
101149,Frank Miller,374,E,Economy
101150,Kate Garcia,223,D,Economy
101151,Noah Smith,7,J,First
101152,Jack Garcia,36,I,First
101153,Quinn Harris,158,T,Business
101154,Bob Jones,43,P,First
101155,Olivia Davis,198,O,Business
101156,David Rodriguez,343,C,Economy
101157,Henry Miller,124,Q,Business
101158,Olivia White,145,T,Business
101159,Ryan Harris,154,W,Business
101160,Paul Williams,152,D,Business
101161,Carol Harris,276,N,Economy
101162,Ivy Smith,214,E,Economy
101163,Olivia Miller,433,M,Economy
101164,Sara Williams,287,V,Economy
101165,David White,248,U,Economy
101166,Paul White,201,S,Business
101167,Ivy Martinez,410,G,Economy
101168,Eve Davis,280,K,Economy
101169,Ivy Taylor,45,C,First
101170,David Thomas,407,Z,Economy
101171,Noah Williams,283,H,Economy
101172,Sara Smith,254,D,Economy
101173,Sara Thomas,435,J,Economy
101174,Bob Thomas,348,H,Economy
101175,Jack Jones,97,S,Business
101176,Kate Jackson,5,O,First
101177,Henry Rodriguez,360,D,Economy
101178,Jack Martinez,126,Z,Business
101179,Olivia Garcia,108,Z,Business
101180,Alice Jackson,139,N,Business
101181,Alice Martin,422,F,Economy
101182,Kate Taylor,161,U,Business
101183,Mia Rodriguez,165,B,Business
101184,Ivy Jones,2,Q,First
101185,Henry Anderson,172,I,Business
101186,Kate Wilson,139,U,Business
101187,Carol Thomas,66,Q,First
101188,Paul Davis,132,F,Business
101189,Paul Wilson,272,T,Economy
101190,Ivy Davis,334,G,Economy
101191,Henry Thomas,51,O,First
101192,Ivy Rodriguez,140,A,Business
101193,David Jackson,328,K,Economy
101194,Alice Brown,248,G,Economy
101195,Sara Wilson,408,C,Economy
101196,Tom Williams,11,H,First
101197,Ivy Martinez,415,O,Economy
101198,Bob Thomas,55,G,First
101199,Ryan Miller,385,Z,Economy
101200,Ivy Smith,126,H,Business
101201,Alice Miller,53,W,First
101202,Tom Smith,237,Y,Economy
101203,Olivia Davis,203,F,Business
101204,Alice Taylor,254,Z,Economy
101205,Mia Davis,268,W,Economy
101206,Grace Brown,47,X,First
101207,Grace Brown,205,Z,Business
101208,David Smith,253,M,Economy
101209,David Rodriguez,426,F,Economy
101210,Mia Thomas,124,C,Business
101211,Olivia Martin,197,W,Business
101212,Henry White,164,M,Business
101213,Jack Miller,434,Q,Economy
101214,Ivy Jones,202,T,Business
101215,Ivy Jones,184,V,Business
101216,Eve Harris,63,Z,First
101217,Frank Taylor,53,E,First
101218,David Rodriguez,189,W,Business
101219,Noah Jackson,126,X,Business
101220,Sara White,32,H,First
101221,Henry Johnson,221,I,Economy
101222,Ivy Jackson,183,Q,Business
101223,Noah Garcia,205,C,Business
101224,Sara Miller,3,N,First
101225,Alice Wilson,106,E,Business
101226,Grace Martin,238,M,Economy
101227,Henry Miller,363,A,Economy
101228,Henry Williams,136,D,Business
101229,Mia Taylor,53,J,First
101230,Jack Thomas,289,B,Economy
101231,Sara White,91,U,Business
101232,Bob Harris,307,B,Economy
101233,David Miller,426,G,Economy
101234,Paul Williams,153,J,Business
101235,Eve Taylor,420,C,Economy
101236,Mia Taylor,361,T,Economy
101237,David Thomas,260,M,Economy
101238,Quinn Williams,112,R,Business
101239,Noah Taylor,47,R,First
101240,Leo Harris,83,T,Business
101241,Mia Jones,200,F,Business
101242,Grace Smith,164,C,Business
101243,Leo Harris,218,N,Economy
101244,Frank Anderson,128,U,Business
101245,Ryan Wilson,316,B,Economy
101246,Carol Smith,168,C,Business
101247,Kate Jackson,332,T,Economy
101248,Eve Jackson,313,T,Economy
101249,Noah Brown,263,V,Economy
101250,Bob Williams,450,J,Economy
101251,Leo White,59,V,First
101252,Noah Martin,301,R,Economy
101253,Carol Brown,75,O,Business
101254,Jack Garcia,122,M,Business
101255,Olivia Martinez,108,K,Business
101256,Paul Brown,388,S,Economy
101257,Jack Davis,255,J,Economy
101258,Quinn Davis,89,Q,Business
101259,Noah Miller,33,I,First
101260,Eve Johnson,89,B,Business
101261,Eve Anderson,19,Y,First
101262,Bob Miller,153,Z,Business
101263,Leo White,173,S,Business
101264,Olivia Anderson,254,X,Economy
101265,Leo Jackson,301,A,Economy
101266,Henry Rodriguez,148,M,Business
101267,Tom Williams,371,T,Economy
101268,Olivia Martinez,375,C,Economy
101269,Alice Taylor,188,D,Business
101270,Henry Jackson,444,R,Economy
101271,Olivia Martin,161,R,Business
101272,Henry Anderson,188,L,Business
101273,Olivia Davis,309,B,Economy
101274,Tom Davis,42,X,First
101275,Eve Jackson,148,K,Business
101276,David Jackson,391,H,Economy
101277,Grace Brown,159,M,Business
101278,Olivia Thomas,101,V,Business
101279,Alice Smith,253,T,Economy
101280,Henry Jones,396,L,Economy
101281,Grace Thomas,184,J,Business
101282,Jack Miller,49,C,First
101283,Alice Davis,75,C,Business
101284,David Davis,383,T,Economy
101285,Kate Davis,164,R,Business
101286,Noah Williams,187,V,Business
101287,Carol Williams,413,C,Economy
101288,Frank Davis,442,T,Economy
101289,Leo Wilson,1,A,First
101290,Alice Brown,158,H,Business
101291,Henry Anderson,321,X,Economy
101292,Olivia Johnson,265,E,Economy
101293,Noah Miller,453,J,Economy
101294,Ivy Martinez,220,B,Economy
101295,Kate Jackson,122,A,Business
101296,Quinn Anderson,258,W,Economy
101297,Noah Davis,136,S,Business
101298,Paul Jackson,297,X,Economy
101299,Paul Martinez,346,E,Economy
101300,Eve Jones,141,R,Business
101301,Leo Taylor,338,T,Economy
101302,Ryan Johnson,346,H,Economy
101303,Bob Jones,120,K,Business
101304,Alice Miller,366,O,Economy
101305,Bob Smith,21,R,First
101306,Ryan Jones,147,T,Business
101307,Leo Johnson,49,R,First
101308,Ivy Taylor,87,L,Business
101309,David Smith,420,Y,Economy
101310,Jack White,302,I,Economy
101311,Noah Jones,259,H,Economy
101312,Alice Jackson,434,K,Economy
101313,Ivy Brown,366,I,Economy
101314,Kate Wilson,413,N,Economy
101315,Bob Harris,279,X,Economy
101316,Ivy White,138,M,Business
101317,Leo Taylor,178,U,Business
101318,Noah Garcia,99,K,Business
101319,Frank Anderson,244,N,Economy
101320,Quinn Johnson,159,O,Business
101321,David Harris,31,T,First
101322,Alice Williams,252,D,Economy
101323,Jack Jackson,280,E,Economy
101324,Ivy Brown,83,X,Business
101325,Grace Anderson,155,S,Business
101326,Alice Rodriguez,168,V,Business
101327,Alice Martinez,6,I,First
101328,Eve Taylor,130,V,Business
101329,David Martinez,191,U,Business
101330,Kate Wilson,177,T,Business
101331,Alice Davis,284,R,Economy
101332,Kate Harris,313,G,Economy
101333,Carol Taylor,365,F,Economy
101334,Frank Garcia,90,M,Business
101335,Carol Martin,147,S,Business
101336,Sara Martinez,48,C,First
101337,Frank Garcia,18,N,First
101338,Leo Wilson,267,C,Economy
101339,Eve Jackson,359,O,Economy
101340,Sara Brown,202,I,Business
101341,David White,282,F,Economy
101342,Henry Thomas,17,W,First
101343,Ivy Jones,62,B,First
101344,Tom Harris,98,U,Business
101345,Paul Wilson,120,I,Business
101346,Ryan Martin,159,N,Business
101347,Ivy Williams,206,Y,Business
101348,Ivy Garcia,43,B,First
101349,Carol Anderson,132,S,Business
101350,Leo Martin,180,G,Business
101351,Frank Garcia,99,W,Business
101352,Alice Rodriguez,26,B,First
101353,Henry Anderson,363,E,Economy
101354,Olivia Davis,141,M,Business
101355,Alice Martinez,276,M,Economy
101356,Ryan Martin,355,D,Economy
101357,Leo Jones,174,J,Business
101358,Mia Taylor,412,V,Economy
101359,Quinn Jones,165,X,Business
101360,Jack Anderson,383,Y,Economy
101361,Olivia Harris,176,D,Business
101362,Quinn Wilson,309,U,Economy
101363,Alice Johnson,385,T,Economy
101364,Henry Harris,113,B,Business
101365,Eve White,362,L,Economy
101366,Alice Garcia,7,V,First
101367,Tom Wilson,13,P,First
101368,Ivy Taylor,439,I,Economy
101369,David Rodriguez,271,B,Economy
101370,Mia Smith,313,M,Economy
101371,Ivy Martinez,428,T,Economy
101372,Eve Miller,172,T,Business
101373,Alice Jones,161,O,Business
101374,Ivy Taylor,351,S,Economy
101375,Tom Miller,182,Z,Business
101376,Ryan Brown,368,W,Economy
101377,Frank Johnson,298,Z,Economy
101378,Noah Jackson,56,M,First
101379,Henry Taylor,301,W,Economy
101380,Kate Harris,426,M,Economy
101381,Eve Martinez,315,N,Economy
101382,Grace Anderson,249,K,Economy
101383,Jack Martin,376,K,Economy
101384,Jack Martin,65,T,First
101385,Eve Thomas,7,H,First
101386,Alice Rodriguez,158,G,Business
101387,Ryan Martinez,132,Q,Business
101388,Olivia Miller,5,Y,First
101389,Alice Garcia,58,I,First
101390,Paul Thomas,459,S,Economy
101391,Henry Rodriguez,363,Y,Economy
101392,Grace Rodriguez,183,V,Business
101393,Olivia Brown,356,A,Economy
101394,Ivy Thomas,126,C,Business
101395,Grace White,71,I,Business
101396,Bob Brown,217,P,Economy
101397,Henry Rodriguez,122,H,Business
101398,Mia Harris,381,X,Economy
101399,Paul Brown,345,Z,Economy
101400,David Davis,143,J,Business
101401,Mia Williams,194,L,Business
101402,David Garcia,329,Z,Economy
101403,Bob Smith,159,K,Business
101404,Sara Brown,50,E,First
101405,Kate Johnson,406,H,Economy
101406,Eve Jackson,141,P,Business
101407,Paul Martin,172,N,Business
101408,Paul Miller,319,B,Economy
101409,Bob Williams,386,R,Economy
101410,Mia Jackson,249,A,Economy
101411,Tom Brown,66,A,First
101412,Kate Harris,444,E,Economy
101413,Noah Martinez,100,Z,Business
101414,David Johnson,61,J,First
101415,Ivy Martin,77,H,Business
101416,Sara Rodriguez,12,D,First
101417,Henry Jones,128,T,Business
101418,Olivia Thomas,41,L,First
101419,Eve Garcia,352,I,Economy
101420,Tom Williams,375,R,Economy
101421,Alice Williams,422,A,Economy
101422,Leo Jones,380,Z,Economy
101423,Quinn Harris,288,P,Economy
101424,Olivia Brown,90,T,Business
101425,Bob Thomas,292,U,Economy
101426,Eve Jones,195,C,Business
101427,Olivia Martinez,166,K,Business
101428,Noah Smith,430,X,Economy
101429,Alice Davis,54,P,First
101430,Ryan Smith,70,A,First
101431,Noah Thomas,124,N,Business
101432,Ivy Wilson,107,J,Business
101433,Henry Miller,382,X,Economy
101434,Ryan Martin,312,P,Economy
101435,Kate Johnson,15,V,First
101436,David Rodriguez,159,U,Business
101437,Grace Harris,215,L,Economy
101438,Eve Brown,395,S,Economy
101439,Mia Harris,310,G,Economy
101440,Jack Martinez,185,W,Business
101441,Olivia Brown,265,J,Economy
101442,Mia Martinez,21,U,First
101443,Alice Miller,351,Y,Economy
101444,Tom Williams,107,N,Business
101445,David Jones,246,L,Economy
101446,Quinn Williams,346,V,Economy
101447,Noah Rodriguez,357,M,Economy
101448,Quinn Johnson,410,O,Economy
101449,Leo Taylor,244,M,Economy
101450,Bob Davis,207,A,Business
101451,Paul Rodriguez,279,L,Economy
101452,Paul Miller,116,J,Business
101453,Paul Brown,72,W,Business
101454,Kate Jones,35,V,First
101455,Leo Martin,90,X,Business
101456,Quinn Jackson,152,E,Business
101457,Paul Jackson,460,N,Economy
101458,Henry Taylor,115,P,Business
101459,Ivy Wilson,284,Q,Economy
101460,Noah Wilson,11,A,First
101461,Sara Thomas,94,E,Business
101462,Paul Johnson,296,Z,Economy
101463,Mia Garcia,241,H,Economy
101464,Frank Garcia,160,E,Business
101465,David Harris,232,W,Economy
101466,Tom Harris,297,B,Economy
101467,Henry Brown,363,P,Economy
101468,Ryan Davis,88,H,Business
101469,Grace Davis,104,V,Business
101470,Paul Davis,390,G,Economy
101471,David Garcia,105,R,Business
101472,Ryan Harris,333,N,Economy
101473,Quinn Taylor,168,Y,Business
101474,Olivia Brown,12,H,First
101475,Paul Martin,110,Y,Business
101476,Noah Williams,281,L,Economy
101477,Leo Miller,20,F,First
101478,Mia Johnson,194,V,Business
101479,Noah Miller,32,V,First
101480,Bob Anderson,287,R,Economy
101481,Alice Thomas,405,P,Economy
101482,Olivia Jackson,383,V,Economy
101483,Grace Harris,168,A,Business
101484,Leo Martin,153,T,Business
101485,Leo Miller,32,Z,First
101486,Grace Martin,208,J,Business
101487,Ivy Jackson,38,H,First
101488,Eve White,180,C,Business
101489,Ivy Jones,154,H,Business
101490,Henry Jones,152,P,Business
101491,Carol Wilson,3,V,First
101492,Carol Martinez,100,N,Business
101493,Alice Jackson,215,T,Economy
101494,Henry Brown,409,F,Economy
101495,Leo Harris,97,E,Business
101496,Ryan Garcia,241,V,Economy
101497,David Anderson,71,B,Business
101498,Mia White,453,B,Economy
101499,Bob Jones,55,Z,First
101500,Jack Jones,323,J,Economy
101501,Frank Johnson,80,P,Business
101502,Eve Taylor,275,L,Economy
101503,Jack White,146,P,Business
101504,Grace Jackson,431,H,Economy
101505,Olivia Davis,45,B,First
101506,Grace Davis,97,Y,Business
101507,David Thomas,67,R,First
101508,Henry Williams,153,P,Business
101509,Leo Williams,374,N,Economy
101510,Quinn Davis,251,T,Economy
101511,Ivy Jackson,123,I,Business
101512,Alice Harris,198,R,Business
101513,Paul Taylor,294,J,Economy
101514,Sara Williams,185,H,Business
101515,Olivia White,161,W,Business
101516,Eve Smith,263,Z,Economy
101517,David Harris,424,F,Economy
101518,Paul Johnson,226,D,Economy
101519,Sara Martinez,137,O,Business
101520,Paul Miller,131,U,Business
101521,Alice Smith,331,Q,Economy
101522,Alice Rodriguez,344,J,Economy
101523,Olivia Martinez,46,H,First
101524,Sara Rodriguez,380,O,Economy
101525,Ivy Rodriguez,105,C,Business
101526,Paul Martinez,445,Z,Economy
101527,Quinn Garcia,335,S,Economy
101528,Kate Miller,438,B,Economy
101529,Leo Taylor,128,S,Business
101530,Olivia Thomas,102,D,Business
101531,Eve Jackson,55,D,First
101532,Carol Davis,374,Y,Economy
101533,Tom Davis,19,B,First
101534,Carol Johnson,220,S,Economy
101535,Grace Wilson,183,Y,Business
101536,Grace White,31,Y,First
101537,Carol Davis,383,H,Economy
101538,Mia Miller,353,V,Economy
101539,Bob Garcia,90,K,Business
101540,Ivy Jackson,140,J,Business
101541,Carol Rodriguez,42,L,First
101542,Kate Garcia,189,T,Business
101543,Quinn Thomas,17,V,First
101544,Alice Thomas,316,D,Economy
101545,Kate Anderson,318,U,Economy
101546,Noah Rodriguez,265,T,Economy
101547,Alice Jackson,454,U,Economy
101548,Kate Williams,303,M,Economy
101549,Carol Martinez,338,X,Economy
101550,Noah White,260,O,Economy
101551,Alice Harris,264,F,Economy
101552,Ryan Wilson,448,J,Economy
101553,Henry Thomas,303,Q,Economy
101554,Frank Taylor,412,B,Economy
101555,Bob Rodriguez,49,F,First
101556,Paul Thomas,393,R,Economy
101557,Paul Wilson,86,X,Business
101558,Eve Anderson,16,F,First
101559,Noah Martin,112,C,Business
101560,Mia Martinez,126,A,Business
101561,Quinn Anderson,193,Z,Business
101562,Carol Johnson,16,B,First
101563,Tom Wilson,437,A,Economy
101564,Leo Harris,307,M,Economy
101565,Leo Taylor,97,N,Business
101566,Tom Harris,194,E,Business
101567,Mia Thomas,113,A,Business
101568,Tom Thomas,176,H,Business
101569,Eve Anderson,116,D,Business
101570,Paul Anderson,236,Y,Economy
101571,Tom Taylor,50,J,First
101572,Ivy Harris,92,U,Business
101573,Alice Jackson,203,G,Business
101574,Leo Martin,231,E,Economy
101575,Frank Thomas,194,J,Business
101576,Henry Taylor,318,R,Economy
101577,Paul Martin,60,D,First
101578,Mia Miller,241,G,Economy
101579,Olivia Wilson,28,Y,First
101580,Sara Garcia,54,A,First
101581,Henry Smith,397,A,Economy
101582,Noah Brown,178,E,Business
101583,Sara Wilson,223,Z,Economy
101584,Mia Jackson,323,L,Economy
101585,Mia Johnson,117,G,Business
101586,David Williams,93,A,Business
101587,Carol Jackson,404,Q,Economy
101588,Mia Williams,89,Y,Business
101589,Jack Brown,133,X,Business
101590,Tom Jones,45,E,First
101591,Tom Harris,361,M,Economy
101592,Henry Wilson,17,P,First
101593,Ryan Anderson,100,L,Business
101594,Quinn Johnson,438,M,Economy
101595,Frank Rodriguez,314,P,Economy
101596,Sara Rodriguez,439,K,Economy
101597,Eve Jackson,442,J,Economy
101598,Grace White,65,Y,First
101599,Grace Brown,234,T,Economy
101600,Carol Jackson,271,S,Economy
101601,Grace White,346,O,Economy
101602,Frank Rodriguez,39,C,First
101603,Ryan Anderson,47,J,First
101604,Sara Thomas,268,Q,Economy
101605,Paul Taylor,31,P,First
101606,Bob Brown,233,P,Economy
101607,Ivy Brown,218,K,Economy
101608,Alice Davis,35,B,First
101609,Ivy Taylor,125,J,Business
101610,David Harris,64,N,First
101611,Grace Garcia,422,W,Economy
101612,Sara Davis,49,G,First
101613,Sara Martin,157,D,Business
101614,Leo Garcia,444,A,Economy
101615,Grace White,263,A,Economy
101616,David Miller,74,K,Business
101617,Tom Anderson,304,T,Economy
101618,Paul Martinez,210,V,Business
101619,Ryan Smith,347,J,Economy
101620,Tom Wilson,168,L,Business
101621,Tom Wilson,17,Y,First
101622,Sara Davis,86,J,Business
101623,Jack Anderson,280,B,Economy
101624,Henry Taylor,17,E,First
101625,Quinn Anderson,44,P,First
101626,Noah Anderson,47,K,First
101627,Ivy Jones,174,V,Business
101628,Ivy Martin,64,Q,First
101629,Olivia Martin,206,E,Business
101630,Paul White,315,C,Economy
101631,David Martinez,439,L,Economy
101632,Paul Johnson,260,E,Economy
101633,Ryan Garcia,389,H,Economy
101634,Leo White,50,N,First
101635,Leo Davis,135,K,Business
101636,David Wilson,379,D,Economy
101637,Bob Anderson,46,C,First
101638,Olivia Davis,251,W,Economy
101639,Paul Taylor,354,Q,Economy
101640,Carol Davis,6,Y,First
101641,Henry Wilson,288,A,Economy
101642,Henry Anderson,166,D,Business
101643,David Garcia,33,K,First
101644,Leo Brown,47,M,First
101645,Ryan Jackson,369,I,Economy
101646,Kate Harris,459,I,Economy
101647,Olivia Taylor,376,T,Economy
101648,Sara Garcia,129,O,Business
101649,Leo Taylor,43,R,First
101650,Eve Martin,71,V,Business
101651,Henry Williams,319,N,Economy
101652,Tom Rodriguez,288,M,Economy
101653,Ryan Wilson,334,Y,Economy
101654,Eve Harris,49,K,First
101655,Ivy Thomas,356,V,Economy
101656,Eve Martin,256,U,Economy
101657,Sara Taylor,226,M,Economy
101658,Ryan Thomas,38,V,First
101659,Olivia Williams,51,F,First
101660,David Jones,454,K,Economy
101661,Grace Thomas,232,P,Economy
101662,Quinn Taylor,76,K,Business
101663,Grace Williams,48,A,First
101664,Mia Taylor,13,N,First
101665,Quinn Davis,236,A,Economy
101666,Sara Jackson,10,M,First
101667,Quinn Jackson,227,S,Economy
101668,Quinn Wilson,66,Z,First
101669,Bob Anderson,82,D,Business
101670,Grace Martin,181,N,Business
101671,Alice Miller,271,W,Economy
101672,Jack Taylor,93,D,Business
101673,Ivy Harris,103,D,Business
101674,Paul Thomas,95,J,Business
101675,Kate Harris,44,B,First
101676,Olivia Rodriguez,115,L,Business
101677,Alice Smith,118,C,Business
101678,Quinn Anderson,410,W,Economy
101679,Eve Harris,32,C,First
101680,Ryan Martinez,381,B,Economy
101681,Ivy Rodriguez,208,B,Business
101682,Henry Harris,16,H,First
101683,Jack Martinez,346,S,Economy
101684,David Taylor,352,E,Economy
101685,Leo Brown,288,J,Economy
101686,Noah Jackson,226,L,Economy
101687,Ivy Taylor,128,R,Business
101688,Eve Martin,69,Z,First
101689,Bob White,201,Q,Business
101690,Leo Williams,355,F,Economy
101691,Henry White,243,A,Economy
101692,Sara Rodriguez,89,E,Business
101693,Noah Harris,415,N,Economy
101694,David White,51,D,First
101695,Paul Jones,449,O,Economy
101696,Grace Brown,386,O,Economy
101697,Noah Brown,70,U,First
101698,Kate Martin,121,P,Business
101699,Sara Taylor,275,G,Economy
101700,Paul Taylor,379,F,Economy
101701,Jack Davis,188,R,Business
101702,Tom Williams,376,F,Economy
101703,Eve Thomas,12,Q,First
101704,Noah White,224,J,Economy
101705,David Harris,215,G,Economy
101706,Bob Harris,296,F,Economy
101707,Mia Harris,216,A,Economy
101708,Jack Martin,377,O,Economy
101709,Frank Williams,207,C,Business
101710,Paul Jackson,421,K,Economy
101711,Ivy Rodriguez,215,C,Economy
101712,Leo Jackson,195,M,Business
101713,Paul Martinez,422,L,Economy
101714,Ivy White,279,W,Economy
101715,Sara Brown,264,D,Economy
101716,Mia Johnson,208,I,Business
101717,Alice Johnson,427,I,Economy
101718,Frank Brown,166,I,Business
101719,David Johnson,144,I,Business
101720,Alice Rodriguez,352,C,Economy
101721,Mia Davis,110,A,Business
101722,Grace Rodriguez,67,B,First
101723,Bob Martinez,404,M,Economy
101724,Leo Jones,178,M,Business
101725,Leo Smith,160,M,Business
101726,Mia Garcia,208,G,Business
101727,Olivia Garcia,45,H,First
101728,Kate Harris,239,N,Economy
101729,Quinn Miller,446,C,Economy
101730,Eve White,416,R,Economy
101731,Alice Johnson,26,I,First
101732,Sara White,110,T,Business
101733,Quinn Smith,30,B,First
101734,Frank Davis,159,J,Business
101735,Sara Rodriguez,111,D,Business
101736,Noah Martinez,262,S,Economy
101737,Noah Rodriguez,175,X,Business
101738,Bob Taylor,18,A,First
101739,Sara Williams,455,D,Economy
101740,Sara Smith,69,P,First
101741,Carol Davis,90,L,Business
101742,Sara Garcia,163,D,Business
101743,Grace Johnson,314,C,Economy
101744,Carol Jackson,176,S,Business
101745,Quinn Martin,51,R,First
101746,Alice Brown,424,X,Economy
101747,Mia Martinez,244,T,Economy
101748,Eve White,395,I,Economy
101749,Sara Williams,237,Q,Economy
101750,Alice Thomas,15,D,First
101751,Eve Thomas,275,Y,Economy
101752,Mia Jackson,451,B,Economy
101753,Sara White,96,K,Business
101754,Noah Johnson,250,Q,Economy
101755,Kate Wilson,296,V,Economy
101756,Eve Martinez,334,B,Economy
101757,Alice Smith,199,R,Business
101758,Tom Martin,337,R,Economy
101759,Frank Davis,122,L,Business
101760,Kate White,112,I,Business
101761,Alice Jackson,249,C,Economy
101762,Frank Williams,225,R,Economy
101763,David Garcia,441,U,Economy
101764,Eve Johnson,215,H,Economy
101765,Olivia Thomas,207,B,Business
101766,Kate Harris,25,E,First
101767,Olivia Rodriguez,81,J,Business
101768,Frank Thomas,391,S,Economy
101769,Bob Williams,111,O,Business
101770,Jack Taylor,240,T,Economy
101771,Jack Garcia,293,F,Economy
101772,David Martin,125,W,Business
101773,Ryan Jones,198,P,Business
101774,Eve Thomas,87,A,Business
101775,Mia Johnson,193,A,Business
101776,Jack Taylor,96,Y,Business
101777,Eve Thomas,439,Y,Economy
101778,Grace Rodriguez,372,H,Economy
101779,Grace Davis,387,Q,Economy
101780,Henry Martinez,346,R,Economy
101781,Tom Thomas,39,X,First
101782,Carol Thomas,41,X,First
101783,Alice Thomas,306,N,Economy
101784,Sara Williams,60,X,First
101785,Mia Wilson,36,X,First
101786,Quinn Martinez,430,R,Economy
101787,Alice Harris,145,W,Business
101788,Henry Williams,18,I,First
101789,Eve Wilson,285,W,Economy
101790,David Taylor,227,O,Economy
101791,Eve Jones,278,G,Economy
101792,Noah Garcia,151,K,Business
101793,Henry Wilson,446,V,Economy
101794,Kate Davis,382,U,Economy
101795,Paul Jackson,178,H,Business
101796,Alice Williams,447,R,Economy
101797,Quinn Williams,236,C,Economy
101798,Ivy Jackson,167,P,Business
101799,Olivia Taylor,98,W,Business
101800,Ryan Davis,448,Y,Economy
101801,Alice Wilson,72,M,Business
101802,Carol Thomas,38,P,First
101803,Tom Jackson,3,E,First
101804,Kate Smith,166,V,Business
101805,Jack Brown,79,E,Business
101806,Alice Thomas,403,Z,Economy
101807,Ivy Smith,155,B,Business
101808,Jack Williams,457,B,Economy
101809,Paul Smith,100,U,Business
101810,Kate Jackson,25,R,First
101811,Jack Smith,316,H,Economy
101812,Ryan Rodriguez,115,F,Business
101813,Sara Thomas,197,H,Business
101814,Jack Thomas,60,H,First
101815,Sara Jones,330,R,Economy
101816,Grace Harris,227,W,Economy
101817,Henry Johnson,243,J,Economy
101818,Carol Taylor,246,I,Economy
101819,Ivy Martin,169,K,Business
101820,Tom Jones,446,E,Economy
101821,Alice Johnson,36,W,First
101822,Paul Thomas,53,K,First
101823,Paul Brown,337,X,Economy
101824,Ryan Smith,444,I,Economy
101825,Leo Davis,37,F,First
101826,David Anderson,137,I,Business
101827,Henry Brown,29,W,First
101828,Sara Anderson,337,G,Economy
101829,Olivia Harris,150,Q,Business
101830,Noah Jones,217,I,Economy
101831,Ryan Taylor,258,R,Economy
101832,Tom Harris,223,K,Economy
101833,Henry Johnson,398,R,Economy
101834,Tom Brown,448,A,Economy
101835,Tom Miller,321,M,Economy
101836,Noah Martinez,26,D,First
101837,Carol Johnson,225,Q,Economy
101838,Quinn Williams,313,P,Economy
101839,Quinn Johnson,147,W,Business
101840,Quinn Anderson,238,H,Economy
101841,Leo Wilson,242,C,Economy
101842,Ivy Martin,84,N,Business
101843,Ivy Anderson,278,Q,Economy
101844,Alice Martin,381,U,Economy
101845,Tom Anderson,125,K,Business
101846,Quinn Rodriguez,397,K,Economy
101847,Kate Wilson,102,T,Business
101848,Eve Rodriguez,265,H,Economy
101849,Ryan Miller,229,J,Economy
101850,Noah Smith,43,L,First
101851,Sara Miller,361,O,Economy
101852,Olivia White,180,T,Business
101853,Mia Anderson,348,A,Economy
101854,Carol Taylor,419,R,Economy
101855,Paul Miller,165,R,Business
101856,Ivy Williams,134,D,Business
101857,Tom Taylor,207,T,Business
101858,Alice Williams,31,H,First
101859,Frank Brown,261,W,Economy
101860,Bob Miller,452,R,Economy
101861,David Taylor,81,W,Business
101862,Bob Johnson,187,B,Business
101863,Leo Smith,377,Z,Economy
101864,Henry Anderson,291,B,Economy
101865,Noah Rodriguez,165,G,Business
101866,Ryan White,339,M,Economy
101867,Jack Davis,271,V,Economy
101868,Kate Thomas,435,U,Economy
101869,Ivy White,27,V,First
101870,Olivia Johnson,234,N,Economy
101871,Mia Martin,75,S,Business
101872,Jack Davis,131,W,Business
101873,Henry Brown,133,K,Business
101874,Alice Miller,255,Y,Economy
101875,Jack Jones,241,R,Economy
101876,Ivy Jones,256,S,Economy
101877,Tom Johnson,118,U,Business
101878,Bob Anderson,32,L,First
101879,Sara Anderson,10,Z,First
101880,Paul Smith,234,U,Economy
101881,Mia Anderson,95,E,Business
101882,Bob Thomas,417,N,Economy
101883,Henry Williams,367,B,Economy
101884,Tom Garcia,200,Y,Business
101885,Mia Rodriguez,436,H,Economy
101886,Kate Smith,225,C,Economy
101887,Bob Wilson,397,Q,Economy
101888,Jack Martinez,400,F,Economy
101889,Eve Johnson,342,K,Economy
101890,Carol Smith,198,B,Business
101891,Henry Miller,25,C,First
101892,Tom Harris,222,T,Economy
101893,Alice Garcia,39,G,First
101894,Leo Anderson,161,C,Business
101895,Leo Jones,166,Y,Business
101896,Leo Williams,135,C,Business
101897,Mia Garcia,149,Q,Business
101898,Ryan Smith,318,P,Economy
101899,Olivia Taylor,201,G,Business
101900,Jack Brown,178,J,Business
101901,Kate Williams,226,K,Economy
101902,Alice Jackson,317,M,Economy
101903,Bob Williams,108,M,Business
101904,Grace Taylor,316,O,Economy
101905,Ivy Taylor,320,U,Economy
101906,Paul Thomas,102,G,Business
101907,Grace Garcia,71,Z,Business
101908,Eve Jackson,33,B,First
101909,Tom Harris,30,O,First
101910,Carol Martinez,289,O,Economy
101911,Jack Miller,24,B,First
101912,Ryan Harris,49,I,First
101913,Leo Smith,176,Z,Business
101914,Carol Thomas,230,N,Economy
101915,Ivy Williams,247,K,Economy
101916,Sara Miller,20,T,First
101917,Ivy Brown,121,X,Business
101918,Mia Thomas,129,I,Business
101919,Bob Garcia,220,H,Economy
101920,Eve Thomas,168,M,Business
101921,Eve Miller,295,I,Economy
101922,Noah Harris,207,S,Business
101923,Frank Brown,41,P,First
101924,Quinn Wilson,93,X,Business
101925,Bob Williams,41,W,First
101926,Frank Jones,329,X,Economy
101927,Frank Williams,101,L,Business
101928,Bob Martin,25,M,First
101929,Bob Jackson,379,B,Economy
101930,Frank Brown,457,L,Economy
101931,Henry Miller,146,W,Business
101932,Alice Miller,129,K,Business
101933,Bob Harris,162,V,Business
101934,Grace Davis,92,M,Business
101935,Mia Martin,442,Y,Economy
101936,Henry Jackson,211,O,Economy
101937,Carol White,233,H,Economy
101938,Paul Thomas,315,G,Economy
101939,Grace Martinez,371,Q,Economy
101940,Eve Johnson,317,D,Economy
101941,Alice Martin,116,S,Business
101942,Sara Martin,386,F,Economy
101943,Kate Johnson,334,Z,Economy
101944,Ryan Wilson,367,W,Economy
101945,Carol Jackson,223,S,Economy
101946,Mia Smith,422,B,Economy
101947,Noah Garcia,79,N,Business
101948,Leo Johnson,209,V,Business
101949,Tom Brown,147,G,Business
101950,Mia Wilson,58,E,First
101951,Frank Davis,26,E,First
101952,David Garcia,165,U,Business
101953,Grace Davis,171,E,Business
101954,Bob Jones,102,M,Business
101955,Ryan Garcia,235,E,Economy
101956,Frank Martinez,126,G,Business
101957,Paul Jones,286,U,Economy
101958,Tom Johnson,94,H,Business
101959,Henry White,237,V,Economy
101960,David White,101,E,Business
101961,Olivia Wilson,333,Y,Economy
101962,Jack Wilson,5,M,First
101963,Tom Wilson,205,E,Business
101964,Eve Davis,62,U,First
101965,Paul Williams,60,U,First
101966,Quinn Anderson,298,D,Economy
101967,Frank Smith,339,B,Economy
101968,Quinn Jackson,451,O,Economy
101969,Carol White,354,U,Economy
101970,Sara White,306,L,Economy
101971,Mia Taylor,146,B,Business
101972,Quinn Harris,401,I,Economy
101973,Grace Garcia,11,V,First
101974,Leo Brown,10,J,First
101975,Ivy Johnson,149,I,Business
101976,Ivy Miller,60,Z,First
101977,Ivy Rodriguez,322,L,Economy
101978,Carol Brown,14,F,First
101979,Quinn White,386,U,Economy
101980,Eve Johnson,10,R,First
101981,Ryan Johnson,257,G,Economy
101982,Sara Harris,94,K,Business
101983,Olivia Martinez,302,W,Economy
101984,Ryan Wilson,7,S,First
101985,Sara Thomas,200,N,Business
101986,Kate Jones,207,Z,Business
101987,Quinn Jones,121,K,Business
101988,Jack Jackson,359,G,Economy
101989,Frank Wilson,219,N,Economy
101990,Jack Miller,203,X,Business
101991,Eve Wilson,344,D,Economy
101992,Tom Harris,292,K,Economy
101993,Mia Wilson,46,L,First
101994,Bob Johnson,175,T,Business
101995,Carol Thomas,86,S,Business
101996,Noah Brown,451,Z,Economy
101997,Eve Taylor,419,Q,Economy
101998,Henry Martinez,267,S,Economy
101999,Kate White,361,D,Economy
102001,Kate Rodriguez,87,E,Business
102002,Henry Wilson,134,H,Business
102003,Sara Williams,457,J,Economy
102004,Mia Martinez,55,N,First
102005,Eve Wilson,115,Q,Business
102006,Leo Martin,76,D,Business
102007,Quinn Jones,15,W,First
102008,Olivia Taylor,131,C,Business
102009,Sara Jackson,165,H,Business
102010,Tom Smith,21,I,First
102011,Carol Jones,55,Q,First
102012,Ivy Miller,281,G,Economy
102013,Kate Rodriguez,383,L,Economy
102014,David Wilson,37,J,First
102015,Olivia Jackson,212,L,Economy
102016,Alice White,293,I,Economy
102017,Mia Wilson,196,A,Business
102018,Quinn Williams,99,X,Business
102019,Mia Brown,384,F,Economy
102020,Sara Taylor,53,B,First
102021,Eve Wilson,221,T,Economy
102022,Grace Martinez,385,M,Economy
102023,Mia Anderson,103,S,Business
102024,Sara Miller,333,V,Economy
102025,Frank Taylor,380,B,Economy
102026,Bob Johnson,278,F,Economy
102027,Carol Jackson,379,C,Economy
102028,Henry Jackson,127,L,Business
102029,Ryan Anderson,286,E,Economy
102030,Grace White,199,H,Business
102031,Noah Taylor,386,T,Economy
102032,Frank Martinez,296,T,Economy
102033,Eve Williams,412,N,Economy
102034,Noah Taylor,52,W,First
102035,Noah Martin,142,J,Business
102036,David Thomas,367,G,Economy
102037,Kate Martin,357,V,Economy
102038,Ryan Miller,278,K,Economy
102039,Grace Garcia,243,F,Economy
102040,Ryan Rodriguez,110,K,Business
102041,Sara Harris,188,N,Business
102042,Jack Rodriguez,56,U,First
102043,Eve Brown,170,O,Business
102044,Tom Martin,210,E,Business
102045,Henry Harris,215,Q,Economy
102046,Bob Taylor,253,D,Economy
102047,Ivy Garcia,34,Y,First
102048,Grace Taylor,309,F,Economy
102049,Ryan Taylor,363,M,Economy
102050,Ivy Thomas,435,Y,Economy
102051,Tom Johnson,114,K,Business
102052,Eve Jones,382,O,Economy
102053,Paul Miller,261,J,Economy
102054,Olivia Williams,116,F,Business
102055,David Rodriguez,69,V,First
102056,Jack Anderson,366,N,Economy
102057,Ryan Martin,415,L,Economy
102058,Kate Williams,106,B,Business
102059,Ivy Harris,290,T,Economy
102060,Ivy White,356,E,Economy
102061,Tom Rodriguez,82,H,Business
102062,Tom Williams,179,R,Business
102063,Grace Brown,233,M,Economy
102064,Carol Taylor,54,R,First
102065,Leo Miller,277,X,Economy
102066,Olivia Taylor,175,B,Business
102067,David Harris,343,H,Economy
102068,Kate Smith,2,L,First
102069,Sara Davis,246,Y,Economy
102070,Jack Martinez,192,P,Business
102071,Leo Jackson,348,O,Economy
102072,Olivia Jones,169,X,Business
102073,Carol Anderson,356,W,Economy
102074,Quinn Williams,389,S,Economy
102075,Ivy Brown,35,W,First
102076,Noah Jackson,60,P,First
102077,Paul Jackson,184,N,Business
102078,Mia Rodriguez,202,M,Business
102079,Eve Anderson,405,F,Economy
102080,Leo Wilson,77,J,Business
102081,Tom Anderson,207,W,Business
102082,Frank Jackson,87,Q,Business
102083,Frank Smith,383,J,Economy
102084,Eve Brown,6,B,First
102085,Sara Smith,228,U,Economy
102086,Eve Thomas,172,G,Business
102087,Paul Garcia,308,R,Economy
102088,Quinn Brown,408,S,Economy
102089,Jack Jones,161,Q,Business
102090,Carol Taylor,347,E,Economy
102091,Leo Jackson,117,X,Business
102092,Kate Garcia,307,F,Economy
102093,Mia Thomas,140,O,Business
102094,Leo Brown,370,F,Economy
102095,Sara Miller,31,N,First
102096,Carol Martin,319,Y,Economy
102097,Olivia Williams,317,F,Economy
102098,Frank Wilson,200,P,Business
102099,David Martin,331,M,Economy
102100,Carol Taylor,209,C,Business
102101,Henry Thomas,292,I,Economy
102102,Jack Jones,393,V,Economy
102103,Ryan Williams,272,I,Economy
102104,Carol Harris,392,I,Economy
102105,Paul Jackson,347,F,Economy
102106,Noah Taylor,265,A,Economy
102107,Kate Johnson,195,H,Business
102108,Ryan Martinez,142,M,Business
102109,Paul Williams,197,D,Business
102110,Bob Taylor,100,K,Business
102111,Alice Martin,435,V,Economy
102112,Henry Wilson,380,W,Economy
102113,Mia Anderson,286,B,Economy
102114,Bob Jackson,370,W,Economy
102115,Jack Williams,217,C,Economy
102116,Frank Harris,275,M,Economy
102117,Mia Brown,362,J,Economy
102118,Grace Smith,224,H,Economy
102119,Quinn Thomas,53,V,First
102120,Sara Williams,422,R,Economy
102121,Sara Brown,172,D,Business
102122,Noah Jackson,88,Z,Business
102123,Bob Wilson,311,U,Economy
102124,Noah Martin,114,Q,Business
102125,Ryan Brown,3,Q,First
102126,Olivia Martin,98,Y,Business
102127,Sara Smith,292,E,Economy
102128,Quinn Johnson,378,M,Economy
102129,Noah Brown,429,I,Economy
102130,David Williams,285,S,Economy
102131,Kate Martin,446,Z,Economy
102132,Olivia Thomas,296,Q,Economy
102133,David Jones,97,P,Business
102134,Bob Taylor,111,G,Business
102135,Sara Garcia,66,G,First
102136,Henry Garcia,434,N,Economy
102137,Alice Taylor,20,R,First
102138,Ivy Taylor,208,H,Business
102139,Paul Davis,181,Y,Business
102140,Eve Williams,235,M,Economy
102141,Tom Miller,116,G,Business
102142,Jack Martinez,195,Y,Business
102143,Mia Brown,43,E,First
102144,Ryan Martinez,171,G,Business
102145,Paul Martinez,265,W,Economy
102146,Kate Martin,274,U,Economy
102147,Tom Thomas,276,S,Economy
102148,David Brown,268,B,Economy
102149,Eve Harris,25,G,First
102150,Sara Rodriguez,2,X,First
102151,Noah Taylor,385,G,Economy
102152,Carol Harris,379,G,Economy
102153,Paul Smith,81,O,Business
102154,Sara Wilson,373,E,Economy
102155,Leo Thomas,163,P,Business
102156,Henry Smith,438,X,Economy
102157,Mia Taylor,450,U,Economy
102158,Ivy Martinez,73,X,Business
102159,Noah Martin,299,X,Economy
102160,Henry Smith,320,N,Economy
102161,Frank Anderson,176,A,Business
102162,Henry Smith,247,V,Economy
102163,Frank Jones,141,E,Business
102164,Paul Garcia,270,Y,Economy
102165,Frank Brown,276,Y,Economy
102166,Tom Davis,63,O,First
102167,Alice Martinez,267,M,Economy
102168,Kate Harris,383,I,Economy
102169,Sara Garcia,407,X,Economy
102170,Ivy Davis,134,I,Business
102171,Ivy Jackson,175,M,Business
102172,Ryan Taylor,194,Z,Business
102173,Kate Jackson,102,K,Business
102174,David Johnson,182,E,Business
102175,Carol Martin,20,B,First
102176,Bob Davis,113,I,Business
102177,Ivy Garcia,378,V,Economy
102178,Carol Brown,68,B,First
102179,Ryan Anderson,267,E,Economy
102180,Leo Thomas,92,E,Business
102181,Ivy Smith,119,C,Business
102182,Grace Miller,254,R,Economy
102183,Carol Martin,139,Y,Business
102184,Kate Garcia,320,D,Economy
102185,Leo Johnson,126,F,Business
102186,Ivy Brown,178,I,Business
102187,Leo Brown,124,T,Business
102188,Carol Taylor,335,Q,Economy
102189,Alice Rodriguez,122,Y,Business
102190,Mia Taylor,139,R,Business
102191,Tom Jackson,147,X,Business
102192,Olivia Jackson,177,E,Business
102193,Quinn Anderson,122,F,Business
102194,Olivia Martinez,391,B,Economy
102195,Sara White,22,J,First
102196,Henry Williams,27,C,First
102197,Quinn Brown,238,L,Economy
102198,Sara Martin,59,P,First
102199,Olivia Harris,244,I,Economy
102200,Leo Anderson,253,V,Economy
102201,Paul Miller,266,I,Economy
102202,Ryan Rodriguez,269,I,Economy
102203,Leo Harris,283,Y,Economy
102204,Henry Johnson,219,W,Economy
102205,Kate Martinez,433,W,Economy
102206,Frank Davis,71,D,Business
102207,Olivia Wilson,242,U,Economy
102208,Jack Wilson,171,J,Business
102209,Alice Davis,246,C,Economy
102210,Kate Wilson,454,A,Economy
102211,David Wilson,146,S,Business
102212,Grace Davis,343,L,Economy
102213,Leo Martin,212,U,Economy
102214,David Smith,183,F,Business
102215,Quinn Wilson,209,D,Business
102216,Jack Garcia,51,K,First
102217,Jack Anderson,136,N,Business
102218,Carol Anderson,109,M,Business
102219,Bob Harris,330,K,Economy
102220,Kate Wilson,118,B,Business
102221,Eve Jones,74,B,Business
102222,Paul Miller,118,T,Business
102223,David Martinez,146,F,Business
102224,Carol Harris,448,L,Economy
102225,Henry Taylor,156,K,Business
102226,Carol White,65,R,First
102227,Ryan Davis,130,A,Business
102228,Ryan Anderson,429,A,Economy
102229,Ryan Jones,384,A,Economy
102230,Olivia Jackson,73,Z,Business
102231,David Brown,60,L,First
102232,Kate Jones,83,B,Business
102233,Bob Johnson,91,E,Business
102234,Paul Williams,231,Y,Economy
102235,Henry Smith,388,L,Economy
102236,David Taylor,460,M,Economy
102237,Grace Harris,33,N,First
102238,Tom Miller,31,V,First
102239,Grace Jones,183,K,Business
102240,Paul Miller,158,O,Business
102241,Noah Rodriguez,152,V,Business
102242,Leo Martinez,153,Y,Business
102243,Kate Martinez,373,C,Economy
102244,Sara Martin,252,P,Economy
102245,Tom Harris,425,H,Economy
102246,Frank Jones,52,R,First
102247,Tom White,202,L,Business
102248,Grace Wilson,182,J,Business
102249,Grace Thomas,317,K,Economy
102250,Olivia Taylor,27,Z,First
102251,Noah Garcia,268,E,Economy
102252,Bob Thomas,394,U,Economy
102253,Quinn Jones,182,O,Business
102254,Kate Jackson,318,N,Economy
102255,Carol Martinez,182,Y,Business
102256,Eve Harris,334,E,Economy
102257,Jack Harris,326,R,Economy
102258,Carol Rodriguez,319,C,Economy
102259,Jack Garcia,389,L,Economy
102260,Ivy Garcia,252,G,Economy
102261,Jack Jones,85,R,Business
102262,Eve Rodriguez,147,O,Business
102263,Bob White,175,F,Business
102264,David Jackson,294,I,Economy
102265,Quinn Miller,357,Y,Economy
102266,Quinn Jones,164,Z,Business
102267,Ryan Wilson,60,T,First
102268,Noah Martinez,286,T,Economy
102269,Olivia Brown,297,M,Economy
102270,Leo Thomas,174,S,Business
102271,Alice Harris,138,B,Business
102272,Frank Garcia,20,W,First
102273,Frank Taylor,3,S,First
102274,Alice Jackson,16,Y,First
102275,Carol Garcia,196,E,Business
102276,Tom Taylor,211,E,Economy
102277,Bob Jones,196,K,Business
102278,Alice Jackson,242,T,Economy
102279,Tom Thomas,409,Z,Economy
102280,Alice Rodriguez,138,R,Business
102281,Henry Davis,391,L,Economy
102282,Tom Miller,312,H,Economy
102283,David Wilson,402,D,Economy
102284,Sara Jones,134,G,Business
102285,Kate Jones,349,Z,Economy
102286,Quinn Wilson,130,N,Business
102287,David Taylor,428,G,Economy
102288,Tom Johnson,303,F,Economy
102289,Jack Martin,16,L,First
102290,Frank Miller,451,W,Economy
102291,Henry Garcia,429,B,Economy
102292,Kate Davis,97,R,Business
102293,Noah Jones,20,A,First
102294,Tom Brown,188,S,Business
102295,Olivia Rodriguez,450,M,Economy
102296,David Taylor,14,O,First
102297,Bob Wilson,111,U,Business
102298,David Rodriguez,437,M,Economy
102299,Ryan Taylor,204,W,Business
102300,Kate Williams,423,A,Economy
102301,Tom Davis,94,P,Business
102302,Frank Harris,205,Y,Business
102303,Quinn Johnson,97,V,Business
102304,Noah Harris,279,Y,Economy
102305,Sara Rodriguez,229,C,Economy
102306,Ryan Smith,60,N,First
102307,Olivia Martin,196,P,Business
102308,Kate Miller,93,C,Business
102309,Grace Anderson,160,S,Business
102310,David Jackson,151,Q,Business
102311,David Johnson,162,R,Business
102312,Henry Miller,70,X,First
102313,Sara Wilson,258,N,Economy
102314,Carol Garcia,306,A,Economy
102315,Grace Smith,454,T,Economy
102316,Eve Garcia,340,Z,Economy
102317,Frank Brown,442,W,Economy
102318,Jack Johnson,22,Z,First
102319,Kate Miller,38,E,First
102320,Bob Garcia,449,R,Economy
102321,Henry Johnson,81,R,Business
102322,Bob White,227,B,Economy
102323,Tom Wilson,197,A,Business
102324,Frank Johnson,305,D,Economy
102325,Alice Thomas,450,Z,Economy
102326,Mia Miller,236,B,Economy
102327,Noah White,454,E,Economy
102328,Carol Martinez,350,W,Economy
102329,Alice Anderson,272,P,Economy
102330,Noah Martinez,309,S,Economy
102331,Eve Harris,68,U,First
102332,Henry Garcia,225,A,Economy
102333,Carol Jones,25,B,First
102334,Jack Williams,342,J,Economy
102335,Bob Rodriguez,57,T,First
102336,Quinn Jones,54,M,First
102337,Leo Jones,83,P,Business
102338,Grace Anderson,358,L,Economy
102339,Noah Miller,176,B,Business
102340,Grace Thomas,192,W,Business
102341,Henry Garcia,9,W,First
102342,Quinn Davis,340,R,Economy
102343,Kate Jackson,265,X,Economy
102344,Noah Anderson,39,R,First
102345,Alice Thomas,446,J,Economy
102346,Ivy Smith,145,K,Business
102347,Henry Davis,428,V,Economy
102348,Henry Rodriguez,46,Y,First
102349,Kate Taylor,452,C,Economy
102350,Frank Jackson,99,O,Business
102351,Henry Williams,115,Y,Business
102352,Sara Garcia,324,J,Economy
102353,David Wilson,301,K,Economy
102354,Bob Wilson,110,H,Business
102355,Noah Rodriguez,147,I,Business
102356,Paul Davis,448,P,Economy
102357,Grace Anderson,102,H,Business
102358,Quinn Jackson,279,Z,Economy
102359,Ryan Miller,271,F,Economy
102360,Leo Taylor,48,H,First
102361,Alice Williams,212,Z,Economy
102362,Ivy Martin,456,T,Economy
102363,Ryan Brown,35,J,First
102364,Grace Wilson,292,T,Economy
102365,Grace Williams,206,F,Business
102366,Eve Martin,85,W,Business
102367,Sara Jones,94,T,Business
102368,Eve Williams,153,K,Business
102369,David Wilson,19,T,First
102370,Quinn Rodriguez,222,Q,Economy
102371,Kate Rodriguez,82,S,Business
102372,Frank Jackson,362,R,Economy
102373,Carol Rodriguez,30,R,First
102374,Leo Smith,316,F,Economy
102375,David Wilson,95,W,Business
102376,Alice Davis,268,O,Economy
102377,Jack Taylor,406,F,Economy
102378,Leo Jones,113,S,Business
102379,Ryan Martin,153,R,Business
102380,Kate Wilson,362,Q,Economy
102381,Sara Wilson,304,G,Economy
102382,Olivia Martin,198,L,Business
102383,Kate Anderson,189,O,Business
102384,Kate Johnson,304,N,Economy
102385,Mia Martinez,242,I,Economy
102386,Sara Williams,442,E,Economy
102387,Tom Smith,27,I,First
102388,Grace Martinez,212,P,Economy
102389,Ryan Anderson,290,V,Economy
102390,Frank Miller,301,D,Economy
102391,Carol Thomas,64,W,First
102392,Frank White,350,A,Economy
102393,Sara Rodriguez,384,K,Economy
102394,Quinn Johnson,61,V,First
102395,Quinn Rodriguez,175,Y,Business
102396,Henry Thomas,438,D,Economy
102397,Jack Johnson,40,V,First
102398,Grace Jones,298,Q,Economy
102399,Alice White,273,T,Economy
102400,Ivy Rodriguez,59,G,First
102401,Sara Johnson,415,C,Economy
102402,Quinn Williams,431,A,Economy
102403,David Williams,397,O,Economy
102404,Olivia Thomas,167,C,Business
102405,Mia Brown,207,Y,Business
102406,Bob Miller,34,Z,First
102407,Alice Rodriguez,422,P,Economy
102408,Tom Johnson,161,D,Business
102409,Frank Smith,452,L,Economy
102410,Quinn Brown,299,J,Economy
102411,Noah White,193,T,Business
102412,Ryan Taylor,182,V,Business
102413,Leo Jones,183,O,Business
102414,Eve Anderson,93,O,Business
102415,Noah Taylor,187,P,Business
102416,Quinn Davis,172,C,Business
102417,Jack Taylor,172,U,Business
102418,Olivia Martinez,69,U,First
102419,Olivia Wilson,141,F,Business
102420,Noah White,443,I,Economy
102421,Olivia Harris,44,Y,First
102422,Kate Jackson,128,L,Business
102423,Quinn Rodriguez,443,Y,Economy
102424,Grace Miller,101,J,Business
102425,David Smith,453,A,Economy
102426,Ryan Martin,125,D,Business
102427,Carol Martin,267,Z,Economy
102428,Olivia Jones,106,O,Business
102429,Jack Johnson,203,C,Business
102430,Jack Jones,2,D,First
102431,Kate Jones,264,Y,Economy
102432,Frank Davis,116,A,Business
102433,Tom Anderson,77,B,Business
102434,Noah Jones,358,A,Economy
102435,Noah Taylor,228,M,Economy
102436,Eve Harris,16,U,First
102437,Olivia Smith,48,X,First
102438,Mia Jones,143,I,Business
102439,Quinn Martin,112,S,Business
102440,Grace Jones,124,K,Business
102441,Bob Brown,314,U,Economy
102442,Alice Jackson,274,M,Economy
102443,Mia Harris,103,M,Business
102444,Grace Taylor,255,P,Economy
102445,Alice Davis,293,J,Economy
102446,Ryan Johnson,303,R,Economy
102447,Leo Garcia,400,N,Economy
102448,David Williams,179,N,Business
102449,Kate Harris,288,L,Economy
102450,Kate White,398,E,Economy
102451,Ivy Jones,160,W,Business
102452,Ivy Anderson,452,K,Economy
102453,Frank Martinez,332,L,Economy
102454,Eve Taylor,60,J,First
102455,Eve Jackson,406,G,Economy
102456,Grace Davis,115,B,Business
102457,Henry Jones,183,J,Business
102458,David Miller,234,J,Economy
102459,Quinn Wilson,243,P,Economy
102460,Carol Anderson,152,Y,Business
102461,Alice Jones,149,C,Business
102462,Ryan Brown,34,R,First
102463,Leo Williams,96,W,Business
102464,Paul Johnson,236,K,Economy
102465,Frank Johnson,35,X,First
102466,David Taylor,178,S,Business
102467,Grace Garcia,12,L,First
102468,Eve Martinez,108,P,Business
102469,Grace Brown,76,Y,Business
102470,Leo Smith,241,M,Economy
102471,Eve Jackson,8,X,First
102472,Olivia White,308,Y,Economy
102473,Mia Wilson,38,G,First
102474,Mia Garcia,136,G,Business
102475,Frank Brown,61,F,First
102476,Tom Rodriguez,14,R,First
102477,Kate Taylor,6,C,First
102478,Bob Miller,36,S,First
102479,David White,153,S,Business
102480,Eve Williams,246,A,Economy
102481,Frank Brown,124,R,Business
102482,Olivia Smith,188,Q,Business
102483,Jack Jackson,174,M,Business
102484,Bob Williams,31,E,First
102485,Sara White,20,Q,First
102486,Noah Harris,419,S,Economy
102487,Alice Jones,109,E,Business
102488,Grace Garcia,169,E,Business
102489,Sara Smith,292,S,Economy
102490,Alice Johnson,367,O,Economy
102491,Carol Garcia,37,X,First
102492,Henry Johnson,29,J,First
102493,Alice Williams,310,J,Economy
102494,Alice Smith,203,H,Business
102495,Kate Smith,248,Z,Economy
102496,Leo White,125,P,Business
102497,Paul Davis,185,D,Business
102498,Frank Brown,337,Y,Economy
102499,Carol Jones,276,G,Economy
102500,Kate Martin,242,A,Economy
102501,Carol Anderson,50,M,First
102502,Mia Martin,161,A,Business
102503,Henry Jones,104,X,Business
102504,Ryan Williams,50,T,First
102505,Leo Jones,199,O,Business
102506,Tom Martinez,423,P,Economy
102507,Frank Thomas,157,I,Business
102508,Quinn Taylor,346,B,Economy
102509,Olivia Johnson,180,B,Business
102510,Tom Jones,244,V,Economy
102511,Tom Johnson,160,I,Business
102512,Henry Martinez,242,P,Economy
102513,Henry Martin,11,R,First
102514,Tom Jones,264,L,Economy
102515,Sara Garcia,362,B,Economy
102516,Noah White,259,V,Economy
102517,Ivy Martin,224,T,Economy
102518,Alice Thomas,355,X,Economy
102519,Quinn Harris,10,A,First
102520,Eve Martin,448,G,Economy
102521,Frank Harris,23,H,First
102522,Mia Martinez,259,R,Economy
102523,Frank Thomas,74,M,Business
102524,Kate Jackson,392,E,Economy
102525,Jack Williams,105,X,Business
102526,Olivia Jones,293,T,Economy
102527,Sara Anderson,219,O,Economy
102528,Olivia Anderson,303,D,Economy
102529,Bob Williams,35,A,First
102530,Mia Williams,347,X,Economy
102531,Noah Davis,323,M,Economy
102532,Bob Rodriguez,18,C,First
102533,Frank Johnson,370,S,Economy
102534,Paul Anderson,442,B,Economy
102535,David Thomas,64,T,First
102536,David Wilson,453,I,Economy
102537,Sara Brown,63,X,First
102538,Leo Harris,364,Z,Economy
102539,Alice Thomas,23,E,First
102540,Paul Taylor,123,M,Business
102541,David Wilson,194,R,Business
102542,Olivia Garcia,192,A,Business
102543,Kate Jackson,390,T,Economy
102544,Mia Johnson,163,G,Business
102545,Mia Martinez,421,P,Economy
102546,Noah Martinez,299,V,Economy
102547,Jack Johnson,327,K,Economy
102548,Kate Anderson,71,G,Business
102549,Paul White,418,S,Economy
102550,Noah Miller,60,O,First
102551,Kate Williams,181,X,Business
102552,Paul Rodriguez,85,I,Business
102553,Grace Brown,30,Q,First
102554,Tom Wilson,329,T,Economy
102555,Bob Smith,256,Y,Economy
102556,Grace Rodriguez,404,I,Economy
102557,Sara Williams,380,I,Economy
102558,Carol Garcia,61,G,First
102559,Henry Anderson,196,W,Business
102560,Bob Anderson,187,M,Business
102561,Leo White,28,S,First
102562,Olivia Jackson,347,Z,Economy
102563,Carol Smith,405,D,Economy
102564,Jack Taylor,105,Q,Business
102565,Ivy Thomas,307,E,Economy
102566,Noah Anderson,206,Q,Business
102567,Kate Jones,335,M,Economy
102568,Frank Miller,358,G,Economy
102569,Bob Taylor,390,Z,Economy
102570,Leo Davis,430,F,Economy
102571,Grace Smith,340,F,Economy
102572,Kate Taylor,48,R,First
102573,Noah Davis,193,L,Business
102574,Kate Brown,306,I,Economy
102575,Henry Martin,32,W,First
102576,Bob Williams,137,X,Business
102577,Bob Garcia,319,L,Economy
102578,Quinn Harris,368,D,Economy
102579,Mia Harris,459,F,Economy
102580,Ivy Johnson,146,N,Business
102581,Noah Jones,54,Q,First
102582,Olivia Taylor,166,X,Business
102583,David Wilson,221,O,Economy
102584,Ryan Smith,4,E,First
102585,Jack Davis,356,H,Economy
102586,Quinn Jones,135,Y,Business
102587,Ivy White,144,E,Business
102588,Noah Wilson,230,U,Economy
102589,Jack Martin,319,P,Economy
102590,Tom Smith,67,Z,First
102591,Quinn Anderson,17,U,First
102592,Olivia Garcia,80,Z,Business
102593,Ivy Martin,459,R,Economy
102594,Quinn Jones,398,Q,Economy
102595,Carol White,394,T,Economy
102596,Ryan Garcia,82,C,Business
102597,Bob Thomas,226,T,Economy
102598,Paul Thomas,443,P,Economy
102599,David Miller,17,G,First
102600,Noah Wilson,402,I,Economy
102601,Kate Wilson,282,Z,Economy
102602,Mia Brown,292,J,Economy
102603,Sara Taylor,19,J,First
102604,Ryan Thomas,193,V,Business
102605,Ivy Martinez,228,Z,Economy
102606,Bob Smith,454,O,Economy
102607,Ryan Taylor,313,X,Economy
102608,Noah Martin,33,X,First
102609,Leo Miller,255,R,Economy
102610,David White,377,V,Economy
102611,Bob Rodriguez,336,F,Economy
102612,David Davis,395,T,Economy
102613,Quinn Rodriguez,232,N,Economy
102614,Jack Jones,250,S,Economy
102615,Olivia White,99,B,Business
102616,Paul Taylor,250,P,Economy
102617,Sara Rodriguez,112,X,Business
102618,Grace Martinez,258,C,Economy
102619,Alice Miller,293,Y,Economy
102620,Alice Martin,145,Q,Business
102621,Paul Garcia,283,I,Economy
102622,Kate Wilson,460,O,Economy
102623,Grace Johnson,155,F,Business
102624,Quinn Miller,418,T,Economy
102625,Olivia Martin,39,L,First
102626,Leo Martin,260,P,Economy
102627,Bob Davis,249,D,Economy
102628,Ryan Miller,335,T,Economy
102629,Kate Williams,194,N,Business
102630,Leo Martinez,10,S,First
102631,Olivia Anderson,389,G,Economy
102632,Bob Jackson,9,J,First
102633,David Taylor,180,Z,Business
102634,Paul Anderson,247,H,Economy
102635,Grace Johnson,18,X,First
102636,Grace Harris,254,U,Economy
102637,Quinn Williams,265,F,Economy
102638,David Rodriguez,59,X,First
102639,Paul Wilson,270,T,Economy
102640,Leo Jones,216,I,Economy
102641,Frank Smith,88,N,Business
102642,Ivy Martin,25,H,First
102643,Carol Anderson,455,L,Economy
102644,Leo Brown,22,U,First
102645,Alice White,160,K,Business
102646,Leo Davis,54,J,First
102647,Eve Johnson,432,B,Economy
102648,Frank Rodriguez,196,Q,Business
102649,Sara Miller,107,Y,Business
102650,Eve Anderson,234,V,Economy
102651,Tom Thomas,34,N,First
102652,Ryan Martinez,115,S,Business
102653,Paul Harris,43,Z,First
102654,Tom Martinez,456,L,Economy
102655,Henry Miller,369,Y,Economy
102656,Ivy Jackson,208,L,Business
102657,Kate White,460,T,Economy
102658,Mia Garcia,313,A,Economy
102659,Grace White,90,F,Business
102660,Carol Miller,322,K,Economy
102661,David Williams,394,P,Economy
102662,Henry Anderson,178,T,Business
102663,Kate Harris,185,E,Business
102664,David White,413,A,Economy
102665,Noah Jones,350,B,Economy
102666,Noah Brown,102,S,Business
102667,Olivia Jones,68,H,First
102668,Frank Davis,205,G,Business
102669,Tom Jackson,69,X,First
102670,Olivia Thomas,10,H,First
102671,David Martin,168,K,Business
102672,Eve Miller,445,W,Economy
102673,Kate White,37,D,First
102674,Olivia White,29,Z,First
102675,Ivy Martin,313,Z,Economy
102676,Grace Jackson,88,R,Business
102677,Quinn Rodriguez,54,S,First
102678,Sara Williams,318,W,Economy
102679,Mia Jackson,449,H,Economy
102680,Noah Thomas,158,I,Business
102681,Eve Garcia,360,W,Economy
102682,Kate Williams,88,E,Business
102683,Eve Johnson,258,I,Economy
102684,Mia Johnson,149,S,Business
102685,Eve Garcia,239,P,Economy
102686,Noah Garcia,9,B,First
102687,Quinn Harris,380,D,Economy
102688,Tom Jackson,31,A,First
102689,Sara Martin,350,L,Economy
102690,Paul Johnson,167,V,Business
102691,Frank Jones,387,M,Economy
102692,Ryan Martin,316,G,Economy
102693,Sara Anderson,210,H,Business
102694,Sara Taylor,296,L,Economy
102695,Mia Smith,136,O,Business
102696,Sara Davis,186,X,Business
102697,Eve Martin,91,G,Business
102698,Paul Wilson,7,B,First
102699,Noah Wilson,311,X,Economy
102700,Mia Martinez,265,M,Economy
102701,Ivy Harris,409,X,Economy
102702,Kate Taylor,366,Y,Economy
102703,Henry Taylor,206,D,Business
102704,Grace Williams,110,N,Business
102705,Leo Jackson,120,A,Business
102706,Mia White,217,A,Economy
102707,Ryan Rodriguez,44,X,First
102708,Noah Taylor,220,D,Economy
102709,Frank Taylor,258,P,Economy
102710,Henry Harris,240,J,Economy
102711,David Johnson,25,Q,First
102712,Ivy Brown,294,M,Economy
102713,Leo Harris,373,K,Economy
102714,Paul Harris,155,G,Business
102715,Henry Brown,62,I,First
102716,Ryan Smith,167,Y,Business
102717,Bob Jones,80,G,Business
102718,Eve Brown,255,D,Economy
102719,Tom Anderson,72,V,Business
102720,Olivia Brown,107,H,Business
102721,Noah Taylor,230,Q,Economy
102722,Sara Miller,460,W,Economy
102723,Kate White,50,C,First
102724,Kate Williams,143,N,Business
102725,Noah Anderson,108,E,Business
102726,David Rodriguez,124,V,Business
102727,Alice Johnson,45,U,First
102728,Henry Anderson,200,M,Business
102729,Mia Harris,287,F,Economy
102730,Kate Davis,418,U,Economy
102731,Frank Jackson,34,O,First
102732,Kate Rodriguez,451,Y,Economy
102733,Quinn Smith,392,S,Economy
102734,Leo Davis,172,Y,Business
102735,Sara Smith,206,R,Business
102736,Tom Miller,33,V,First
102737,Paul Jones,50,U,First
102738,Henry Martinez,122,B,Business
102739,Eve Taylor,195,Z,Business
102740,Kate Jackson,104,U,Business
102741,Noah Rodriguez,186,H,Business
102742,Olivia Brown,208,C,Business
102743,Olivia Rodriguez,277,A,Economy
102744,Sara Davis,18,S,First
102745,Grace Williams,260,D,Economy
102746,Ivy Harris,28,Z,First
102747,Sara Jones,107,R,Business
102748,Henry Johnson,134,C,Business
102749,Ryan Thomas,22,C,First
102750,Eve Brown,388,I,Economy
102751,Kate Martinez,186,V,Business
102752,Jack Williams,353,O,Economy
102753,Frank White,360,M,Economy
102754,Olivia Harris,388,B,Economy
102755,Olivia Martin,210,M,Business
102756,David Martinez,280,U,Economy
102757,Paul Anderson,84,I,Business
102758,Olivia Martin,330,L,Economy
102759,Carol Martin,382,G,Economy
102760,Sara Harris,225,U,Economy
102761,Mia Jones,351,Q,Economy
102762,Ivy Miller,47,H,First
102763,Noah White,199,J,Business
102764,Noah Rodriguez,42,D,First
102765,Kate Brown,306,G,Economy
102766,Olivia Rodriguez,306,J,Economy
102767,Leo Rodriguez,133,S,Business
102768,Leo Martin,264,U,Economy
102769,Jack Garcia,230,L,Economy
102770,Sara Davis,395,H,Economy
102771,Eve Wilson,54,B,First
102772,Alice Brown,73,S,Business
102773,Paul Smith,202,S,Business
102774,Noah Anderson,86,V,Business
102775,Leo Miller,143,R,Business
102776,Alice Brown,69,O,First
102777,Leo Taylor,231,V,Economy
102778,David White,358,W,Economy
102779,Sara Williams,52,M,First
102780,Ivy Davis,225,G,Economy
102781,Grace Garcia,26,C,First
102782,Leo Wilson,150,C,Business
102783,Leo Williams,231,O,Economy
102784,Carol Wilson,335,P,Economy
102785,Grace Davis,232,I,Economy
102786,Ivy Wilson,62,R,First
102787,Mia Rodriguez,15,M,First
102788,Tom Harris,304,L,Economy
102789,Paul Brown,74,Q,Business
102790,Tom Johnson,321,K,Economy
102791,Noah Jones,90,I,Business
102792,Quinn Martin,62,W,First
102793,Kate Jackson,224,O,Economy
102794,Ryan Anderson,152,O,Business
102795,Noah Thomas,253,C,Economy
102796,Quinn Smith,59,Q,First
102797,Jack Anderson,336,I,Economy
102798,Mia Davis,238,I,Economy
102799,Tom Anderson,140,L,Business
102800,Ivy Anderson,124,U,Business
102801,Leo Smith,119,K,Business
102802,Ryan Smith,329,G,Economy
102803,Kate White,346,K,Economy
102804,Ivy Martin,85,P,Business
102805,Grace Johnson,80,U,Business
102806,Carol Thomas,144,G,Business
102807,David Rodriguez,250,R,Economy
102808,Grace Johnson,43,D,First
102809,David Thomas,402,R,Economy
102810,Tom Brown,58,U,First
102811,Frank Brown,145,O,Business
102812,Ivy Rodriguez,248,M,Economy
102813,Kate Harris,201,C,Business
102814,Henry Davis,382,V,Economy
102815,David Jones,253,I,Economy
102816,Paul Anderson,426,T,Economy
102817,Frank Smith,149,Z,Business
102818,Grace Wilson,249,W,Economy
102819,Tom Anderson,110,I,Business
102820,Leo Smith,353,C,Economy
102821,Quinn Garcia,239,Y,Economy
102822,Olivia Taylor,212,C,Economy
102823,Henry Johnson,18,D,First
102824,Tom White,437,G,Economy
102825,Olivia Davis,163,S,Business
102826,Grace Smith,338,L,Economy
102827,Leo Jones,227,V,Economy
102828,Paul Smith,69,L,First
102829,Eve Miller,367,J,Economy
102830,Frank Rodriguez,2,Y,First
102831,Leo Jones,299,G,Economy
102832,Kate Anderson,199,N,Business
102833,Ryan Smith,143,T,Business
102834,Quinn Martinez,326,Y,Economy
102835,Grace Anderson,130,F,Business
102836,Kate Williams,83,O,Business
102837,Jack White,237,U,Economy
102838,Olivia Taylor,290,Q,Economy
102839,Bob Martin,256,C,Economy
102840,Grace Anderson,137,M,Business
102841,Leo Rodriguez,138,I,Business
102842,Eve Miller,137,R,Business
102843,Tom Smith,93,I,Business
102844,Jack Jackson,40,I,First
102845,Kate Martinez,32,G,First
102846,Quinn Johnson,383,G,Economy
102847,Alice Jones,345,T,Economy
102848,Alice Martin,237,R,Economy
102849,Carol Davis,354,W,Economy
102850,Jack White,381,S,Economy
102851,David Davis,99,J,Business
102852,Ivy Jones,397,B,Economy
102853,Carol Miller,65,G,First
102854,David Martin,203,P,Business
102855,Paul Johnson,158,D,Business
102856,Quinn Jackson,302,B,Economy
102857,Henry Martin,363,L,Economy
102858,Ryan White,94,S,Business
102859,Kate Williams,19,Q,First
102860,Ryan Davis,59,J,First
102861,Mia Martinez,362,P,Economy
102862,Kate White,382,K,Economy
102863,Kate Jones,16,E,First
102864,Ryan Taylor,173,N,Business
102865,Eve Williams,176,R,Business
102866,Quinn Davis,432,O,Economy
102867,Jack Miller,245,N,Economy
102868,Tom Brown,29,I,First
102869,Alice Thomas,96,E,Business
102870,Grace Martin,27,L,First
102871,Alice Davis,137,P,Business
102872,Mia Brown,13,Y,First
102873,Sara Anderson,11,P,First
102874,Eve Wilson,202,H,Business
102875,Noah Anderson,290,W,Economy
102876,Tom Garcia,113,K,Business
102877,Olivia White,238,V,Economy
102878,Carol Smith,141,O,Business
102879,Eve Smith,326,N,Economy
102880,Henry Garcia,310,M,Economy
102881,Leo Thomas,4,F,First
102882,Leo Jones,277,V,Economy
102883,Noah Anderson,57,D,First
102884,Sara Taylor,438,Z,Economy
102885,Grace Davis,86,W,Business
102886,David Smith,42,S,First
102887,Eve Harris,242,H,Economy
102888,Kate Jackson,291,H,Economy
102889,Kate Garcia,208,E,Business
102890,Bob Wilson,132,I,Business
102891,Eve Rodriguez,288,R,Economy
102892,Paul Johnson,261,B,Economy
102893,Paul Harris,61,S,First
102894,Quinn Taylor,1,R,First
102895,Noah Anderson,247,Z,Economy
102896,Bob Jones,2,A,First
102897,Sara Johnson,72,H,Business
102898,Paul Taylor,322,Z,Economy
102899,Quinn Thomas,205,J,Business
102900,Eve Harris,16,C,First
102901,Paul Anderson,327,C,Economy
102902,Jack Martinez,130,B,Business
102903,Eve Jones,145,M,Business
102904,Ivy Martinez,169,W,Business
102905,Alice Harris,175,G,Business
102906,David Harris,284,T,Economy
102907,Noah Johnson,94,D,Business
102908,Eve Martinez,314,Z,Economy
102909,Sara Harris,417,A,Economy
102910,Paul Wilson,143,G,Business
102911,Frank Miller,346,J,Economy
102912,Quinn Brown,163,O,Business
102913,Bob Anderson,410,P,Economy
102914,David Johnson,15,Y,First
102915,Tom Jones,106,T,Business
102916,Frank Thomas,85,O,Business
102917,Carol Miller,325,P,Economy
102918,Leo Jones,38,C,First
102919,Noah Jackson,45,X,First
102920,Alice Rodriguez,165,Z,Business
102921,Leo Martinez,50,Y,First
102922,Ryan Taylor,24,A,First
102923,Kate Harris,270,C,Economy
102924,David Smith,188,K,Business
102925,Noah Williams,259,A,Economy
102926,Quinn Martin,99,S,Business
102927,Olivia Garcia,91,I,Business
102928,Leo White,162,P,Business
102929,Paul Davis,161,S,Business
102930,Kate Garcia,194,P,Business
102931,Carol Rodriguez,157,Z,Business
102932,Noah Martinez,429,D,Economy
102933,Ivy Smith,170,C,Business
102934,Bob Smith,275,O,Economy
102935,Bob Thomas,194,F,Business
102936,Paul Rodriguez,184,S,Business
102937,Leo Taylor,364,W,Economy
102938,Bob Thomas,459,O,Economy
102939,Mia Garcia,81,T,Business
102940,Paul Smith,52,G,First
102941,Carol Jones,203,Z,Business
102942,Bob Williams,26,R,First
102943,Alice White,287,W,Economy
102944,Ivy White,409,V,Economy
102945,Olivia Brown,266,T,Economy
102946,Ivy Miller,256,P,Economy
102947,Bob White,58,G,First
102948,Ryan Thomas,254,I,Economy
102949,David Martin,401,Z,Economy
102950,Sara Jackson,89,W,Business
102951,David Anderson,192,H,Business
102952,Sara Taylor,79,D,Business
102953,Olivia Taylor,49,J,First
102954,David Rodriguez,376,G,Economy
102955,Henry Taylor,122,Q,Business
102956,Kate Davis,16,N,First
102957,Quinn Martin,359,W,Economy
102958,David Rodriguez,189,Y,Business
102959,Quinn Martinez,347,I,Economy
102960,Ivy Thomas,83,Z,Business
102961,Henry White,437,V,Economy
102962,Grace Jones,125,N,Business
102963,Quinn Martinez,135,V,Business
102964,Ivy Jackson,401,C,Economy
102965,Carol Martinez,159,G,Business
102966,David Thomas,410,R,Economy
102967,Henry Johnson,57,H,First
102968,Carol Williams,191,D,Business
102969,Noah Johnson,31,J,First
102970,Carol Brown,298,K,Economy
102971,Eve Garcia,411,A,Economy
102972,David Jackson,272,F,Economy
102973,Ryan Martin,191,Z,Business
102974,Leo Harris,453,Q,Economy
102975,Ivy Rodriguez,14,W,First
102976,Sara Davis,348,D,Economy
102977,Henry Garcia,200,O,Business
102978,Alice Miller,61,N,First
102979,Bob Miller,241,B,Economy
102980,Paul Anderson,300,X,Economy
102981,Olivia Smith,430,C,Economy
102982,Carol Smith,67,I,First
102983,Eve Thomas,296,K,Economy
102984,Alice Wilson,257,F,Economy
102985,Carol Thomas,359,K,Economy
102986,Jack Smith,149,X,Business
102987,Carol Anderson,439,P,Economy
102988,Henry Thomas,152,T,Business
102989,Ivy Smith,345,H,Economy
102990,Eve Garcia,379,R,Economy
102991,Mia Wilson,146,D,Business
102992,Olivia Jones,33,Z,First
102993,Paul Martinez,7,E,First
102994,Leo Miller,346,P,Economy
102995,Ryan Davis,14,U,First
102996,Noah Jackson,105,N,Business
102997,Frank Martin,354,F,Economy
102998,Ivy Martinez,153,V,Business
102999,Bob Thomas,294,H,Economy
103000,Quinn Williams,313,R,Economy
103001,Kate Martin,385,E,Economy
103002,Jack Jackson,111,Y,Business
103003,Sara Thomas,328,V,Economy
103004,Grace Taylor,352,K,Economy
103005,Quinn Wilson,80,I,Business
103006,Sara White,150,R,Business
103007,Henry Johnson,202,F,Business
103008,Ivy Harris,336,S,Economy
103009,Eve Johnson,36,A,First
103010,Kate Thomas,69,F,First
103011,Mia Rodriguez,56,X,First
103012,Mia Martinez,34,U,First
103013,Carol Davis,113,T,Business
103014,Grace White,350,Z,Economy
103015,Jack Martinez,106,V,Business
103016,David Smith,416,B,Economy
103017,Leo Harris,202,X,Business
103018,Mia Anderson,188,X,Business
103019,David Rodriguez,153,H,Business
103020,Kate Jones,113,M,Business
103021,David Jones,346,D,Economy
103022,Frank Miller,371,L,Economy
103023,Ivy Wilson,130,H,Business
103024,Sara Wilson,308,M,Economy
103025,Alice Davis,42,K,First
103026,Olivia Harris,173,A,Business
103027,Sara Smith,19,C,First
103028,Ryan Thomas,384,X,Economy
103029,Noah Jackson,73,M,Business
103030,Noah Wilson,100,C,Business
103031,Quinn Martinez,205,B,Business
103032,Carol Wilson,374,L,Economy
103033,Leo White,118,H,Business
103034,Tom Rodriguez,400,T,Economy
103035,Olivia Davis,97,D,Business
103036,Quinn Anderson,308,U,Economy
103037,Leo Davis,4,K,First
103038,Olivia Rodriguez,451,P,Economy
103039,Frank Miller,199,Z,Business
103040,Henry Brown,268,Z,Economy
103041,Ryan Jones,111,J,Business
103042,Quinn Taylor,4,H,First
103043,Kate Williams,155,K,Business
103044,Kate Rodriguez,103,Y,Business
103045,Frank Anderson,88,F,Business
103046,Kate White,448,X,Economy
103047,Olivia Taylor,213,D,Economy
103048,Alice Miller,360,T,Economy
103049,Henry Martin,168,I,Business
103050,Frank Smith,329,B,Economy
103051,David Martin,196,I,Business
103052,Noah Miller,203,T,Business
103053,Mia Smith,274,W,Economy
103054,Henry Brown,9,G,First
103055,Eve Johnson,246,R,Economy
103056,Jack Davis,81,E,Business
103057,Paul Jones,161,X,Business
103058,Noah Rodriguez,141,Z,Business
103059,Leo Johnson,270,K,Economy
103060,Kate Garcia,84,K,Business
103061,Henry Martin,398,G,Economy
103062,Quinn Garcia,176,N,Business
103063,Olivia White,254,F,Economy
103064,Carol Jones,405,K,Economy
103065,Kate Williams,22,I,First
103066,Tom Rodriguez,396,D,Economy
103067,Bob Garcia,212,G,Economy
103068,Carol Anderson,173,Y,Business
103069,Ivy Brown,67,Y,First
103070,Sara Taylor,324,G,Economy
103071,Paul Davis,69,S,First
103072,Bob Taylor,358,T,Economy
103073,Quinn Anderson,50,H,First
103074,Ryan Brown,404,Y,Economy
103075,Eve Davis,349,Q,Economy
103076,Frank Martinez,411,B,Economy
103077,Jack Taylor,407,W,Economy
103078,Ivy Harris,55,S,First
103079,Leo Garcia,3,K,First
103080,Grace Wilson,215,U,Economy
103081,David Anderson,186,Y,Business
103082,Frank White,109,L,Business
103083,David Martinez,103,F,Business
103084,Carol White,261,I,Economy
103085,Tom Thomas,430,L,Economy
103086,Sara Harris,21,W,First
103087,Ryan Davis,65,I,First
103088,Mia Garcia,256,B,Economy
103089,Grace Williams,16,M,First
103090,Eve Harris,177,O,Business
103091,Eve Jones,70,T,First
103092,Kate Harris,111,M,Business
103093,Mia Rodriguez,151,O,Business
103094,Ryan Johnson,123,B,Business
103095,Mia Wilson,354,L,Economy
103096,David Williams,169,A,Business
103097,Frank Jones,70,F,First
103098,Grace Smith,259,G,Economy
103099,Jack Harris,348,F,Economy
103100,Jack Thomas,328,D,Economy
103101,Alice Williams,138,N,Business
103102,Olivia Brown,121,Y,Business
103103,Henry White,74,S,Business
103104,Sara Garcia,304,E,Economy
103105,Noah Taylor,193,U,Business
103106,David Rodriguez,344,G,Economy
103107,David Harris,386,Y,Economy
103108,Bob Thomas,260,W,Economy
103109,Leo Williams,160,Z,Business
103110,Alice Martinez,454,Y,Economy
103111,Jack Jones,152,H,Business
103112,Carol Johnson,287,N,Economy
103113,Noah Taylor,67,L,First
103114,Ivy Johnson,400,I,Economy
103115,Bob Harris,64,C,First
103116,Alice Martinez,455,Q,Economy
103117,Paul Jones,325,R,Economy
103118,David Smith,56,B,First
103119,Leo Miller,104,R,Business
103120,Tom Martinez,69,J,First
103121,Eve Davis,307,T,Economy
103122,Ryan Garcia,225,P,Economy
103123,Jack Jackson,76,C,Business
103124,Eve Wilson,197,Q,Business
103125,Mia Jackson,458,A,Economy
103126,Olivia Brown,412,O,Economy
103127,Sara Davis,209,O,Business
103128,Olivia Martin,52,P,First
103129,Tom Davis,184,Z,Business
103130,Carol Martin,192,V,Business
103131,Alice Brown,2,O,First
103132,Tom Jones,71,J,Business
103133,Eve Garcia,96,D,Business
103134,Tom Garcia,169,S,Business
103135,Carol Thomas,216,L,Economy
103136,Quinn Harris,250,O,Economy
103137,Eve Jones,218,S,Economy
103138,David Taylor,294,R,Economy
103139,Ivy Garcia,210,C,Business
103140,Bob White,209,B,Business
103141,Bob Martin,245,D,Economy
103142,Bob Williams,35,Y,First
103143,David Johnson,457,A,Economy
103144,Alice Davis,308,X,Economy
103145,Kate Wilson,5,G,First
103146,Ryan Brown,393,K,Economy
103147,Quinn Davis,191,L,Business
103148,Eve Thomas,162,U,Business
103149,Eve Jackson,152,J,Business
103150,Carol Garcia,55,O,First
103151,Tom Anderson,333,A,Economy
103152,Alice Davis,432,Z,Economy
103153,Alice Johnson,275,T,Economy
103154,Grace Anderson,100,O,Business
103155,Carol Thomas,358,U,Economy
103156,Mia Brown,99,U,Business
103157,Kate Davis,11,S,First
103158,Jack Taylor,411,J,Economy
103159,Tom Garcia,114,L,Business
103160,Kate Williams,301,V,Economy
103161,Frank Jones,71,A,Business
103162,Paul Thomas,147,Z,Business
103163,Ryan Anderson,56,K,First
103164,Eve Davis,73,N,Business
103165,Grace Smith,454,Q,Economy
103166,Leo Martinez,3,J,First
103167,Bob Miller,450,A,Economy
103168,Olivia Anderson,433,L,Economy
103169,Mia Wilson,417,G,Economy
103170,Frank Rodriguez,128,O,Business
103171,Noah Jones,137,G,Business
103172,Noah Smith,246,X,Economy
103173,Eve Jones,223,X,Economy
103174,Quinn Davis,79,T,Business
103175,Carol Jones,327,V,Economy
103176,Mia Rodriguez,239,D,Economy
103177,Mia Thomas,335,H,Economy
103178,Sara Jackson,117,F,Business
103179,Quinn Rodriguez,3,U,First
103180,Noah Martin,447,H,Economy
103181,Carol Wilson,222,A,Economy
103182,Carol White,398,B,Economy
103183,Grace White,19,V,First
103184,Bob Garcia,189,M,Business
103185,Eve Rodriguez,243,V,Economy
103186,Olivia Smith,114,F,Business
103187,Carol Anderson,353,Y,Economy
103188,Carol Harris,345,K,Economy
103189,Bob Miller,83,E,Business
103190,Leo Williams,129,U,Business
103191,Paul Garcia,345,D,Economy
103192,Sara Williams,232,K,Economy
103193,Mia Williams,210,W,Business
103194,Jack Johnson,254,K,Economy
103195,Ryan Williams,4,S,First
103196,Tom Johnson,80,F,Business
103197,Tom Martin,151,C,Business
103198,Paul Rodriguez,192,Y,Business
103199,Bob White,1,X,First
103200,Alice Harris,292,Q,Economy
103201,Frank Johnson,260,L,Economy
103202,Bob Thomas,424,T,Economy
103203,Ryan Rodriguez,230,X,Economy
103204,Ryan Thomas,275,F,Economy
103205,Sara Anderson,15,T,First
103206,Eve Rodriguez,169,Z,Business
103207,Leo Martin,135,Q,Business
103208,Eve Johnson,195,D,Business
103209,David Miller,423,G,Economy
103210,Alice Wilson,4,Y,First
103211,Quinn Williams,248,L,Economy
103212,Bob Williams,43,S,First
103213,Bob Anderson,9,H,First
103214,Henry Anderson,75,M,Business
103215,Sara Brown,26,W,First
103216,David Taylor,359,P,Economy
103217,Mia Martin,133,Z,Business
103218,Alice Rodriguez,418,M,Economy
103219,Ryan Johnson,183,D,Business
103220,Noah Miller,171,B,Business
103221,Jack Martinez,201,Z,Business
103222,Tom Williams,24,Y,First
103223,Frank Smith,334,X,Economy
103224,Henry Thomas,369,X,Economy
103225,Jack Smith,310,H,Economy
103226,Mia Taylor,198,E,Business
103227,Bob Harris,340,E,Economy
103228,Kate Miller,179,L,Business
103229,Leo Taylor,51,B,First
103230,Henry Taylor,288,X,Economy
103231,Leo Rodriguez,63,R,First
103232,Mia Davis,206,X,Business
103233,Ryan Jackson,173,I,Business
103234,Leo Martinez,55,T,First
103235,Frank White,164,Q,Business
103236,Ivy Wilson,281,O,Economy
103237,Tom Miller,177,A,Business
103238,Leo Wilson,360,Y,Economy
103239,Noah Davis,356,G,Economy
103240,Tom Anderson,361,W,Economy
103241,Grace Jones,98,C,Business
103242,Olivia White,359,B,Economy
103243,Alice Johnson,80,H,Business
103244,Quinn Smith,453,W,Economy
103245,Paul Jackson,309,J,Economy
103246,Jack Martinez,450,G,Economy
103247,Noah Harris,118,Y,Business
103248,Jack White,148,O,Business
103249,Henry Martinez,423,N,Economy
103250,Frank White,58,T,First
103251,Ryan Brown,279,B,Economy
103252,Bob Smith,138,C,Business
103253,Mia Martinez,335,J,Economy
103254,David Thomas,280,I,Economy
103255,Ivy Smith,193,Y,Business
103256,Sara Wilson,190,U,Business
103257,Olivia Martinez,95,L,Business
103258,Bob Anderson,391,N,Economy
103259,Bob Martinez,195,G,Business
103260,Frank Williams,158,U,Business
103261,Carol Harris,364,N,Economy
103262,Olivia Martinez,212,F,Economy
103263,Alice Brown,102,C,Business
103264,Leo White,39,E,First
103265,Paul Harris,79,W,Business
103266,Leo Williams,205,F,Business
103267,Eve Miller,439,T,Economy
103268,Sara Jackson,368,M,Economy
103269,Alice Smith,67,G,First
103270,Kate Garcia,77,Y,Business
103271,Sara Garcia,422,Q,Economy
103272,Bob Johnson,377,D,Economy
103273,Paul Rodriguez,452,B,Economy
103274,Carol Wilson,404,F,Economy
103275,Bob Thomas,23,M,First
103276,Mia Harris,136,A,Business
103277,Paul Brown,179,G,Business
103278,Henry Jackson,101,Z,Business
103279,Bob Garcia,37,B,First
103280,Henry Jackson,337,A,Economy
103281,Henry Taylor,410,L,Economy
103282,Olivia Garcia,128,W,Business
103283,Paul Thomas,138,U,Business
103284,Mia Harris,49,H,First
103285,Carol Rodriguez,128,Y,Business
103286,Quinn Rodriguez,138,V,Business
103287,Henry Jackson,248,K,Economy
103288,Bob Jones,451,U,Economy
103289,Ivy Miller,145,H,Business
103290,David Thomas,445,K,Economy
103291,Eve White,324,A,Economy
103292,Alice Rodriguez,47,O,First
103293,David Taylor,168,R,Business
103294,Jack Smith,383,R,Economy
103295,Carol Martin,115,V,Business
103296,Frank Martin,235,P,Economy
103297,Henry Brown,139,J,Business
103298,David Thomas,103,Q,Business
103299,Eve Martinez,423,M,Economy
103300,Jack Jones,296,S,Economy
103301,Bob Jackson,186,U,Business
103302,Jack Johnson,63,W,First
103303,Ivy Johnson,272,O,Economy
103304,Sara Harris,116,W,Business
103305,Grace Wilson,7,P,First
103306,Sara Rodriguez,81,H,Business
103307,Tom Wilson,300,M,Economy
103308,Noah Johnson,153,N,Business
103309,Carol Wilson,310,N,Economy
103310,Paul Williams,184,C,Business
103311,David Johnson,151,I,Business
103312,Henry Williams,379,I,Economy
103313,Eve Thomas,57,M,First
103314,Carol Anderson,298,J,Economy
103315,Noah Wilson,220,K,Economy
103316,Tom Brown,80,X,Business
103317,Paul Johnson,290,H,Economy
103318,Paul Johnson,134,E,Business
103319,David Harris,409,S,Economy
103320,Leo Wilson,195,W,Business
103321,David Anderson,60,K,First
103322,Olivia Davis,143,H,Business
103323,Jack Williams,35,S,First
103324,Bob Jones,169,H,Business
103325,Olivia Wilson,394,V,Economy
103326,Ryan Garcia,273,K,Economy
103327,Sara Anderson,124,E,Business
103328,Kate Taylor,46,B,First
103329,Ryan Rodriguez,331,Z,Economy
103330,Frank Harris,17,M,First
103331,Henry Miller,310,U,Economy
103332,Paul Miller,1,M,First
103333,Bob Jackson,21,N,First
103334,Leo Rodriguez,374,X,Economy
103335,Alice Miller,254,J,Economy
103336,David Miller,209,F,Business
103337,Sara Wilson,324,Q,Economy
103338,Tom Miller,283,Q,Economy
103339,Paul Miller,70,W,First
103340,Jack Davis,52,E,First
103341,Sara Smith,332,U,Economy
103342,Olivia Thomas,440,I,Economy
103343,Eve Taylor,290,B,Economy
103344,Jack Wilson,125,G,Business
103345,Ivy Harris,336,B,Economy
103346,Noah Martinez,148,A,Business
103347,Mia Miller,162,Y,Business
103348,Grace Rodriguez,15,A,First
103349,Noah Johnson,204,D,Business
103350,Paul Smith,221,S,Economy
103351,Tom Taylor,390,Y,Economy
103352,Ivy Thomas,56,N,First
103353,Alice White,295,V,Economy
103354,Ivy Thomas,123,O,Business
103355,Alice Davis,33,S,First
103356,Olivia Martinez,211,I,Economy
103357,Ryan Harris,406,O,Economy
103358,Olivia Smith,333,T,Economy
103359,Quinn Taylor,67,E,First
103360,Mia Harris,156,W,Business
103361,Noah Johnson,247,T,Economy
103362,Noah Johnson,277,R,Economy
103363,David Williams,369,F,Economy
103364,Paul Martin,216,R,Economy
103365,Frank White,421,B,Economy
103366,Eve Johnson,386,I,Economy
103367,Paul Wilson,98,V,Business
103368,Eve White,5,X,First
103369,Eve Brown,425,K,Economy
103370,Jack Taylor,411,C,Economy
103371,Jack Johnson,14,M,First
103372,Mia Johnson,457,N,Economy
103373,Tom Thomas,135,Z,Business
103374,Mia Jackson,32,J,First
103375,Noah Miller,51,L,First
103376,Noah Garcia,240,B,Economy
103377,Carol Garcia,434,R,Economy
103378,Bob Taylor,92,Z,Business
103379,Eve Williams,375,M,Economy
103380,Noah Johnson,191,P,Business
103381,David Taylor,2,S,First
103382,Olivia Wilson,225,T,Economy
103383,Henry Williams,392,U,Economy
103384,Sara Wilson,353,Z,Economy
103385,Quinn Davis,237,H,Economy
103386,Henry Garcia,179,J,Business
103387,Ryan Thomas,213,P,Economy
103388,Bob Davis,49,L,First
103389,Sara Anderson,312,O,Economy
103390,Olivia Harris,349,N,Economy
103391,Sara Thomas,231,J,Economy
103392,Quinn Johnson,169,B,Business
103393,Eve Martinez,119,M,Business
103394,Ivy Thomas,40,R,First
103395,Leo Anderson,280,G,Economy
103396,Kate Jackson,49,A,First
103397,Carol Martinez,171,V,Business
103398,Frank Harris,114,C,Business
103399,Sara Williams,55,I,First
103400,Ryan Jones,99,Q,Business
103401,Ivy Jackson,304,Y,Economy
103402,David Miller,351,I,Economy
103403,Paul Martin,7,O,First
103404,Kate Jackson,322,D,Economy
103405,Olivia Jones,403,P,Economy
103406,Alice Williams,80,D,Business
103407,Sara Taylor,77,D,Business
103408,David Anderson,14,N,First
103409,Tom Anderson,123,H,Business
103410,Leo Davis,130,Q,Business
103411,Olivia Anderson,335,W,Economy
103412,Quinn Smith,373,N,Economy
103413,Olivia Martin,138,K,Business
103414,Sara Garcia,102,X,Business
103415,Tom Rodriguez,81,S,Business
103416,Henry Smith,342,G,Economy
103417,Mia Johnson,354,T,Economy
103418,Mia Martin,222,M,Economy
103419,Bob Jones,108,Q,Business
103420,Carol Jackson,14,P,First
103421,David Davis,164,X,Business
103422,Quinn Thomas,342,E,Economy
103423,Ryan Jones,402,T,Economy
103424,Eve Jones,84,R,Business
103425,David Brown,109,U,Business
103426,Eve Martinez,35,T,First
103427,Olivia White,239,B,Economy
103428,Frank Johnson,121,H,Business
103429,Kate Jones,319,A,Economy
103430,Carol Brown,386,H,Economy
103431,Jack Davis,31,O,First
103432,Ivy Martinez,21,E,First
103433,Sara Rodriguez,215,I,Economy
103434,Paul Davis,255,Q,Economy
103435,Ivy Brown,280,V,Economy
103436,Olivia Davis,233,Q,Economy
103437,Olivia Miller,214,D,Economy
103438,Carol Smith,456,Q,Economy
103439,Tom Wilson,271,H,Economy
103440,Noah Taylor,12,U,First
103441,Olivia Taylor,165,Q,Business
103442,Jack Smith,389,J,Economy
103443,David Garcia,49,Y,First
103444,Bob Martinez,353,N,Economy
103445,Carol Miller,259,Y,Economy
103446,Eve Taylor,440,Y,Economy
103447,Mia Jackson,189,L,Business
103448,Quinn Martinez,204,O,Business
103449,Jack Wilson,110,L,Business
103450,Alice Jackson,13,X,First
103451,Tom Martinez,129,J,Business
103452,Leo Jones,125,Q,Business
103453,Sara White,379,K,Economy
103454,Tom Wilson,98,I,Business
103455,Paul Jackson,399,C,Economy
103456,Henry Johnson,362,H,Economy
103457,Paul Martin,216,P,Economy
103458,Alice Rodriguez,64,E,First
103459,Eve Miller,194,K,Business
103460,Ivy Jackson,284,J,Economy
103461,Tom Jones,38,B,First
103462,Frank Jackson,89,N,Business
103463,Leo Johnson,113,D,Business
103464,Jack Jackson,190,W,Business
103465,Tom Garcia,294,C,Economy
103466,Tom Jackson,39,Z,First
103467,Bob Brown,52,S,First
103468,Jack Williams,409,O,Economy
103469,Carol Thomas,138,G,Business
103470,Ryan Jones,83,H,Business
103471,Jack Thomas,201,O,Business
103472,Paul Thomas,174,I,Business
103473,Ivy Davis,126,M,Business
103474,Ryan Harris,247,F,Economy
103475,Leo Jackson,21,O,First
103476,Frank Thomas,92,B,Business
103477,Quinn White,43,J,First
103478,Alice Miller,325,W,Economy
103479,Henry Jones,18,M,First
103480,Quinn Jackson,236,T,Economy
103481,Frank Wilson,89,P,Business
103482,Alice Jackson,388,T,Economy
103483,Paul Johnson,186,A,Business
103484,Eve Anderson,432,T,Economy
103485,Sara Jones,385,X,Economy
103486,Ryan Martin,75,E,Business
103487,Paul Johnson,146,U,Business
103488,Leo Williams,160,J,Business
103489,Bob Jackson,163,B,Business
103490,Henry Williams,130,Y,Business
103491,Olivia Wilson,399,V,Economy
103492,Quinn Brown,74,O,Business
103493,Noah Taylor,137,S,Business
103494,Alice Jones,30,N,First
103495,Kate Wilson,143,K,Business
103496,Olivia Wilson,189,A,Business
103497,Alice Rodriguez,65,O,First
103498,Alice Smith,71,S,Business
103499,Ivy Taylor,252,B,Economy
103500,Quinn Jones,229,M,Economy
103501,Frank Rodriguez,179,K,Business
103502,Quinn Garcia,291,W,Economy
103503,David Rodriguez,345,W,Economy
103504,Noah Jones,394,A,Economy
103505,Carol Garcia,456,G,Economy
103506,David Jackson,423,L,Economy
103507,Eve Davis,91,D,Business
103508,Sara Wilson,390,X,Economy
103509,Bob Jackson,286,V,Economy
103510,Grace Davis,38,A,First
103511,Paul Johnson,244,R,Economy
103512,David Taylor,229,S,Economy
103513,Kate Martinez,151,J,Business
103514,Carol Smith,184,I,Business
103515,Mia Jones,441,Z,Economy
103516,Sara Martin,442,R,Economy
103517,Frank Martin,178,A,Business
103518,Jack Rodriguez,301,X,Economy
103519,Paul Smith,252,I,Economy
103520,Ryan Martinez,42,A,First
103521,Carol Miller,399,R,Economy
103522,Paul Brown,298,E,Economy
103523,David Smith,12,F,First
103524,Leo Martinez,91,O,Business
103525,Olivia Jackson,170,E,Business
103526,Grace Johnson,455,P,Economy
103527,Tom Taylor,268,R,Economy
103528,Tom Martin,106,W,Business
103529,Ivy Martin,286,Y,Economy
103530,Carol Martinez,62,V,First
103531,Noah Martin,17,S,First
103532,Kate Rodriguez,36,Q,First
103533,Jack Davis,4,W,First
103534,Alice Thomas,359,C,Economy
103535,Mia Miller,142,G,Business
103536,Bob Jones,3,Y,First
103537,Henry Johnson,405,Q,Economy
103538,Alice Taylor,100,S,Business
103539,Kate Anderson,38,U,First
103540,Quinn Williams,337,E,Economy
103541,Alice Williams,87,Z,Business
103542,Tom Martin,375,T,Economy
103543,Kate Miller,203,V,Business
103544,Eve Martinez,63,H,First
103545,Carol Martinez,236,S,Economy
103546,Frank Anderson,118,N,Business
103547,Mia Johnson,216,Q,Economy
103548,Jack Miller,218,J,Economy
103549,Ryan Martin,170,P,Business
103550,Noah Garcia,90,E,Business
103551,Frank Davis,13,Z,First
103552,Noah Williams,197,Y,Business
103553,Ivy Garcia,148,C,Business
103554,Carol Smith,208,K,Business
103555,Jack Thomas,138,L,Business
103556,Eve Wilson,323,T,Economy
103557,Ivy Jackson,349,P,Economy
103558,Grace Wilson,196,O,Business
103559,Henry Garcia,359,R,Economy
103560,Paul Taylor,185,M,Business
103561,Carol Jones,373,F,Economy
103562,Frank Anderson,295,L,Economy
103563,Henry Anderson,49,M,First
103564,Paul Rodriguez,21,P,First
103565,Eve Jones,158,S,Business
103566,Mia Jones,61,B,First
103567,Ryan Miller,16,R,First
103568,Leo Jones,267,J,Economy
103569,Eve Brown,396,W,Economy
103570,Leo Martin,440,M,Economy
103571,Kate Garcia,73,P,Business
103572,Noah Wilson,402,J,Economy
103573,Noah Johnson,275,R,Economy
103574,Olivia Brown,11,M,First
103575,Paul Rodriguez,225,V,Economy
103576,Henry Wilson,369,P,Economy
103577,Frank Martin,272,W,Economy
103578,Olivia White,191,J,Business
103579,Alice Anderson,447,I,Economy
103580,Mia Johnson,143,V,Business
103581,Frank Williams,45,K,First
103582,Henry Jones,115,R,Business
103583,Sara Taylor,367,N,Economy
103584,Quinn Jones,342,Q,Economy
103585,Frank Jackson,134,W,Business
103586,Grace Jones,45,I,First
103587,Jack Harris,9,L,First
103588,Leo Thomas,403,F,Economy
103589,Carol Rodriguez,336,W,Economy
103590,Ryan Davis,95,N,Business
103591,Ivy Rodriguez,364,G,Economy
103592,Tom Smith,70,K,First
103593,Grace Brown,12,K,First
103594,Ivy Brown,101,W,Business
103595,Tom Martinez,145,Z,Business
103596,Henry Rodriguez,359,D,Economy
103597,Frank Martinez,1,U,First
103598,Mia Wilson,116,I,Business
103599,Frank White,260,V,Economy
103600,Alice Brown,300,F,Economy
103601,Tom Martinez,315,O,Economy
103602,Mia Brown,416,H,Economy
103603,Tom Anderson,49,V,First
103604,Kate Williams,203,K,Business
103605,Leo Smith,217,K,Economy
103606,Mia Martinez,155,L,Business
103607,Paul Brown,49,B,First
103608,Tom Harris,165,N,Business
103609,Mia Anderson,459,A,Economy
103610,Eve Garcia,175,L,Business
103611,Quinn Anderson,437,B,Economy
103612,Ivy Martinez,394,X,Economy
103613,Kate Miller,419,J,Economy
103614,Olivia Jackson,55,V,First
103615,Frank Smith,264,M,Economy
103616,Noah White,147,H,Business
103617,Sara Thomas,199,X,Business
103618,Henry Miller,121,O,Business
103619,Bob Johnson,385,F,Economy
103620,Quinn Williams,308,C,Economy
103621,Henry Jackson,141,D,Business
103622,Carol Miller,236,R,Economy
103623,Olivia Thomas,251,A,Economy
103624,Ryan White,308,I,Economy
103625,Kate Wilson,420,P,Economy
103626,Henry Johnson,15,J,First
103627,Bob Williams,285,I,Economy
103628,Bob Martinez,22,A,First
103629,Quinn Taylor,202,J,Business
103630,Tom Smith,26,A,First
103631,Ivy Harris,281,U,Economy
103632,Mia Johnson,69,H,First
103633,Ivy Jackson,192,G,Business
103634,Grace Jones,74,R,Business
103635,Mia Martinez,137,W,Business
103636,Quinn Harris,194,W,Business
103637,Ryan White,51,E,First
103638,Noah Wilson,51,N,First
103639,Jack Williams,202,E,Business
103640,Leo Thomas,141,H,Business
103641,Eve Wilson,330,A,Economy
103642,Alice Davis,325,E,Economy
103643,Ryan Martinez,25,W,First
103644,Alice Brown,250,I,Economy
103645,Jack Johnson,269,O,Economy
103646,Alice Johnson,106,Z,Business
103647,Ivy Jones,412,Z,Economy
103648,Olivia Thomas,275,P,Economy
103649,Quinn Harris,341,Y,Economy
103650,Mia Miller,171,Y,Business
103651,Mia Smith,72,R,Business
103652,Leo Jones,316,T,Economy
103653,Tom Jones,215,O,Economy
103654,Jack Miller,150,B,Business
103655,Ivy Williams,99,P,Business
103656,Frank Jackson,189,H,Business
103657,Bob Harris,282,H,Economy
103658,Frank Williams,306,T,Economy
103659,Ivy Taylor,188,M,Business
103660,Frank Jones,226,F,Economy
103661,Olivia Smith,95,A,Business
103662,Grace Thomas,448,H,Economy
103663,Quinn Smith,352,L,Economy
103664,Eve Smith,140,K,Business
103665,Eve Anderson,300,P,Economy
103666,Grace Wilson,350,I,Economy
103667,Frank Williams,142,U,Business
103668,Alice Smith,229,H,Economy
103669,Sara Harris,436,W,Economy
103670,Kate Martin,378,D,Economy
103671,Mia Harris,284,C,Economy
103672,Eve Martin,8,J,First
103673,Alice Taylor,427,B,Economy
103674,David Williams,337,Q,Economy
103675,Alice Martinez,368,L,Economy
103676,Paul Williams,126,O,Business
103677,Jack Jones,249,F,Economy
103678,Ivy Thomas,201,M,Business
103679,Ivy Miller,220,T,Economy
103680,Paul Rodriguez,51,C,First
103681,Quinn Martinez,32,T,First
103682,Olivia Johnson,77,G,Business
103683,Noah Williams,190,N,Business
103684,Bob Williams,400,S,Economy
103685,Noah Martin,218,T,Economy
103686,Jack Wilson,85,X,Business
103687,Leo Williams,1,Z,First
103688,David Taylor,302,L,Economy
103689,Leo Jackson,449,A,Economy
103690,Mia Smith,301,S,Economy
103691,Ivy Johnson,114,P,Business
103692,Ryan Smith,459,D,Economy
103693,Bob Anderson,67,V,First
103694,Jack Harris,281,X,Economy
103695,Ryan Taylor,211,L,Economy
103696,Bob Anderson,415,A,Economy
103697,Quinn Harris,34,B,First
103698,Alice Jackson,95,R,Business
103699,Bob Thomas,404,P,Economy
103700,Carol Anderson,382,Y,Economy
103701,Tom Taylor,125,S,Business
103702,Quinn Brown,278,O,Economy
103703,Jack Davis,82,L,Business
103704,Kate Thomas,252,A,Economy
103705,Quinn Wilson,386,Z,Economy
103706,Carol Garcia,53,D,First
103707,David Anderson,142,T,Business
103708,Henry Thomas,375,Q,Economy
103709,Noah Wilson,321,Y,Economy
103710,Tom White,318,K,Economy
103711,Henry Johnson,113,Q,Business
103712,Olivia Rodriguez,440,B,Economy
103713,Leo Martin,36,U,First
103714,Tom Brown,446,I,Economy
103715,Paul Jones,127,G,Business
103716,Bob Brown,408,A,Economy
103717,Sara Martinez,203,R,Business
103718,Leo Miller,149,E,Business
103719,Bob Davis,392,R,Economy
103720,Quinn Anderson,445,J,Economy
103721,Carol Brown,365,W,Economy
103722,Kate Smith,174,W,Business
103723,Paul Jones,82,E,Business
103724,Ryan Anderson,264,X,Economy
103725,Alice White,18,R,First
103726,Noah Rodriguez,144,A,Business
103727,Ryan Jones,209,N,Business
103728,Leo Thomas,27,H,First
103729,Quinn Brown,312,M,Economy
103730,Leo Martinez,340,J,Economy
103731,Olivia Rodriguez,449,V,Economy
103732,Leo Harris,54,F,First
103733,Leo Thomas,300,U,Economy
103734,Grace White,165,W,Business
103735,Paul Martin,54,X,First
103736,Mia Miller,85,G,Business
103737,Quinn Johnson,374,O,Economy
103738,David Anderson,265,I,Economy
103739,Alice Thomas,110,S,Business
103740,Grace Wilson,425,L,Economy
103741,Henry Harris,309,A,Economy
103742,Ryan Williams,262,L,Economy
103743,Carol Martinez,332,G,Economy
103744,Noah Williams,423,H,Economy
103745,Ryan Harris,434,S,Economy
103746,Mia Thomas,7,F,First
103747,Sara Rodriguez,458,Z,Economy
103748,Leo Williams,311,O,Economy
103749,Noah White,284,Z,Economy
103750,Alice Davis,68,O,First
103751,Sara Wilson,422,V,Economy
103752,Bob Wilson,111,L,Business
103753,Ivy Rodriguez,232,V,Economy
103754,Tom Smith,341,U,Economy
103755,Noah Garcia,217,O,Economy
103756,Bob Miller,140,G,Business
103757,Henry White,367,P,Economy
103758,Kate Rodriguez,299,Z,Economy
103759,Olivia Taylor,61,P,First
103760,Eve Harris,23,W,First
103761,Henry Jones,48,M,First
103762,Frank White,162,B,Business
103763,Tom Garcia,125,L,Business
103764,Tom Smith,114,X,Business
103765,Paul Taylor,443,B,Economy
103766,Ryan Thomas,210,N,Business
103767,Henry Johnson,257,I,Economy
103768,Ivy White,76,P,Business
103769,Quinn Martin,117,S,Business
103770,Frank Smith,241,X,Economy
103771,Carol Wilson,135,N,Business
103772,Jack Brown,185,G,Business
103773,Tom Davis,313,V,Economy
103774,Jack Anderson,428,O,Economy
103775,Ivy Thomas,167,O,Business
103776,David Davis,276,B,Economy
103777,Bob Thomas,308,Z,Economy
103778,Ivy Rodriguez,27,X,First
103779,David White,171,K,Business
103780,Tom Anderson,436,V,Economy
103781,Frank Smith,224,Q,Economy
103782,Grace Miller,331,I,Economy
103783,Leo Garcia,382,P,Economy
103784,Olivia Miller,245,C,Economy
103785,Bob Garcia,428,D,Economy
103786,Carol Rodriguez,33,P,First
103787,Jack Anderson,129,E,Business
103788,Noah Garcia,142,L,Business
103789,Henry Brown,392,J,Economy
103790,Bob Taylor,355,P,Economy
103791,Bob Wilson,145,A,Business
103792,Bob Garcia,299,R,Economy
103793,Kate Anderson,96,V,Business
103794,Grace Martin,274,Q,Economy
103795,Kate White,164,O,Business
103796,Eve Williams,10,F,First
103797,Noah Martinez,178,F,Business
103798,Grace Martin,204,I,Business
103799,Grace Jackson,233,D,Economy
103800,David Thomas,64,Z,First
103801,David Brown,434,Y,Economy
103802,Kate Smith,297,U,Economy
103803,Ryan Smith,414,Y,Economy
103804,Ryan Davis,351,D,Economy
103805,Quinn Miller,401,U,Economy
103806,Leo Jones,411,U,Economy
103807,Grace Rodriguez,413,R,Economy
103808,Alice Rodriguez,172,X,Business
103809,Eve Williams,413,Y,Economy
103810,Noah Martinez,338,K,Economy
103811,Ryan Thomas,137,D,Business
103812,Paul Anderson,313,W,Economy
103813,Bob Johnson,14,C,First
103814,Mia Thomas,13,R,First
103815,Ryan Davis,398,J,Economy
103816,Sara Williams,248,H,Economy
103817,Frank Taylor,69,Y,First
103818,David Johnson,428,I,Economy
103819,Alice Miller,259,K,Economy
103820,Mia Martinez,391,M,Economy
103821,Kate Martinez,280,C,Economy
103822,David White,52,D,First
103823,Sara Williams,48,G,First
103824,David Brown,191,O,Business
103825,Henry Rodriguez,250,M,Economy
103826,Jack Williams,137,E,Business
103827,Paul Jones,169,C,Business
103828,Kate Jackson,321,H,Economy
103829,Kate Smith,393,T,Economy
103830,Jack Anderson,245,B,Economy
103831,Noah Williams,361,R,Economy
103832,Sara Davis,352,Q,Economy
103833,Bob Miller,180,V,Business
103834,Ryan Smith,393,A,Economy
103835,Bob White,211,H,Economy
103836,Kate Smith,77,W,Business
103837,Carol Taylor,104,G,Business
103838,Leo Martin,133,M,Business
103839,Noah Anderson,283,A,Economy
103840,Carol Johnson,291,X,Economy
103841,Paul Harris,397,M,Economy
103842,David Rodriguez,92,I,Business
103843,Carol Harris,177,B,Business
103844,Ryan Martin,439,V,Economy
103845,David Wilson,19,P,First
103846,Quinn Smith,263,H,Economy
103847,Henry Smith,416,G,Economy
103848,Frank Martin,337,Z,Economy
103849,Kate Jones,372,Q,Economy
103850,Noah Jones,179,B,Business
103851,Frank Johnson,237,N,Economy
103852,Jack Jones,140,Q,Business
103853,David Martin,323,Q,Economy
103854,Grace Thomas,231,F,Economy
103855,Jack Harris,6,X,First
103856,Quinn Jackson,435,D,Economy
103857,Ryan Garcia,55,P,First
103858,Frank Martin,371,P,Economy
103859,Olivia Rodriguez,122,Z,Business
103860,Carol Harris,12,C,First
103861,Olivia Anderson,426,R,Economy
103862,Jack Jackson,411,I,Economy
103863,Mia Johnson,273,Q,Economy
103864,David Garcia,259,W,Economy
103865,Ivy Martin,196,V,Business
103866,Jack Thomas,453,Z,Economy
103867,Henry Harris,76,W,Business
103868,Frank White,269,P,Economy
103869,Eve Smith,193,O,Business
103870,Jack Jones,30,C,First
103871,Ryan Thomas,356,B,Economy
103872,Carol Miller,148,S,Business
103873,Frank Taylor,191,B,Business
103874,Tom Rodriguez,308,S,Economy
103875,Paul Smith,441,A,Economy
103876,Eve Harris,7,M,First
103877,Paul Jackson,286,P,Economy
103878,David Rodriguez,424,V,Economy
103879,Leo Smith,457,R,Economy
103880,Henry Jackson,285,V,Economy
103881,Quinn Taylor,226,J,Economy
103882,Noah Garcia,30,K,First
103883,Bob Davis,4,P,First
103884,Jack White,400,R,Economy
103885,Henry Thomas,48,Y,First
103886,Frank White,153,U,Business
103887,Carol Williams,248,I,Economy
103888,Grace Rodriguez,172,H,Business
103889,Quinn Taylor,163,A,Business
103890,Mia Anderson,214,K,Economy
103891,Kate Miller,102,I,Business
103892,Carol Rodriguez,147,E,Business
103893,Olivia Jackson,78,E,Business
103894,Paul Martin,367,L,Economy
103895,Alice White,398,M,Economy
103896,Jack Davis,439,O,Economy
103897,Paul Smith,227,Z,Economy
103898,Bob Williams,52,K,First
103899,Tom White,218,Y,Economy
103900,Sara Johnson,21,F,First
103901,Quinn Garcia,363,Z,Economy
103902,Ryan Anderson,75,L,Business
103903,Frank Johnson,34,X,First
103904,Quinn Brown,322,T,Economy
103905,Kate Smith,346,C,Economy
103906,Kate Martinez,210,T,Business
103907,Ryan Jones,455,G,Economy
103908,Sara Williams,84,Z,Business
103909,David Wilson,327,G,Economy
103910,Frank Anderson,65,M,First
103911,Tom Martin,149,J,Business
103912,Mia Garcia,197,R,Business
103913,Noah Jones,117,Q,Business
103914,Olivia Anderson,441,K,Economy
103915,Grace Smith,155,O,Business
103916,Carol Davis,243,X,Economy
103917,Bob Taylor,237,B,Economy
103918,Alice Martinez,195,A,Business
103919,Sara Wilson,119,G,Business
103920,Frank Johnson,349,T,Economy
103921,David Johnson,72,L,Business
103922,Kate Miller,158,Z,Business
103923,Bob Thomas,125,M,Business
103924,Grace Thomas,195,X,Business
103925,Olivia Wilson,100,I,Business
103926,Jack Thomas,185,C,Business
103927,Eve Davis,238,Y,Economy
103928,Noah Rodriguez,386,C,Economy
103929,David White,160,Y,Business
103930,Tom Martin,185,X,Business
103931,Frank Smith,65,V,First
103932,Quinn Miller,415,W,Economy
103933,Kate Martin,189,Z,Business
103934,Olivia Johnson,193,E,Business
103935,Henry Taylor,4,V,First
103936,Jack White,352,W,Economy
103937,Grace Brown,222,Z,Economy
103938,Noah Taylor,22,G,First
103939,Mia Miller,151,U,Business
103940,Quinn Thomas,200,B,Business
103941,Leo Anderson,316,Z,Economy
103942,Quinn Davis,267,G,Economy
103943,Frank Garcia,124,X,Business
103944,Olivia Wilson,341,X,Economy
103945,Leo Miller,265,S,Economy
103946,Quinn Williams,153,L,Business
103947,Frank Miller,134,L,Business
103948,Alice Martinez,83,C,Business
103949,Grace Davis,25,N,First
103950,Jack Jackson,232,Y,Economy
103951,Kate Harris,146,T,Business
103952,Leo Thomas,210,X,Business
103953,Leo Taylor,109,Q,Business
103954,Eve Jackson,347,S,Economy
103955,Ivy White,382,Q,Economy
103956,Carol Thomas,247,S,Economy
103957,Tom Brown,253,K,Economy
103958,Alice Martinez,99,L,Business
103959,Mia Williams,208,S,Business
103960,Ivy Anderson,260,N,Economy
103961,Paul Taylor,140,U,Business
103962,Paul Thomas,456,I,Economy
103963,Ryan Brown,460,G,Economy
103964,Sara Anderson,19,N,First
103965,Paul Miller,72,I,Business
103966,Carol Martin,126,D,Business
103967,Carol Martin,236,N,Economy
103968,Kate Johnson,321,L,Economy
103969,Grace Miller,214,V,Economy
103970,Alice Jones,433,J,Economy
103971,Ryan Jones,259,P,Economy
103972,Bob Jackson,183,Z,Business
103973,Bob Jackson,156,D,Business
103974,Jack Rodriguez,164,Y,Business
103975,Quinn Anderson,145,S,Business
103976,Quinn Rodriguez,133,E,Business
103977,Leo Rodriguez,101,H,Business
103978,David Martinez,206,T,Business
103979,Eve Brown,270,W,Economy
103980,Bob Jones,25,I,First
103981,Jack Harris,173,G,Business
103982,Bob Rodriguez,144,L,Business
103983,Alice Jackson,307,J,Economy
103984,Leo Johnson,244,L,Economy
103985,Carol Johnson,443,H,Economy
103986,Ivy Jackson,179,T,Business
103987,Grace Jackson,110,O,Business
103988,Paul Wilson,170,V,Business
103989,Mia Davis,62,H,First
103990,Alice Williams,398,Z,Economy
103991,Eve Taylor,48,L,First
103992,Leo Davis,85,M,Business
103993,Ryan Wilson,58,D,First
103994,Tom Brown,152,I,Business
103995,Grace Rodriguez,448,C,Economy
103996,Ivy Martinez,417,K,Economy
103997,Carol Thomas,319,K,Economy
103998,Kate Brown,283,Z,Economy
103999,Sara Williams,391,O,Economy
104001,Ryan Garcia,356,I,Economy
104002,Frank Martin,124,D,Business
104003,Noah Jones,142,Z,Business
104004,Frank Brown,391,W,Economy
104005,Alice Anderson,100,T,Business
104006,Noah Brown,152,S,Business
104007,Paul Miller,368,I,Economy
104008,Bob Jones,445,U,Economy
104009,David Anderson,186,P,Business
104010,Sara Harris,293,V,Economy
104011,Kate Anderson,70,Q,First
104012,Bob Williams,421,R,Economy
104013,Paul Martin,106,H,Business
104014,Ryan Davis,10,O,First
104015,Eve Thomas,358,K,Economy
104016,Paul Smith,115,O,Business
104017,Noah Williams,16,W,First
104018,Paul White,403,Q,Economy
104019,Jack Martinez,46,P,First
104020,Eve Anderson,10,L,First
104021,Ivy Harris,234,R,Economy
104022,Grace White,278,U,Economy
104023,Frank Taylor,406,B,Economy
104024,Paul Martinez,236,D,Economy
104025,Kate Smith,78,J,Business
104026,Kate Jones,252,R,Economy
104027,Leo Anderson,399,L,Economy
104028,Mia Garcia,114,T,Business
104029,Olivia Smith,304,C,Economy
104030,Frank Jackson,399,O,Economy
104031,Sara Smith,366,H,Economy
104032,Eve Jackson,32,B,First
104033,Ryan Martin,65,E,First
104034,Sara Miller,442,K,Economy
104035,Kate Williams,72,E,Business
104036,Olivia Martinez,244,D,Economy
104037,Henry Rodriguez,191,N,Business
104038,Jack Harris,231,C,Economy
104039,Alice White,438,Q,Economy
104040,Eve Brown,4,I,First
104041,Ryan Rodriguez,374,K,Economy
104042,Quinn Garcia,430,W,Economy
104043,Paul Williams,329,K,Economy
104044,Sara Martinez,407,C,Economy
104045,Ryan Wilson,303,S,Economy
104046,David Jones,439,S,Economy
104047,David Jones,310,A,Economy
104048,Grace Garcia,107,P,Business
104049,Leo Anderson,101,F,Business
104050,Olivia Jackson,314,Q,Economy
104051,Noah Jackson,337,I,Economy
104052,Ryan Miller,388,Q,Economy
104053,Bob Garcia,181,I,Business
104054,Grace Miller,276,U,Economy
104055,Paul Davis,447,B,Economy
104056,Leo Harris,190,Z,Business
104057,Leo Garcia,124,W,Business
104058,Paul Martin,125,X,Business
104059,Ryan Taylor,8,C,First
104060,Jack Martin,87,H,Business
104061,Kate Martin,357,Z,Economy
104062,Frank Miller,255,A,Economy
104063,Leo Wilson,84,S,Business
104064,Henry Martin,148,P,Business
104065,Noah Davis,205,Q,Business
104066,Ivy Davis,157,O,Business
104067,Ryan Johnson,394,Q,Economy
104068,Bob Martinez,6,L,First
104069,Noah Smith,16,I,First
104070,Frank Anderson,201,J,Business
104071,Paul Wilson,283,B,Economy
104072,Tom Taylor,3,L,First
104073,Quinn Rodriguez,155,Z,Business
104074,Quinn Thomas,295,S,Economy
104075,Ivy Miller,70,L,First
104076,Alice Miller,92,Q,Business
104077,Leo Davis,81,F,Business
104078,Sara Rodriguez,73,B,Business
104079,Grace Taylor,95,H,Business
104080,Paul Martinez,92,H,Business
104081,Leo Wilson,32,N,First
104082,Frank Brown,415,U,Economy
104083,David Anderson,22,O,First
104084,David Smith,103,R,Business
104085,David Anderson,56,L,First
104086,Eve Taylor,336,K,Economy
104087,Leo Rodriguez,98,K,Business
104088,Mia Williams,129,G,Business
104089,Quinn Martin,361,J,Economy
104090,Ryan Martin,184,T,Business
104091,Mia Taylor,99,I,Business
104092,Mia Martinez,189,V,Business
104093,Eve Harris,431,L,Economy
104094,Mia Martin,309,Q,Economy
104095,Kate Martinez,284,M,Economy
104096,Kate Johnson,227,C,Economy
104097,Olivia Martinez,426,X,Economy
104098,Mia Harris,340,S,Economy
104099,Eve Miller,297,C,Economy
104100,Jack Martinez,169,D,Business
104101,David Anderson,87,S,Business
104102,Bob Rodriguez,52,Z,First
104103,Noah Martinez,194,I,Business
104104,Paul Rodriguez,76,S,Business
104105,Noah Rodriguez,193,G,Business
104106,Leo Brown,187,I,Business
104107,Grace Miller,130,D,Business
104108,Eve Jackson,413,M,Economy
104109,Eve Taylor,75,Y,Business
104110,Alice Wilson,262,W,Economy
104111,Olivia Rodriguez,347,O,Economy
104112,Alice Jackson,385,B,Economy
104113,Kate Martinez,160,R,Business
104114,Ryan Davis,449,S,Economy
104115,Ryan Taylor,442,V,Economy
104116,Alice Davis,147,Q,Business
104117,Olivia Davis,232,O,Economy
104118,Tom Williams,57,Z,First
104119,Noah Rodriguez,185,P,Business
104120,Tom White,59,C,First
104121,Ivy Garcia,287,B,Economy
104122,Henry White,344,U,Economy
104123,Eve Taylor,227,L,Economy
104124,Tom Wilson,138,O,Business
104125,Noah Jones,60,A,First
104126,David Martin,26,M,First
104127,Bob Davis,403,W,Economy
104128,Carol Harris,406,Q,Economy
104129,Sara Davis,65,X,First
104130,Olivia Johnson,189,C,Business
104131,Eve Garcia,118,K,Business
104132,Henry Thomas,449,F,Economy
104133,Sara Anderson,57,N,First
104134,Paul Wilson,23,R,First
104135,Frank Williams,106,S,Business
104136,Paul Thomas,184,G,Business
104137,Grace Rodriguez,23,G,First
104138,Eve Rodriguez,95,D,Business
104139,Noah Martinez,44,Z,First
104140,Grace Wilson,427,R,Economy
104141,Kate Davis,162,G,Business
104142,Ivy Brown,282,Y,Economy
104143,Ryan Rodriguez,29,T,First
104144,Tom Anderson,277,K,Economy
104145,Leo Jackson,135,H,Business
104146,Sara Rodriguez,232,C,Economy
104147,Bob Martinez,421,G,Economy
104148,Noah Thomas,190,S,Business
104149,David White,152,M,Business
104150,Olivia Martin,194,O,Business
104151,Olivia Davis,271,A,Economy
104152,Alice Williams,82,I,Business
104153,Kate Garcia,77,Q,Business
104154,Henry Davis,244,Y,Economy
104155,Tom Wilson,271,K,Economy
104156,Ivy Rodriguez,193,C,Business
104157,Kate Rodriguez,420,E,Economy
104158,Carol Williams,99,D,Business
104159,Bob Martinez,1,D,First
104160,Jack Smith,289,N,Economy
104161,Mia White,175,V,Business
104162,Olivia Miller,172,J,Business
104163,David Brown,50,V,First
104164,Carol Jones,403,O,Economy
104165,Alice Martinez,268,H,Economy
104166,David Garcia,133,A,Business
104167,Quinn Thomas,132,D,Business
104168,David Harris,402,Q,Economy
104169,Ivy Smith,352,U,Economy
104170,Carol Smith,385,N,Economy
104171,Grace Rodriguez,419,I,Economy
104172,Ryan White,220,P,Economy
104173,Kate Garcia,380,P,Economy
104174,Frank Brown,189,S,Business
104175,Bob Harris,67,H,First
104176,Leo Johnson,424,I,Economy
104177,David Williams,208,F,Business
104178,Olivia Anderson,421,L,Economy
104179,Olivia Jackson,323,G,Economy
104180,Sara Wilson,8,Q,First
104181,Carol Jones,454,W,Economy
104182,Carol Thomas,136,K,Business
104183,Quinn Williams,369,J,Economy
104184,Noah Jones,53,Z,First
104185,Jack Harris,415,X,Economy
104186,Tom Davis,220,I,Economy
104187,Sara Johnson,302,U,Economy
104188,Jack Taylor,167,A,Business
104189,Ivy Martin,24,I,First
104190,Olivia Johnson,299,T,Economy
104191,David Thomas,289,Z,Economy
104192,Alice White,384,E,Economy
104193,Noah Thomas,293,X,Economy
104194,Leo Harris,200,G,Business
104195,Bob Jones,399,H,Economy
104196,Jack Rodriguez,185,I,Business
104197,Henry Harris,245,M,Economy
104198,Grace Anderson,241,T,Economy
104199,Mia Jackson,405,T,Economy
104200,Henry Anderson,203,L,Business
104201,Frank Harris,401,T,Economy
104202,Sara Thomas,305,Y,Economy
104203,Frank Jackson,312,F,Economy
104204,Henry Harris,313,L,Economy
104205,Ivy Rodriguez,204,S,Business
104206,Henry Brown,57,Y,First
104207,Frank Anderson,151,A,Business
104208,Bob Williams,413,B,Economy
104209,Mia Martin,156,E,Business
104210,Grace Johnson,84,B,Business
104211,Frank Brown,173,D,Business
104212,Tom Rodriguez,43,T,First
104213,Alice Anderson,429,P,Economy
104214,Ryan Garcia,277,B,Economy
104215,Quinn Brown,315,R,Economy
104216,Sara Anderson,259,F,Economy
104217,Leo Thomas,324,N,Economy
104218,Kate Wilson,266,O,Economy
104219,Mia Smith,443,N,Economy
104220,Quinn Martin,135,E,Business
104221,Paul Miller,454,G,Economy
104222,Quinn Anderson,444,N,Economy
104223,Paul White,319,M,Economy
104224,David Davis,237,C,Economy
104225,Carol Brown,431,Q,Economy
104226,Olivia Davis,167,F,Business
104227,Kate Thomas,204,C,Business
104228,David Anderson,173,V,Business
104229,David Johnson,228,Q,Economy
104230,Quinn Miller,158,K,Business
104231,Paul Miller,238,K,Economy
104232,David Martin,207,I,Business
104233,David Brown,389,T,Economy
104234,Mia Miller,144,V,Business
104235,Leo Anderson,92,P,Business
104236,Bob Harris,262,O,Economy
104237,Tom Miller,269,W,Economy
104238,Olivia Martin,107,U,Business
104239,Mia Brown,14,Q,First
104240,Noah Anderson,59,M,First
104241,Ryan Martin,98,O,Business
104242,Grace Johnson,230,P,Economy
104243,Mia Davis,31,Z,First
104244,Carol Jones,270,D,Economy
104245,Paul Johnson,286,F,Economy
104246,Leo Brown,446,Q,Economy
104247,Ryan Wilson,93,K,Business
104248,Henry Wilson,86,P,Business
104249,Sara Jones,440,O,Economy
104250,Mia Johnson,85,J,Business
104251,Paul Williams,44,C,First
104252,Paul Thomas,165,P,Business
104253,Paul Harris,186,T,Business
104254,Grace White,369,W,Economy
104255,Grace Smith,369,H,Economy
104256,Ryan Jones,134,K,Business
104257,Frank Johnson,450,V,Economy
104258,Henry Smith,121,D,Business
104259,Quinn Harris,134,P,Business
104260,Kate Brown,218,D,Economy
104261,Leo Harris,80,Y,Business
104262,Eve Jones,203,D,Business
104263,Eve Brown,13,F,First
104264,Jack Martin,157,B,Business
104265,Alice Wilson,167,Z,Business
104266,Tom Brown,189,D,Business
104267,Kate Smith,432,X,Economy
104268,Frank Jackson,51,M,First
104269,Alice Miller,184,H,Business
104270,Paul Williams,81,U,Business
104271,Eve Harris,273,I,Economy
104272,Leo Anderson,168,X,Business
104273,Henry Anderson,66,R,First
104274,Paul Wilson,224,B,Economy
104275,Tom Martinez,384,Z,Economy
104276,Mia Davis,19,D,First
104277,Henry Martin,80,O,Business
104278,David Thomas,88,B,Business
104279,Frank Anderson,324,C,Economy
104280,Noah Brown,293,M,Economy
104281,Quinn Wilson,344,T,Economy
104282,Henry Johnson,299,S,Economy
104283,Jack Harris,56,J,First
104284,Ryan Rodriguez,360,L,Economy
104285,Frank Garcia,52,Y,First
104286,Leo Martinez,323,P,Economy
104287,Leo Taylor,273,X,Economy
104288,Mia Rodriguez,79,F,Business
104289,Jack Garcia,378,O,Economy
104290,Eve Davis,437,K,Economy
104291,Paul Thomas,152,N,Business
104292,Noah Johnson,171,A,Business
104293,Carol Garcia,150,X,Business
104294,Quinn Rodriguez,379,W,Economy
104295,Alice Smith,400,Y,Economy
104296,Grace Martin,148,R,Business
104297,Kate Davis,410,F,Economy
104298,Noah Jones,86,N,Business
104299,Olivia Harris,218,W,Economy
104300,Leo Martin,5,E,First
104301,Ryan Martinez,64,J,First
104302,David Johnson,179,D,Business
104303,Tom Smith,386,Q,Economy
104304,Sara Brown,161,N,Business
104305,Alice Martinez,377,X,Economy
104306,Noah Harris,313,O,Economy
104307,Ryan Harris,424,N,Economy
104308,David Johnson,437,T,Economy
104309,David Brown,398,C,Economy
104310,Frank Jackson,22,Y,First
104311,Ivy Jones,142,E,Business
104312,Sara Williams,319,V,Economy
104313,Kate Martinez,431,U,Economy
104314,Henry Rodriguez,88,M,Business
104315,Sara Anderson,174,O,Business
104316,Henry Martin,399,E,Economy
104317,Leo Martinez,107,I,Business
104318,Olivia Martinez,67,D,First
104319,Ivy Anderson,158,R,Business
104320,Grace White,137,J,Business
104321,Quinn Rodriguez,126,K,Business
104322,Quinn Taylor,104,T,Business
104323,Paul Miller,15,I,First
104324,Sara Miller,439,H,Economy
104325,Quinn Martinez,351,C,Economy
104326,David Garcia,243,T,Economy
104327,Bob Harris,388,E,Economy
104328,Eve Williams,63,A,First
104329,Kate Williams,143,W,Business
104330,Frank Martin,275,C,Economy
104331,Sara Jones,275,E,Economy
104332,Carol Jones,72,P,Business
104333,Quinn Wilson,252,Y,Economy
104334,Leo Wilson,129,B,Business
104335,Olivia Williams,96,U,Business
104336,Ryan Anderson,285,A,Economy
104337,Jack Taylor,116,M,Business
104338,Olivia Martin,110,G,Business
104339,Tom Rodriguez,17,D,First
104340,Tom Anderson,153,W,Business
104341,Ryan Taylor,118,Z,Business
104342,Leo Wilson,209,J,Business
104343,Alice Rodriguez,75,R,Business
104344,Frank Davis,441,J,Economy
104345,Ivy Martin,294,Q,Economy
104346,Henry Jackson,360,F,Economy
104347,Eve Martinez,109,O,Business
104348,Mia Martin,125,I,Business
104349,Ivy Martinez,76,I,Business
104350,Quinn Williams,164,A,Business
104351,Alice Johnson,416,L,Economy
104352,Leo Davis,265,U,Economy
104353,Noah Miller,98,F,Business
104354,Carol Brown,338,O,Economy
104355,Ryan Rodriguez,132,G,Business
104356,Bob Jackson,353,R,Economy
104357,Noah Jones,103,Z,Business
104358,Ryan Taylor,289,T,Economy
104359,Carol White,12,E,First
104360,David Johnson,179,X,Business
104361,Henry Jackson,456,Z,Economy
104362,Mia Jones,237,K,Economy
104363,Jack Smith,78,D,Business
104364,Mia Miller,167,B,Business
104365,Leo Wilson,394,D,Economy
104366,Noah Harris,165,L,Business
104367,Olivia Martin,194,Y,Business
104368,Ivy Wilson,60,E,First
104369,Tom Wilson,237,I,Economy
104370,Leo Wilson,400,A,Economy
104371,Quinn Martinez,6,P,First
104372,Jack Martin,162,O,Business
104373,Eve Anderson,62,D,First
104374,Frank Brown,17,N,First
104375,Alice Smith,286,N,Economy
104376,Jack White,136,H,Business
104377,Olivia Garcia,192,M,Business
104378,David Smith,74,C,Business
104379,Bob Garcia,139,S,Business
104380,Jack Garcia,25,F,First
104381,Noah Johnson,145,P,Business
104382,David Jones,91,L,Business
104383,Ivy Wilson,411,Y,Economy
104384,Kate Thomas,200,L,Business
104385,Kate Martinez,153,M,Business
104386,David Smith,272,L,Economy
104387,Eve Williams,281,W,Economy
104388,Tom Jackson,159,D,Business
104389,Jack White,341,S,Economy
104390,Ivy Garcia,436,B,Economy
104391,Noah Thomas,141,L,Business
104392,Eve Anderson,253,Q,Economy
104393,Kate Jones,70,I,First
104394,Olivia Harris,44,O,First
104395,Kate Williams,314,H,Economy
104396,Alice Harris,19,R,First
104397,Tom Taylor,259,T,Economy
104398,Frank Davis,408,H,Economy
104399,Sara Wilson,158,W,Business
104400,Bob Anderson,146,H,Business
104401,Bob Brown,254,Y,Economy
104402,Quinn Jackson,374,C,Economy
104403,Grace Miller,188,Z,Business
104404,Noah Jones,54,W,First
104405,Frank Taylor,165,K,Business
104406,Jack Miller,430,T,Economy
104407,Noah Martinez,107,L,Business
104408,Kate White,377,M,Economy
104409,Henry Davis,27,W,First
104410,Alice Rodriguez,391,Q,Economy
104411,Noah Brown,412,K,Economy
104412,Noah Rodriguez,325,K,Economy
104413,David Rodriguez,71,H,Business
104414,Bob Williams,137,A,Business
104415,Kate Martinez,295,W,Economy
104416,Noah Martin,91,P,Business
104417,Frank Garcia,306,O,Economy
104418,Leo Thomas,173,X,Business
104419,Carol Williams,103,L,Business
104420,Quinn Jones,5,Z,First
104421,Frank Jones,206,C,Business
104422,Frank Brown,192,X,Business
104423,David Martinez,54,V,First
104424,Noah Smith,154,B,Business
104425,Noah Martinez,335,N,Economy
104426,Mia Miller,12,Z,First
104427,Ivy Smith,378,A,Economy
104428,Quinn Johnson,443,E,Economy
104429,Olivia Jones,104,W,Business
104430,Grace Martinez,390,F,Economy
104431,Tom Davis,166,E,Business
104432,David Brown,101,G,Business
104433,Jack Garcia,403,T,Economy
104434,Paul Martinez,138,F,Business
104435,Mia Thomas,451,L,Economy
104436,Quinn Johnson,161,J,Business
104437,Frank Williams,203,W,Business
104438,Grace Martinez,32,D,First
104439,Noah Wilson,391,R,Economy
104440,Grace Thomas,271,Y,Economy
104441,Jack Garcia,323,N,Economy
104442,Mia Jackson,92,F,Business
104443,Quinn White,70,P,First
104444,Frank Martin,124,P,Business
104445,Grace Wilson,339,K,Economy
104446,Tom Harris,393,I,Economy
104447,Henry Jones,261,R,Economy
104448,Sara Garcia,120,G,Business
104449,Carol Harris,186,Q,Business
104450,Bob Rodriguez,89,A,Business
104451,Quinn Garcia,179,O,Business
104452,Kate Martinez,43,W,First
104453,Eve Johnson,22,P,First
104454,Paul Garcia,296,O,Economy
104455,Mia Davis,45,A,First
104456,Sara Wilson,192,T,Business
104457,Tom Garcia,339,F,Economy
104458,Henry Martin,317,N,Economy
104459,Quinn Davis,66,P,First
104460,Quinn Rodriguez,430,E,Economy
104461,Frank Thomas,148,Y,Business
104462,Jack Jones,315,K,Economy
104463,Frank Williams,28,E,First
104464,Sara Brown,330,B,Economy
104465,Carol Thomas,44,T,First
104466,Tom Martin,185,N,Business
104467,Leo Anderson,215,S,Economy
104468,Mia Martin,29,V,First
104469,Ivy Johnson,34,J,First
104470,Grace Harris,244,G,Economy
104471,Frank White,103,I,Business
104472,Frank Davis,94,Z,Business
104473,Frank Martinez,275,Z,Economy
104474,Paul Rodriguez,137,Y,Business
104475,Ryan Smith,305,B,Economy
104476,Bob White,291,Q,Economy
104477,Quinn Martinez,75,W,Business
104478,Henry Taylor,226,S,Economy
104479,Olivia Anderson,93,R,Business
104480,Leo Garcia,123,L,Business
104481,Jack Harris,67,W,First
104482,Kate Jones,174,N,Business
104483,Alice Jones,92,R,Business
104484,Henry Anderson,121,A,Business
104485,Olivia Thomas,410,Q,Economy
104486,Quinn Davis,349,K,Economy
104487,Grace Johnson,351,X,Economy
104488,Kate Taylor,50,F,First
104489,Jack Harris,155,Y,Business
104490,Alice Smith,460,H,Economy
104491,Carol Harris,273,Y,Economy
104492,Mia Johnson,65,W,First
104493,Grace Brown,174,C,Business
104494,Mia Smith,201,D,Business
104495,Grace Jones,154,G,Business
104496,Ivy Wilson,395,L,Economy
104497,Carol Anderson,48,T,First
104498,Jack Harris,178,O,Business
104499,Ryan Wilson,47,Y,First
104500,Eve Davis,64,L,First
104501,Sara Harris,425,S,Economy
104502,Mia White,42,M,First
104503,Paul Smith,154,E,Business
104504,Bob Martinez,337,D,Economy
104505,Bob Rodriguez,438,G,Economy
104506,Jack Taylor,334,S,Economy
104507,Kate Miller,91,C,Business
104508,Jack Brown,136,T,Business
104509,Mia Martin,256,Z,Economy
104510,Alice Williams,370,Q,Economy
104511,Ryan Rodriguez,388,G,Economy
104512,Sara Jones,48,Z,First
104513,David Wilson,184,K,Business
104514,Eve Jones,453,E,Economy
104515,Olivia Miller,298,W,Economy
104516,David Anderson,70,N,First
104517,Mia Smith,403,U,Economy
104518,David White,256,K,Economy
104519,Paul Taylor,105,E,Business
104520,Tom Anderson,385,O,Economy
104521,Kate Wilson,47,S,First
104522,Paul Jackson,262,D,Economy
104523,Leo Rodriguez,95,O,Business
104524,Jack Wilson,235,F,Economy
104525,Olivia Taylor,3,I,First
104526,Mia Smith,56,G,First
104527,Frank Brown,372,D,Economy
104528,Ivy Williams,379,Z,Economy
104529,Jack Johnson,171,Q,Business
104530,Sara Williams,396,G,Economy
104531,Tom Martinez,122,P,Business
104532,Carol Thomas,68,T,First
104533,Kate Johnson,160,D,Business
104534,Sara Martinez,428,S,Economy
104535,Jack Anderson,332,Z,Economy
104536,Noah Smith,148,V,Business
104537,Ryan Jones,239,M,Economy
104538,Grace Thomas,87,G,Business
104539,Bob White,188,A,Business
104540,Ryan Brown,164,G,Business
104541,Kate Smith,390,D,Economy
104542,Frank Garcia,203,N,Business
104543,Eve Brown,190,L,Business
104544,Quinn Harris,67,X,First
104545,Kate Wilson,138,P,Business
104546,David Martinez,55,C,First
104547,Ivy Harris,154,M,Business
104548,Carol Harris,126,P,Business
104549,Jack Wilson,30,T,First
104550,Olivia Martin,395,P,Economy
104551,Ivy Martinez,16,J,First
104552,Eve White,309,L,Economy
104553,Frank Johnson,406,C,Economy
104554,Ivy Smith,362,I,Economy
104555,David Wilson,445,L,Economy
104556,Henry Thomas,446,L,Economy
104557,Ivy Martinez,195,B,Business
104558,David Harris,72,T,Business
104559,Sara Davis,420,Q,Economy
104560,Frank Johnson,122,D,Business
104561,Eve Thomas,433,B,Economy
104562,Grace Rodriguez,68,Z,First
104563,Tom Williams,83,N,Business
104564,Sara Johnson,56,Y,First
104565,Henry Brown,409,L,Economy
104566,Paul Anderson,114,E,Business
104567,Noah Davis,351,F,Economy
104568,Ryan Johnson,51,Y,First
104569,Henry White,377,H,Economy
104570,Ryan Jackson,105,D,Business
104571,Olivia Davis,45,P,First
104572,Ryan Brown,346,G,Economy
104573,Quinn White,447,S,Economy
104574,Quinn Thomas,125,Z,Business
104575,Tom White,276,J,Economy
104576,Ivy Johnson,159,B,Business
104577,Sara Jones,410,H,Economy
104578,Sara Williams,61,T,First
104579,Carol Harris,156,A,Business
104580,Frank Williams,148,H,Business
104581,Bob Miller,427,V,Economy
104582,Frank Johnson,341,L,Economy
104583,Sara Davis,333,U,Economy
104584,Tom Martin,303,O,Economy
104585,Paul Williams,35,M,First
104586,Henry Davis,305,Z,Economy
104587,Ryan Martinez,199,G,Business
104588,Frank Johnson,99,M,Business
104589,Quinn Martin,140,V,Business
104590,Tom Jones,144,B,Business
104591,Noah Jones,55,H,First
104592,Carol Wilson,94,G,Business
104593,Bob Jones,34,D,First
104594,Eve Jones,103,V,Business
104595,Grace White,80,K,Business
104596,Alice Jones,440,C,Economy
104597,Ivy Wilson,357,N,Economy
104598,Alice Taylor,191,R,Business
104599,Grace Martin,78,N,Business
104600,Leo Anderson,227,X,Economy
104601,Grace Miller,16,A,First
104602,Carol Johnson,450,B,Economy
104603,Mia Martinez,288,O,Economy
104604,Noah White,48,I,First
104605,Ivy White,68,E,First
104606,Olivia Williams,63,Q,First
104607,David Martin,187,U,Business
104608,Eve Garcia,252,L,Economy
104609,Alice Garcia,100,M,Business
104610,Mia Williams,304,M,Economy
104611,Kate Williams,127,S,Business
104612,Paul Davis,76,H,Business
104613,Eve White,401,H,Economy
104614,Frank Jackson,179,Y,Business
104615,Quinn White,13,S,First
104616,Bob Miller,247,B,Economy
104617,Quinn Jackson,360,K,Economy
104618,Tom Taylor,155,V,Business
104619,Alice Wilson,12,I,First
104620,Ryan Anderson,371,H,Economy
104621,Tom Garcia,31,L,First
104622,Tom Jackson,332,A,Economy
104623,Sara Davis,176,G,Business
104624,Ryan Martinez,161,V,Business
104625,Henry Harris,229,U,Economy
104626,Leo Rodriguez,181,C,Business
104627,Kate Anderson,157,P,Business
104628,Jack Jones,251,U,Economy
104629,Alice Anderson,98,X,Business
104630,Sara Wilson,46,W,First
104631,Tom Wilson,123,R,Business
104632,Alice Davis,299,Q,Economy
104633,Henry Smith,109,G,Business
104634,Alice Smith,163,T,Business
104635,Henry Anderson,236,O,Economy
104636,David Anderson,79,H,Business
104637,Mia Miller,40,C,First
104638,Carol Johnson,372,S,Economy
104639,Ryan Rodriguez,314,G,Economy
104640,Carol Rodriguez,94,X,Business
104641,Bob Miller,60,S,First
104642,Olivia Williams,106,G,Business
104643,Jack Jackson,237,X,Economy
104644,Ivy Miller,285,H,Economy
104645,Mia Martin,393,U,Economy
104646,David Smith,378,W,Economy
104647,Quinn Thomas,66,C,First
104648,Noah Martinez,258,Y,Economy
104649,Paul Wilson,109,Z,Business
104650,Eve Rodriguez,270,L,Economy
104651,Paul Smith,282,G,Economy
104652,Alice Davis,300,Y,Economy
104653,Mia Anderson,150,T,Business
104654,Leo Rodriguez,159,F,Business
104655,Ryan Wilson,100,R,Business
104656,Ivy Wilson,278,Y,Economy
104657,Tom Smith,458,G,Economy
104658,Mia Rodriguez,397,P,Economy
104659,Kate Harris,131,A,Business
104660,Alice Brown,108,V,Business
104661,Alice Davis,277,Y,Economy
104662,Ryan Smith,109,S,Business
104663,Leo Jackson,248,D,Economy
104664,Tom Jones,317,P,Economy
104665,Olivia Harris,437,Y,Economy
104666,Frank Wilson,209,Y,Business
104667,Henry Taylor,202,Q,Business
104668,Frank Johnson,452,N,Economy
104669,Paul Martinez,152,Z,Business
104670,Mia Martin,257,W,Economy
104671,Tom Davis,396,A,Economy
104672,Kate Martin,284,I,Economy
104673,Bob Martin,212,N,Economy
104674,Grace Smith,254,O,Economy
104675,Henry Smith,106,M,Business
104676,Mia Jones,315,D,Economy
104677,Noah Williams,155,N,Business
104678,Jack Miller,298,M,Economy
104679,Kate Brown,119,J,Business
104680,Ivy Martinez,83,A,Business
104681,Quinn White,183,E,Business
104682,Henry Johnson,10,N,First
104683,Henry Garcia,171,S,Business
104684,Noah Davis,48,J,First
104685,Sara Miller,407,K,Economy
104686,Henry Brown,147,N,Business
104687,David Harris,64,S,First
104688,Leo Thomas,202,C,Business
104689,Paul Harris,119,P,Business
104690,Frank Wilson,239,Q,Economy
104691,Mia Smith,433,Q,Economy
104692,Carol Garcia,280,J,Economy
104693,Frank Rodriguez,79,M,Business
104694,Bob Williams,355,M,Economy
104695,Ryan Thomas,153,Q,Business
104696,Mia Jones,281,T,Economy
104697,Jack Brown,97,Z,Business
104698,Jack Anderson,259,Q,Economy
104699,Henry Johnson,60,W,First
104700,Alice Martin,109,T,Business
104701,David Brown,142,Y,Business
104702,Alice Martinez,357,B,Economy
104703,Kate Garcia,32,Q,First
104704,Olivia Wilson,97,M,Business
104705,Bob Thomas,65,B,First
104706,Henry Thomas,50,X,First
104707,Leo Brown,177,W,Business
104708,Carol Taylor,272,G,Economy
104709,Kate Jackson,114,M,Business
104710,Alice Taylor,432,G,Economy
104711,David Miller,56,P,First
104712,Noah Smith,4,N,First
104713,Ryan Smith,226,C,Economy
104714,Eve Brown,58,X,First
104715,Ryan Williams,40,F,First
104716,Paul Garcia,328,G,Economy
104717,Sara Martin,140,T,Business
104718,Carol Taylor,259,I,Economy
104719,Kate Johnson,307,V,Economy
104720,Alice Johnson,242,Q,Economy
104721,Ivy Jones,1,E,First
104722,Bob Harris,87,O,Business
104723,Sara White,193,J,Business
104724,Frank Davis,369,M,Economy
104725,Leo Martin,52,Q,First
104726,Alice Jackson,143,Z,Business
104727,Paul Brown,122,X,Business
104728,Paul Garcia,158,F,Business
104729,Mia Thomas,82,F,Business
104730,Ivy Rodriguez,162,A,Business
104731,Grace Rodriguez,140,I,Business
104732,Mia Williams,443,C,Economy
104733,Jack Miller,343,D,Economy
104734,Grace Williams,182,B,Business
104735,Henry Williams,438,R,Economy
104736,Quinn Davis,139,I,Business
104737,Quinn Taylor,371,Z,Economy
104738,Leo Jackson,198,I,Business
104739,Sara Anderson,350,O,Economy
104740,Jack Harris,207,L,Business
104741,Eve Rodriguez,399,G,Economy
104742,Leo Thomas,204,T,Business
104743,Kate Jackson,16,V,First
104744,Henry Brown,358,P,Economy
104745,Jack Williams,251,J,Economy
104746,Eve Jackson,118,W,Business
104747,David Martin,414,N,Economy
104748,Carol Garcia,110,M,Business
104749,David White,62,J,First
104750,Quinn Martinez,172,A,Business
104751,Bob Martin,37,R,First
104752,Eve Davis,30,F,First
104753,Eve Smith,360,O,Economy
104754,Mia Miller,222,S,Economy
104755,Grace Jones,419,M,Economy
104756,Henry Wilson,121,F,Business
104757,Paul Davis,236,G,Economy
104758,Olivia Garcia,148,U,Business
104759,Henry Miller,400,M,Economy
104760,Bob Davis,20,X,First
104761,Grace Harris,350,V,Economy
104762,Mia Wilson,243,R,Economy
104763,Carol Jackson,129,N,Business
104764,Kate Williams,90,D,Business
104765,Olivia Miller,140,W,Business
104766,Quinn Martinez,229,O,Economy
104767,Noah Martinez,297,P,Economy
104768,Paul Garcia,294,F,Economy
104769,Sara Wilson,180,E,Business
104770,Eve Brown,202,K,Business
104771,Paul Wilson,232,Q,Economy
104772,Eve Anderson,146,R,Business
104773,Paul Anderson,332,O,Economy
104774,Carol Anderson,121,Z,Business
104775,Jack Jackson,276,R,Economy
104776,Ivy Martinez,180,N,Business
104777,Alice White,188,G,Business
104778,Ryan Martinez,449,B,Economy
104779,Noah Anderson,9,M,First
104780,Ivy Martin,120,E,Business
104781,Henry Brown,1,L,First
104782,Tom Miller,178,C,Business
104783,Jack Miller,81,B,Business
104784,David Taylor,155,J,Business
104785,Leo Martin,282,A,Economy
104786,Leo Johnson,169,L,Business
104787,Bob Taylor,395,U,Economy
104788,Carol Jones,111,T,Business
104789,Bob Garcia,361,Q,Economy
104790,Kate Anderson,55,X,First
104791,Olivia Anderson,112,P,Business
104792,Jack Davis,364,I,Economy
104793,Sara Jackson,216,U,Economy
104794,Grace Johnson,93,Y,Business
104795,Noah Martin,42,Q,First
104796,Paul Harris,255,F,Economy
104797,Jack Thomas,250,Y,Economy
104798,Ivy Brown,425,Q,Economy
104799,Leo Wilson,24,H,First
104800,David Wilson,133,G,Business
104801,Mia Anderson,255,V,Economy
104802,Bob Davis,203,S,Business
104803,Eve Smith,185,Y,Business
104804,Leo Miller,328,B,Economy
104805,Paul Rodriguez,170,D,Business
104806,Mia Martin,440,W,Economy
104807,Olivia Taylor,321,B,Economy
104808,Grace Wilson,349,E,Economy
104809,Henry Martinez,60,C,First
104810,Mia Jackson,5,N,First
104811,Tom Davis,316,Y,Economy
104812,Paul Martin,277,M,Economy
104813,Noah Wilson,422,C,Economy
104814,Jack Johnson,187,Y,Business
104815,Grace Anderson,457,M,Economy
104816,Sara Garcia,65,F,First
104817,Alice Taylor,376,D,Economy
104818,Ryan Rodriguez,459,K,Economy
104819,Alice Wilson,460,B,Economy
104820,Ivy Martinez,323,C,Economy
104821,Noah Thomas,277,G,Economy
104822,Ivy Davis,359,F,Economy
104823,Ivy Thomas,453,L,Economy
104824,David Martin,9,E,First
104825,Bob Anderson,387,R,Economy
104826,Sara Jones,305,G,Economy
104827,Grace Jones,239,U,Economy
104828,Ryan Garcia,306,K,Economy
104829,Eve Smith,374,A,Economy
104830,Bob Rodriguez,327,N,Economy
104831,Leo Martinez,428,Z,Economy
104832,Sara Martin,24,X,First
104833,Mia Williams,293,Z,Economy
104834,Sara Davis,167,Q,Business
104835,Ivy Garcia,419,N,Economy
104836,Eve Brown,324,M,Economy
104837,David Jones,387,V,Economy
104838,Quinn Williams,284,F,Economy
104839,Sara Rodriguez,325,Z,Economy
104840,Ryan Davis,452,Z,Economy
104841,Tom Thomas,10,G,First
104842,Alice Garcia,274,C,Economy
104843,Mia Johnson,4,B,First
104844,Grace Davis,239,E,Economy
104845,David Garcia,316,S,Economy
104846,Grace Smith,180,S,Business
104847,Noah Anderson,174,E,Business
104848,Grace White,242,X,Economy
104849,Tom Thomas,362,W,Economy
104850,Carol Taylor,420,N,Economy
104851,Frank Anderson,352,Y,Economy
104852,Mia Brown,51,I,First
104853,Ivy Johnson,224,M,Economy
104854,Quinn Martin,147,Y,Business
104855,Ivy Rodriguez,261,Y,Economy
104856,Jack Miller,44,N,First
104857,Frank Wilson,26,J,First
104858,Tom Martinez,390,B,Economy
104859,Olivia Miller,20,H,First
104860,Ryan Smith,352,R,Economy
104861,Olivia Garcia,227,E,Economy
104862,Noah Anderson,37,A,First
104863,Ivy Johnson,233,G,Economy
104864,Ivy Garcia,6,W,First
104865,Ryan Thomas,393,Q,Economy
104866,Olivia Smith,199,L,Business
104867,Carol Harris,216,O,Economy
104868,Paul Harris,266,C,Economy
104869,Noah Jackson,108,B,Business
104870,Frank Jones,336,V,Economy
104871,Alice Thomas,370,T,Economy
104872,Carol Jones,26,Y,First
104873,Ryan Harris,274,L,Economy
104874,Carol Garcia,128,D,Business
104875,Henry Williams,245,Q,Economy
104876,Mia Jackson,103,P,Business
104877,Tom Martinez,77,X,Business
104878,Alice Brown,146,Z,Business
104879,Leo Garcia,209,S,Business
104880,Tom Jones,357,W,Economy
104881,Tom White,358,H,Economy
104882,Tom Garcia,457,H,Economy
104883,Leo Rodriguez,37,N,First
104884,Olivia Smith,390,N,Economy
104885,Grace Martin,85,L,Business
104886,Frank Johnson,170,N,Business
104887,Ryan Jackson,64,V,First
104888,Carol White,112,B,Business
104889,Mia Miller,137,H,Business
104890,Carol Thomas,350,Q,Economy
104891,Quinn Davis,62,M,First
104892,Bob Jones,246,Z,Economy
104893,Grace Smith,363,I,Economy
104894,Kate Thomas,270,M,Economy
104895,Noah Wilson,141,K,Business
104896,David Taylor,184,W,Business
104897,Sara Williams,125,T,Business
104898,David Johnson,407,G,Economy
104899,Leo White,329,L,Economy
104900,Jack Wilson,410,K,Economy
104901,Sara Jones,414,A,Economy
104902,Frank Brown,92,J,Business
104903,Alice Martin,433,R,Economy
104904,Bob White,367,U,Economy
104905,Alice Garcia,339,J,Economy
104906,Ivy White,291,P,Economy
104907,Carol Thomas,129,P,Business
104908,Frank Miller,288,W,Economy
104909,Bob Martin,231,S,Economy
104910,Sara Jones,238,G,Economy
104911,Bob Wilson,408,Y,Economy
104912,Paul Miller,429,M,Economy
104913,Frank Martinez,327,P,Economy
104914,Frank Davis,433,V,Economy
104915,Bob Harris,64,B,First
104916,Bob Anderson,258,K,Economy
104917,Ryan Martin,67,S,First
104918,Ryan Miller,166,L,Business
104919,Paul Wilson,288,G,Economy
104920,Carol Williams,49,N,First
104921,Ivy Thomas,76,M,Business
104922,Ryan Harris,232,E,Economy
104923,Mia Williams,113,N,Business
104924,Noah Davis,247,J,Economy
104925,Ryan Miller,450,D,Economy
104926,David Miller,458,Y,Economy
104927,Frank Miller,68,J,First
104928,Noah Jones,374,J,Economy
104929,Paul Harris,191,A,Business
104930,Bob Martinez,5,C,First
104931,Henry White,141,C,Business
104932,Noah Thomas,446,X,Economy
104933,Sara Smith,328,E,Economy
104934,Olivia Williams,276,H,Economy
104935,Jack White,176,O,Business
104936,Leo Davis,53,O,First
104937,Leo White,139,C,Business
104938,Sara Jackson,366,L,Economy
104939,Leo White,7,Y,First
104940,Tom Thomas,372,E,Economy
104941,Paul Wilson,224,W,Economy
104942,Leo White,219,X,Economy
104943,Grace Wilson,127,E,Business
104944,Carol Davis,329,D,Economy
104945,Carol Smith,413,X,Economy
104946,Ivy Wilson,304,W,Economy
104947,Leo Williams,386,K,Economy
104948,Frank Martin,31,R,First
104949,Frank Taylor,156,P,Business
104950,David Miller,247,R,Economy
104951,Henry Brown,451,E,Economy
104952,Henry Johnson,114,D,Business
104953,Paul Rodriguez,381,K,Economy
104954,Sara Martin,5,H,First
104955,Paul Jackson,218,X,Economy
104956,Tom Wilson,7,C,First
104957,Alice Jones,193,W,Business
104958,Noah Thomas,305,X,Economy
104959,Carol Miller,17,I,First
104960,Leo Taylor,11,C,First
104961,Sara Williams,196,F,Business
104962,Mia Smith,395,D,Economy
104963,Grace Smith,176,M,Business
104964,Tom Wilson,437,P,Economy
104965,Henry Martin,206,V,Business
104966,Quinn Miller,201,F,Business
104967,Henry Martinez,402,A,Economy
104968,Quinn Garcia,98,M,Business
104969,Kate Jones,231,H,Economy
104970,Noah Williams,179,U,Business
104971,Carol Smith,322,E,Economy
104972,David Garcia,444,O,Economy
104973,Tom Smith,123,Q,Business
104974,Tom Brown,328,R,Economy
104975,Ivy Wilson,238,R,Economy
104976,Grace Rodriguez,112,H,Business
104977,Kate Jones,367,S,Economy
104978,Ivy Davis,83,W,Business
104979,Kate Davis,286,X,Economy
104980,Ivy Anderson,308,B,Economy
104981,Eve Thomas,421,Q,Economy
104982,Jack Miller,369,L,Economy
104983,Grace White,274,N,Economy
104984,Carol Miller,107,O,Business
104985,Quinn Davis,157,V,Business
104986,Carol Davis,135,B,Business
104987,Carol White,286,L,Economy
104988,Paul Anderson,290,N,Economy
104989,Henry Wilson,99,E,Business
104990,Ivy Martinez,94,B,Business
104991,Grace Rodriguez,373,Q,Economy
104992,Grace Thomas,154,C,Business
104993,Ivy Miller,177,M,Business
104994,Grace Rodriguez,392,O,Economy
104995,Bob White,231,P,Economy
104996,Sara White,110,E,Business
104997,Paul Wilson,114,N,Business
104998,Bob Taylor,280,H,Economy
104999,Alice Thomas,297,R,Economy
105000,Frank Martinez,208,O,Business
105001,Quinn Davis,89,M,Business
105002,Carol Jones,306,S,Economy
105003,Quinn Martin,24,F,First
105004,Leo Taylor,275,V,Economy
105005,Bob Brown,239,R,Economy
105006,Leo Brown,69,C,First
105007,Carol Williams,310,R,Economy
105008,Alice Smith,29,Y,First
105009,Grace Garcia,459,H,Economy
105010,Quinn Taylor,144,X,Business
105011,Olivia White,127,A,Business
105012,Grace Brown,14,L,First
105013,Olivia Garcia,364,F,Economy
105014,Leo Brown,101,Y,Business
105015,Henry Anderson,84,V,Business
105016,Noah Miller,327,M,Economy
105017,Tom Miller,418,G,Economy
105018,Bob Miller,38,W,First
105019,Noah Rodriguez,37,U,First
105020,Quinn Brown,211,F,Economy
105021,Ivy Jones,93,F,Business
105022,Ryan Williams,382,C,Economy
105023,Frank Miller,261,K,Economy
105024,Henry Smith,184,D,Business
105025,Sara Williams,178,W,Business
105026,Mia Williams,30,V,First
105027,Sara Harris,95,V,Business
105028,Frank Jones,234,S,Economy
105029,Alice Thomas,142,D,Business
105030,Grace Davis,90,S,Business
105031,Grace Brown,147,P,Business
105032,Sara Garcia,444,C,Economy
105033,Grace Miller,184,O,Business
105034,Mia Taylor,14,H,First
105035,Bob Taylor,151,V,Business
105036,Henry White,192,S,Business
105037,Eve White,306,E,Economy
105038,Carol Martin,57,X,First
105039,Paul Harris,132,J,Business
105040,Mia Anderson,68,W,First
105041,Quinn Anderson,36,R,First
105042,Noah Jackson,262,E,Economy
105043,Henry Williams,18,B,First
105044,Sara Rodriguez,27,K,First
105045,Bob Thomas,79,Y,Business
105046,Alice Smith,455,C,Economy
105047,Tom Garcia,428,X,Economy
105048,Frank Johnson,321,T,Economy
105049,Mia Wilson,4,J,First
105050,Eve Harris,240,N,Economy
105051,Grace Garcia,447,L,Economy
105052,Carol Jones,260,Q,Economy
105053,Mia Johnson,201,B,Business
105054,Quinn Wilson,434,X,Economy
105055,Eve Jones,22,X,First
105056,Grace Wilson,191,T,Business
105057,Frank Johnson,183,A,Business
105058,Ryan Rodriguez,16,K,First
105059,Carol Thomas,42,R,First
105060,Carol Wilson,173,J,Business
105061,Grace Davis,43,F,First
105062,Ivy Martinez,238,T,Economy
105063,Alice Taylor,28,D,First
105064,Carol Anderson,97,L,Business
105065,Kate Jones,131,N,Business
105066,Eve Wilson,62,A,First
105067,Quinn Miller,191,Q,Business
105068,Paul Smith,176,Y,Business
105069,Noah White,238,C,Economy
105070,Eve Brown,69,G,First
105071,Tom Wilson,311,I,Economy
105072,Bob Harris,390,K,Economy
105073,Paul Williams,251,H,Economy
105074,Noah Johnson,121,U,Business
105075,Mia Taylor,279,J,Economy
105076,Kate Johnson,407,Y,Economy
105077,Kate Garcia,44,J,First
105078,Henry Anderson,206,L,Business
105079,Ryan Brown,413,I,Economy
105080,Quinn Davis,111,Q,Business
105081,Tom Jackson,363,N,Economy
105082,Alice Anderson,91,B,Business
105083,Ivy Wilson,53,C,First
105084,Olivia Thomas,50,W,First
105085,Grace Williams,367,F,Economy
105086,Bob Johnson,297,L,Economy
105087,Noah Rodriguez,137,Z,Business
105088,Ryan Martinez,131,H,Business
105089,Henry Smith,127,H,Business
105090,Carol White,247,C,Economy
105091,Leo Thomas,149,B,Business
105092,Grace Jackson,35,O,First
105093,Olivia Davis,364,C,Economy
105094,Henry Martin,446,N,Economy
105095,Jack Rodriguez,456,B,Economy
105096,Mia Wilson,268,K,Economy
105097,Eve Martin,196,H,Business
105098,Tom Harris,42,T,First
105099,Noah Rodriguez,132,P,Business
105100,Carol Harris,70,B,First
105101,Alice Anderson,343,X,Economy
105102,Tom Thomas,405,A,Economy
105103,Ryan Miller,186,Z,Business
105104,David Miller,456,U,Economy
105105,Ryan Martinez,31,X,First
105106,Leo Miller,89,D,Business
105107,Alice Thomas,151,E,Business
105108,Bob Rodriguez,235,B,Economy
105109,Olivia Anderson,331,E,Economy
105110,Jack Miller,42,C,First
105111,Quinn Jackson,396,V,Economy
105112,Ivy Martin,88,G,Business
105113,Quinn White,170,F,Business
105114,David Harris,110,P,Business
105115,David Anderson,306,Q,Economy
105116,Paul Johnson,444,K,Economy
105117,Mia Smith,155,X,Business
105118,Olivia Brown,276,K,Economy
105119,Tom Smith,136,Z,Business
105120,Mia Anderson,20,E,First
105121,Ivy Harris,454,R,Economy
105122,Ryan Martinez,227,U,Economy
105123,Leo Smith,365,V,Economy
105124,Henry Martinez,7,N,First
105125,Grace Taylor,288,Q,Economy
105126,Leo Miller,217,L,Economy
105127,David Wilson,415,Y,Economy
105128,Ivy Harris,49,Q,First
105129,Tom Johnson,141,I,Business
105130,Quinn Jackson,169,T,Business
105131,Henry Davis,241,E,Economy
105132,Grace White,291,R,Economy
105133,Bob Johnson,83,D,Business
105134,Quinn Taylor,131,D,Business
105135,Ryan Thomas,417,Y,Economy
105136,David Martin,352,A,Economy
105137,Sara Davis,289,G,Economy
105138,Kate White,329,J,Economy
105139,Leo Jones,113,P,Business
105140,Frank Rodriguez,122,K,Business
105141,Carol Garcia,423,Y,Economy
105142,Sara Williams,340,A,Economy
105143,Grace Thomas,63,T,First
105144,Henry Wilson,417,P,Economy
105145,Tom Rodriguez,235,T,Economy
105146,Alice Jackson,117,C,Business
105147,Paul Rodriguez,356,O,Economy
105148,Grace Martinez,241,F,Economy
105149,Frank Johnson,173,U,Business
105150,Eve Harris,5,Q,First
105151,Frank Brown,96,Z,Business
105152,Jack Smith,315,V,Economy
105153,Kate Davis,355,G,Economy
105154,Henry Miller,104,P,Business
105155,Bob Smith,203,Q,Business
105156,Olivia White,58,Y,First
105157,Frank Davis,387,H,Economy
105158,David Wilson,94,C,Business
105159,Frank Harris,186,E,Business
105160,Jack Miller,139,E,Business
105161,Carol Rodriguez,181,E,Business
105162,Bob Taylor,106,A,Business
105163,Carol Martinez,112,Q,Business
105164,Noah Brown,81,Q,Business
105165,Bob Anderson,202,Z,Business
105166,Olivia Anderson,331,O,Economy
105167,Tom Thomas,441,N,Economy
105168,Sara Jackson,156,C,Business
105169,Grace Harris,22,L,First
105170,Carol Martin,206,U,Business
105171,Frank Jackson,400,V,Economy
105172,Ivy Brown,148,N,Business
105173,David Davis,373,B,Economy
105174,Noah Rodriguez,312,X,Economy
105175,Ryan Miller,340,B,Economy
105176,Bob Harris,406,T,Economy
105177,Ivy Garcia,167,U,Business
105178,Jack Taylor,414,B,Economy
105179,Jack Jackson,415,R,Economy
105180,Noah Miller,424,D,Economy
105181,Sara Jones,433,A,Economy
105182,Tom Harris,73,I,Business
105183,Alice Brown,87,R,Business
105184,Paul White,216,K,Economy
105185,Paul Garcia,247,U,Economy
105186,Alice Brown,149,H,Business
105187,Bob Davis,12,W,First
105188,Olivia Johnson,387,I,Economy
105189,Eve Martin,219,P,Economy
105190,Paul Brown,127,V,Business
105191,Jack Thomas,327,Z,Economy
105192,Alice Miller,76,L,Business
105193,Leo Williams,182,W,Business
105194,Sara Miller,336,G,Economy
105195,Ivy Thomas,305,I,Economy
105196,Kate White,36,T,First
105197,Bob Taylor,405,C,Economy
105198,Carol Wilson,36,N,First
105199,Grace Rodriguez,373,R,Economy
105200,Sara Harris,200,T,Business
105201,Paul Thomas,159,Q,Business
105202,Alice Garcia,92,V,Business
105203,Paul Miller,321,R,Economy
105204,Alice Martin,22,F,First
105205,Quinn Harris,123,C,Business
105206,Sara Smith,448,T,Economy
105207,Sara Martin,39,K,First
105208,Ryan Williams,188,C,Business
105209,Ivy Davis,196,C,Business
105210,Mia Rodriguez,398,O,Economy
105211,Tom Taylor,25,J,First
105212,David Johnson,449,I,Economy
105213,Mia Rodriguez,131,L,Business
105214,Sara Brown,430,H,Economy
105215,Paul Anderson,140,N,Business
105216,Quinn Smith,121,S,Business
105217,David Martinez,102,U,Business
105218,Bob Garcia,101,A,Business
105219,Leo Johnson,272,J,Economy
105220,Bob Thomas,36,B,First
105221,Ivy Jones,298,A,Economy
105222,Ryan Williams,144,M,Business
105223,Olivia Thomas,216,H,Economy
105224,Tom Rodriguez,459,Y,Economy
105225,Paul Johnson,266,X,Economy
105226,Noah Martinez,110,X,Business
105227,Bob Garcia,6,F,First
105228,Ryan Anderson,406,S,Economy
105229,Bob Williams,263,U,Economy
105230,Mia Harris,170,Q,Business
105231,Bob Jones,398,S,Economy
105232,Eve Jones,127,K,Business
105233,Alice Garcia,72,B,Business
105234,Tom Anderson,361,V,Economy
105235,Ryan Wilson,178,N,Business
105236,Bob Williams,127,Z,Business
105237,Quinn Thomas,433,K,Economy
105238,Ryan Thomas,199,K,Business
105239,Mia Smith,188,Y,Business
105240,Paul Davis,390,I,Economy
105241,Alice Anderson,373,W,Economy
105242,Leo Wilson,81,Y,Business
105243,Frank Jackson,114,R,Business
105244,Kate Rodriguez,191,X,Business
105245,Alice Davis,407,R,Economy
105246,Paul Anderson,211,U,Economy
105247,David Johnson,123,W,Business
105248,David Jones,22,M,First
105249,Mia Smith,105,W,Business
105250,Grace Brown,283,G,Economy
105251,Frank Davis,449,J,Economy
105252,Quinn Davis,162,H,Business
105253,Frank Taylor,368,Z,Economy
105254,Frank Garcia,110,Q,Business
105255,Paul Rodriguez,136,F,Business
105256,Kate Smith,353,B,Economy
105257,Leo Jones,41,Z,First
105258,Eve Martin,370,R,Economy
105259,Noah Martinez,447,W,Economy
105260,Kate Smith,57,J,First
105261,Henry Taylor,100,V,Business
105262,Grace Martin,284,G,Economy
105263,Sara Jones,228,O,Economy
105264,Mia Smith,441,I,Economy
105265,Ivy White,408,V,Economy
105266,Alice Davis,130,L,Business
105267,Sara Martinez,198,X,Business
105268,Noah Martin,347,D,Economy
105269,Paul Wilson,111,K,Business
105270,Ivy White,17,T,First
105271,Mia Harris,441,G,Economy
105272,Henry Taylor,251,Q,Economy
105273,David Jackson,236,X,Economy
105274,Tom Wilson,122,G,Business
105275,Henry Jones,359,V,Economy
105276,Olivia Johnson,1,Q,First
105277,Tom Smith,58,N,First
105278,Henry White,303,J,Economy
105279,Jack White,139,H,Business
105280,Paul Williams,270,I,Economy
105281,Sara Taylor,437,U,Economy
105282,Leo White,18,O,First
105283,David Harris,302,C,Economy
105284,Frank Martin,54,C,First
105285,Quinn Anderson,354,R,Economy
105286,Bob Williams,2,C,First
105287,Olivia Thomas,165,S,Business
105288,Henry Martinez,118,V,Business
105289,Sara Smith,244,W,Economy
105290,Olivia Jackson,422,G,Economy
105291,Jack Smith,138,Z,Business
105292,Ivy Martin,20,O,First
105293,Bob Martinez,12,Y,First
105294,Kate Brown,88,I,Business
105295,Frank Rodriguez,234,Q,Economy
105296,Ivy Martinez,56,I,First
105297,David Rodriguez,317,H,Economy
105298,Leo Williams,94,J,Business
105299,Henry Garcia,181,F,Business
105300,Jack Johnson,111,N,Business
105301,Henry Thomas,159,V,Business
105302,Alice Garcia,376,L,Economy
105303,Eve Taylor,104,N,Business
105304,Noah Smith,377,C,Economy
105305,Frank Wilson,182,A,Business
105306,Mia Johnson,445,C,Economy
105307,Eve Anderson,157,M,Business
105308,Grace White,266,W,Economy
105309,Olivia Rodriguez,337,U,Economy
105310,Alice Martin,445,S,Economy
105311,Ryan Williams,443,U,Economy
105312,Tom Smith,233,W,Economy
105313,Ivy White,240,A,Economy
105314,Ryan Rodriguez,294,U,Economy
105315,David Johnson,40,Z,First
105316,Grace Jackson,157,K,Business
105317,Bob Davis,444,F,Economy
105318,Olivia Rodriguez,198,K,Business
105319,Ivy Smith,210,Z,Business
105320,Alice Davis,422,M,Economy
105321,Henry Martin,410,T,Economy
105322,Tom Martinez,112,O,Business
105323,Olivia Harris,14,Y,First
105324,Paul Anderson,156,F,Business
105325,Sara Anderson,72,S,Business
105326,Frank Thomas,371,D,Economy
105327,Kate Williams,243,I,Economy
105328,Alice Wilson,432,C,Economy
105329,Bob Martin,432,V,Economy
105330,Frank White,193,X,Business
105331,Ivy Johnson,119,E,Business
105332,Carol Martinez,18,Y,First
105333,Noah Thomas,113,F,Business
105334,Henry Martinez,221,U,Economy
105335,Eve Anderson,190,A,Business
105336,Mia Miller,266,U,Economy
105337,Ivy Miller,166,P,Business
105338,Eve Williams,389,E,Economy
105339,Jack Garcia,345,A,Economy
105340,Olivia Thomas,120,M,Business
105341,Sara Brown,78,G,Business
105342,Noah Anderson,185,S,Business
105343,Tom Taylor,173,C,Business
105344,Henry Martinez,152,F,Business
105345,Noah Jones,411,O,Economy
105346,Leo Harris,421,J,Economy
105347,Ryan Williams,203,B,Business
105348,Ivy Smith,204,V,Business
105349,Carol Miller,313,I,Economy
105350,Grace Thomas,209,E,Business
105351,Leo Smith,118,A,Business
105352,Paul White,60,B,First
105353,Carol Harris,392,Z,Economy
105354,Mia Davis,295,U,Economy
105355,Olivia Thomas,107,G,Business
105356,Eve Miller,174,A,Business
105357,Ivy White,75,X,Business
105358,Eve Martinez,185,A,Business
105359,Ryan Smith,148,I,Business
105360,Alice Garcia,411,D,Economy
105361,Grace Martin,169,I,Business
105362,Jack Miller,314,S,Economy
105363,Olivia Rodriguez,6,H,First
105364,Ivy Smith,402,K,Economy
105365,David Jackson,269,S,Economy
105366,Henry Brown,49,Z,First
105367,Henry Martin,69,B,First
105368,Tom Davis,188,I,Business
105369,Kate Johnson,171,M,Business
105370,Alice Johnson,298,P,Economy
105371,Bob Davis,98,J,Business
105372,Bob Martinez,410,U,Economy
105373,Bob Garcia,78,Q,Business
105374,Mia Taylor,317,J,Economy
105375,Noah Rodriguez,193,S,Business
105376,Carol Martinez,23,X,First
105377,Jack Garcia,9,X,First
105378,Paul Martin,268,V,Economy
105379,Kate Garcia,309,X,Economy
105380,Mia Wilson,104,Q,Business
105381,Frank Jackson,112,K,Business
105382,Kate Martin,374,F,Economy
105383,Mia Johnson,98,H,Business
105384,Leo Brown,35,I,First
105385,Mia Thomas,361,E,Economy
105386,Henry Davis,253,A,Economy
105387,Frank Martin,271,U,Economy
105388,Alice Garcia,414,P,Economy
105389,Mia Jones,110,R,Business
105390,Quinn Davis,285,O,Economy
105391,Bob Williams,145,N,Business
105392,Sara Taylor,157,T,Business
105393,Quinn Thomas,318,X,Economy
105394,Olivia Harris,273,E,Economy
105395,Quinn Anderson,194,B,Business
105396,David Harris,147,J,Business
105397,Noah White,186,B,Business
105398,Alice Garcia,418,F,Economy
105399,Ivy Martin,61,Q,First
105400,Frank Harris,419,C,Economy
105401,Olivia Williams,310,Y,Economy
105402,Ivy Rodriguez,185,U,Business
105403,Noah Taylor,144,U,Business
105404,Kate Williams,251,K,Economy
105405,Eve Jones,218,O,Economy
105406,Leo Anderson,375,H,Economy
105407,Bob Martinez,412,J,Economy
105408,Ryan Martinez,11,U,First
105409,Ryan Anderson,351,Z,Economy
105410,Ryan Williams,163,F,Business
105411,Bob Smith,182,Q,Business
105412,Noah Wilson,305,U,Economy
105413,Sara Jones,373,T,Economy
105414,Quinn Taylor,181,A,Business
105415,Paul Johnson,311,F,Economy
105416,Carol Garcia,7,K,First
105417,Frank Jackson,193,I,Business
105418,Frank Rodriguez,143,X,Business
105419,Jack Brown,104,O,Business
105420,Paul Taylor,21,Z,First
105421,David Smith,273,R,Economy
105422,Jack Davis,18,H,First
105423,Eve Davis,147,U,Business
105424,Tom Martin,407,T,Economy
105425,Alice Jackson,191,H,Business
105426,Kate Anderson,200,I,Business
105427,Kate Johnson,302,O,Economy
105428,Sara Thomas,295,Z,Economy
105429,Carol Martinez,193,M,Business
105430,Leo Johnson,328,H,Economy
105431,Leo Martinez,183,L,Business
105432,Quinn Williams,248,J,Economy
105433,Carol Jackson,101,D,Business
105434,Leo Davis,113,O,Business
105435,Olivia Harris,431,O,Economy
105436,Jack Anderson,140,M,Business
105437,Sara Brown,323,K,Economy
105438,Mia Johnson,50,G,First
105439,Noah Williams,199,D,Business
105440,Paul Jackson,362,G,Economy
105441,Ivy Williams,79,O,Business
105442,David Martin,427,E,Economy
105443,Leo Miller,458,I,Economy
105444,David White,273,O,Economy
105445,David Wilson,130,O,Business
105446,Eve Johnson,183,U,Business
105447,Quinn Davis,149,W,Business
105448,Jack Davis,101,K,Business
105449,Henry Rodriguez,157,U,Business
105450,Ryan Martinez,5,A,First
105451,Olivia Davis,387,D,Economy
105452,Ivy Miller,310,X,Economy
105453,Kate Miller,54,O,First
105454,Mia Smith,63,M,First
105455,Ivy Taylor,287,Q,Economy
105456,Frank Johnson,259,N,Economy
105457,Sara White,106,P,Business
105458,Mia Smith,344,F,Economy
105459,Ivy Rodriguez,39,M,First
105460,Kate Miller,227,T,Economy
105461,Tom Garcia,319,R,Economy
105462,Carol Harris,266,F,Economy
105463,Henry Taylor,429,N,Economy
105464,Noah Jackson,354,O,Economy
105465,Bob White,415,Q,Economy
105466,Olivia White,217,G,Economy
105467,Alice Davis,124,F,Business
105468,Quinn Thomas,222,B,Economy
105469,Olivia Jones,17,C,First
105470,Kate Thomas,45,R,First
105471,Paul Miller,370,Y,Economy
105472,Frank Harris,111,F,Business
105473,Olivia Jones,93,N,Business
105474,Quinn Rodriguez,449,T,Economy
105475,Henry Anderson,271,O,Economy
105476,Noah Jones,80,R,Business
105477,Bob Rodriguez,224,X,Economy
105478,Grace Harris,115,G,Business
105479,Sara Thomas,76,B,Business
105480,Paul Martin,322,X,Economy
105481,Noah Rodriguez,35,P,First
105482,Mia Anderson,451,M,Economy
105483,Carol Harris,180,X,Business
105484,David White,119,T,Business
105485,Tom Davis,62,X,First
105486,Jack Jones,229,I,Economy
105487,Henry Williams,175,R,Business
105488,Tom Miller,436,P,Economy
105489,Paul Thomas,181,O,Business
105490,Jack Davis,322,J,Economy
105491,Frank Jones,260,F,Economy
105492,Ryan Martinez,308,A,Economy
105493,Ryan Johnson,323,X,Economy
105494,Quinn Brown,319,G,Economy
105495,Ivy Thomas,222,U,Economy
105496,Olivia Martin,40,K,First
105497,Leo Miller,25,O,First
105498,Frank White,59,F,First
105499,Bob Jackson,147,D,Business
105500,Sara Garcia,399,Q,Economy
105501,Jack Martinez,198,Q,Business
105502,Quinn Johnson,278,L,Economy
105503,Eve Garcia,77,M,Business
105504,Frank Smith,437,R,Economy
105505,Kate Johnson,179,S,Business
105506,Ryan White,188,V,Business
105507,Carol Thomas,268,A,Economy
105508,Bob White,127,I,Business
105509,Quinn White,251,M,Economy
105510,Leo Wilson,211,W,Economy
105511,Bob Rodriguez,277,Q,Economy
105512,Jack Harris,370,M,Economy
105513,Bob Garcia,142,C,Business
105514,Carol Martinez,296,X,Economy
105515,Alice Garcia,136,I,Business
105516,Olivia Garcia,121,R,Business
105517,Quinn Wilson,102,E,Business
105518,Grace Garcia,135,F,Business
105519,Noah Martin,294,O,Economy
105520,Leo Garcia,280,T,Economy
105521,Mia Garcia,321,U,Economy
105522,Leo Wilson,53,N,First
105523,Ivy Taylor,78,O,Business
105524,Olivia Miller,108,H,Business
105525,Bob Taylor,163,H,Business
105526,Ivy Anderson,314,R,Economy
105527,Paul Martin,228,Y,Economy
105528,Leo Jackson,222,E,Economy
105529,Sara Davis,422,I,Economy
105530,Noah Davis,111,B,Business
105531,Eve Johnson,448,M,Economy
105532,Eve Thomas,398,U,Economy
105533,Frank Thomas,139,W,Business
105534,Leo Garcia,374,H,Economy
105535,Olivia Martin,424,S,Economy
105536,Kate Anderson,421,N,Economy
105537,Ryan Taylor,24,K,First
105538,Jack Smith,308,H,Economy
105539,Grace Jones,7,W,First
105540,Kate Taylor,440,G,Economy
105541,Leo Miller,198,D,Business
105542,Tom White,377,I,Economy
105543,Tom Wilson,108,W,Business
105544,Olivia Jones,238,J,Economy
105545,Paul Davis,343,Y,Economy
105546,Kate Martin,375,P,Economy
105547,Mia Wilson,47,E,First
105548,Grace Rodriguez,436,K,Economy
105549,Frank Martinez,195,O,Business
105550,Alice Rodriguez,191,G,Business
105551,Ivy Smith,281,H,Economy
105552,Paul Wilson,18,J,First
105553,Mia Rodriguez,397,L,Economy
105554,Alice Harris,294,K,Economy
105555,Ryan Rodriguez,187,G,Business
105556,Eve White,18,E,First
105557,Ivy Garcia,14,E,First
105558,Quinn Williams,134,S,Business
105559,Quinn Jackson,401,O,Economy
105560,Tom Thomas,199,E,Business
105561,Tom Johnson,386,S,Economy
105562,Mia Davis,210,S,Business
105563,Alice Williams,243,H,Economy
105564,Eve Davis,197,K,Business
105565,Quinn Brown,116,Q,Business
105566,Jack Miller,140,H,Business
105567,Frank Smith,359,X,Economy
105568,Noah Jackson,66,K,First
105569,Tom Jackson,394,Z,Economy
105570,Tom Jones,52,H,First
105571,Grace Jackson,362,T,Economy
105572,Alice Davis,237,O,Economy
105573,Jack Jackson,404,A,Economy
105574,Ryan Garcia,256,Q,Economy
105575,Ivy Anderson,227,I,Economy
105576,Leo Rodriguez,349,L,Economy
105577,Quinn Wilson,206,N,Business
105578,Noah Williams,32,Y,First
105579,Paul Rodriguez,377,R,Economy
105580,Henry Thomas,455,A,Economy
105581,Ryan Jackson,271,E,Economy
105582,Sara Garcia,87,F,Business
105583,Henry Miller,260,G,Economy
105584,Noah Anderson,329,H,Economy
105585,Mia White,174,D,Business
105586,Mia Martin,11,L,First
105587,Carol Taylor,31,D,First
105588,Eve Martin,229,D,Economy
105589,Carol Taylor,284,W,Economy
105590,Mia Garcia,294,N,Economy
105591,Ivy Martinez,96,I,Business
105592,Henry Brown,180,M,Business
105593,Noah Taylor,449,N,Economy
105594,Henry White,133,J,Business
105595,Eve Davis,238,P,Economy
105596,Tom Johnson,285,L,Economy
105597,Quinn White,442,N,Economy
105598,Alice Taylor,93,M,Business
105599,Mia Harris,429,V,Economy
105600,Frank Garcia,234,D,Economy
105601,Paul Garcia,392,C,Economy
105602,Grace Martinez,421,A,Economy
105603,Eve Jones,168,Q,Business
105604,Mia Brown,150,Y,Business
105605,Noah Wilson,348,Z,Economy
105606,Quinn Taylor,90,R,Business
105607,Paul Brown,171,L,Business
105608,Grace Smith,453,H,Economy
105609,Jack Brown,120,V,Business
105610,Ivy Wilson,350,D,Economy
105611,Jack Davis,75,V,Business
105612,Bob Smith,55,L,First
105613,Ivy Martinez,250,E,Economy
105614,Mia Brown,415,F,Economy
105615,Grace White,425,T,Economy
105616,Mia Brown,162,N,Business
105617,Noah Garcia,271,Z,Economy
105618,Grace Garcia,34,W,First
105619,Olivia Smith,200,J,Business
105620,Leo Taylor,146,K,Business
105621,Mia Brown,445,O,Economy
105622,Noah Martinez,207,E,Business
105623,David Harris,3,X,First
105624,Quinn Smith,36,F,First
105625,Eve Wilson,25,P,First
105626,Noah Brown,73,L,Business
105627,Quinn Anderson,311,G,Economy
105628,Noah Johnson,405,H,Economy
105629,Grace Harris,431,R,Economy
105630,Tom Jackson,66,H,First
105631,Noah Jones,27,N,First
105632,David Brown,1,P,First
105633,Quinn Taylor,248,P,Economy
105634,Henry Thomas,374,R,Economy
105635,Tom Davis,161,K,Business
105636,Eve Rodriguez,31,S,First
105637,Quinn Miller,226,E,Economy
105638,Ryan Wilson,252,E,Economy
105639,Frank Davis,256,M,Economy
105640,Paul Jackson,207,N,Business
105641,Jack White,448,F,Economy
105642,Frank Anderson,114,U,Business
105643,Henry Taylor,59,A,First
105644,Kate Williams,382,Z,Economy
105645,Bob Smith,221,N,Economy
105646,Alice White,135,U,Business
105647,Jack Johnson,345,P,Economy
105648,Mia Miller,356,X,Economy
105649,Alice Martin,13,V,First
105650,Carol Harris,261,N,Economy
105651,Jack Thomas,152,L,Business
105652,Noah Smith,176,V,Business
105653,David White,278,R,Economy
105654,David Harris,273,B,Economy
105655,Carol Williams,26,T,First
105656,Mia Taylor,401,A,Economy
105657,Bob Martin,114,Z,Business
105658,Mia Martinez,58,L,First
105659,Leo Brown,147,B,Business
105660,Paul Rodriguez,326,B,Economy
105661,Sara Harris,90,N,Business
105662,Bob Rodriguez,287,L,Economy
105663,Leo Anderson,177,F,Business
105664,Eve Smith,421,Z,Economy
105665,Ryan White,257,T,Economy
105666,Eve Garcia,9,U,First
105667,Alice Miller,318,S,Economy
105668,Carol Rodriguez,123,G,Business
105669,Grace Jackson,188,B,Business
105670,Leo Thomas,76,Q,Business
105671,Quinn Davis,335,E,Economy
105672,Frank Garcia,9,R,First
105673,Tom Martin,29,P,First
105674,Quinn Brown,4,G,First
105675,Paul Garcia,81,N,Business
105676,Leo Wilson,289,L,Economy
105677,Leo Martinez,454,F,Economy
105678,Bob Martin,261,G,Economy
105679,Frank White,41,I,First
105680,Frank Garcia,61,D,First
105681,Noah Williams,336,Z,Economy
105682,Grace Wilson,440,D,Economy
105683,Grace Miller,65,K,First
105684,Ryan Miller,124,Y,Business
105685,Noah Martin,100,B,Business
105686,Grace Taylor,447,Z,Economy
105687,David Jones,412,C,Economy
105688,Quinn Martinez,79,L,Business
105689,Grace Miller,255,E,Economy
105690,Bob Wilson,139,G,Business
105691,Carol Martinez,288,S,Economy
105692,Leo Garcia,174,L,Business
105693,Jack Anderson,180,F,Business
105694,Quinn Harris,274,R,Economy
105695,Paul Garcia,299,A,Economy
105696,Leo Wilson,299,P,Economy
105697,Mia Jackson,208,W,Business
105698,David Smith,409,B,Economy
105699,Kate Garcia,141,V,Business
105700,Ivy Jones,86,D,Business
105701,Henry Rodriguez,441,W,Economy
105702,Noah Jackson,168,O,Business
105703,Leo Brown,374,W,Economy
105704,Paul Garcia,77,R,Business
105705,Jack Brown,421,W,Economy
105706,Eve Rodriguez,40,E,First
105707,Kate White,48,V,First
105708,Paul Williams,432,Y,Economy
105709,Tom Williams,243,C,Economy
105710,Noah Taylor,238,E,Economy
105711,Noah Jackson,142,K,Business
105712,Carol Harris,244,S,Economy
105713,Noah Martinez,329,W,Economy
105714,Kate Garcia,177,N,Business
105715,Carol Rodriguez,58,B,First
105716,Paul Johnson,82,O,Business
105717,Ryan Jones,168,U,Business
105718,Mia Anderson,232,R,Economy
105719,Henry Jackson,372,Y,Economy
105720,David Jones,315,J,Economy
105721,Kate Rodriguez,229,P,Economy
105722,Grace Anderson,149,N,Business
105723,Tom Brown,271,P,Economy
105724,Alice Jones,38,K,First
105725,Sara Jackson,174,T,Business
105726,Ryan Smith,1,I,First
105727,Mia Johnson,37,G,First
105728,David Thomas,78,A,Business
105729,Henry Garcia,282,D,Economy
105730,Henry Williams,374,I,Economy
105731,Frank Anderson,320,G,Economy
105732,David Thomas,8,M,First
105733,Ivy Garcia,328,A,Economy
105734,Tom White,302,P,Economy
105735,Bob Martin,439,D,Economy
105736,David Miller,122,I,Business
105737,Eve Thomas,105,B,Business
105738,Sara Martinez,437,N,Economy
105739,Leo Garcia,87,U,Business
105740,David Harris,310,Q,Economy
105741,Jack Garcia,196,Z,Business
105742,Mia Garcia,94,F,Business
105743,Bob Miller,113,C,Business
105744,Kate Davis,399,N,Economy
105745,Alice Anderson,235,X,Economy
105746,Tom Williams,193,H,Business
105747,Carol Martinez,157,C,Business
105748,Kate Jones,100,F,Business
105749,Kate Jackson,44,A,First
105750,Quinn Garcia,438,O,Economy
105751,Olivia Anderson,40,S,First
105752,Henry Williams,144,J,Business
105753,Grace Johnson,327,J,Economy
105754,Jack Taylor,42,N,First
105755,Henry Williams,109,A,Business
105756,Henry Miller,280,O,Economy
105757,Alice Harris,216,T,Economy
105758,Noah Williams,71,Q,Business
105759,Frank Johnson,108,Y,Business
105760,Noah Garcia,239,G,Economy
105761,Sara Rodriguez,281,K,Economy
105762,Eve Brown,31,K,First
105763,Noah White,176,L,Business
105764,Alice Williams,156,J,Business
105765,Ryan Garcia,41,K,First
105766,Carol White,264,N,Economy
105767,Ivy Wilson,329,S,Economy
105768,Grace Harris,155,H,Business
105769,Carol Johnson,76,U,Business
105770,Sara Martin,332,Q,Economy
105771,Grace Taylor,94,W,Business
105772,Quinn Anderson,25,X,First
105773,Eve Garcia,21,D,First
105774,Eve Thomas,107,Q,Business
105775,Tom Jones,280,N,Economy
105776,Jack Williams,210,L,Business
105777,Carol Smith,317,W,Economy
105778,Noah Garcia,54,I,First
105779,Tom Jones,327,A,Economy
105780,Alice Taylor,57,G,First
105781,Sara Anderson,210,K,Business
105782,Frank Martinez,81,C,Business
105783,David Thomas,456,D,Economy
105784,Eve Miller,306,C,Economy
105785,Tom Brown,221,J,Economy
105786,Kate Taylor,294,S,Economy
105787,Ivy Jones,156,L,Business
105788,Bob Johnson,67,K,First
105789,David Johnson,199,P,Business
105790,Leo Brown,5,W,First
105791,Tom Taylor,293,U,Economy
105792,Bob Harris,37,O,First
105793,Bob Davis,6,R,First
105794,Ivy Anderson,43,Y,First
105795,Tom Martin,167,I,Business
105796,Eve Davis,105,I,Business
105797,Sara Martinez,304,R,Economy
105798,Alice Smith,326,O,Economy
105799,Alice Rodriguez,56,O,First
105800,Ryan Martin,274,B,Economy
105801,Bob Brown,193,K,Business
105802,Carol Anderson,365,E,Economy
105803,Carol Davis,12,B,First
105804,Alice Williams,125,C,Business
105805,Olivia Davis,26,Q,First
105806,Tom Miller,375,A,Economy
105807,Alice Williams,129,F,Business
105808,Carol Anderson,278,B,Economy
105809,Henry Brown,410,N,Economy
105810,Eve Taylor,55,A,First
105811,Kate Jones,41,H,First
105812,Bob Garcia,89,L,Business
105813,Alice Smith,365,H,Economy
105814,Sara Brown,340,M,Economy
105815,Tom Wilson,140,P,Business
105816,Ivy Martin,109,H,Business
105817,Eve Thomas,454,D,Economy
105818,David Thomas,84,D,Business
105819,Jack Smith,37,E,First
105820,Alice Williams,177,R,Business
105821,Frank Garcia,80,M,Business
105822,Henry Garcia,372,F,Economy
105823,Kate Garcia,336,E,Economy
105824,Tom Davis,159,R,Business
105825,David Johnson,167,K,Business
105826,Alice Harris,62,S,First
105827,Carol Brown,180,I,Business
105828,Ryan Jackson,168,F,Business
105829,Ryan Miller,101,B,Business
105830,Ivy White,408,L,Economy
105831,Olivia Jones,346,U,Economy
105832,Tom Wilson,176,X,Business
105833,Mia Martinez,50,O,First
105834,Kate Garcia,46,J,First
105835,Leo Harris,120,F,Business
105836,Paul Brown,228,J,Economy
105837,Kate Davis,296,J,Economy
105838,Eve Williams,429,F,Economy
105839,Alice Anderson,170,I,Business
105840,Sara Williams,423,E,Economy
105841,Ryan Thomas,190,Q,Business
105842,Noah White,119,X,Business
105843,Frank Miller,191,M,Business
105844,Bob Anderson,111,H,Business
105845,Henry Johnson,346,Z,Economy
105846,Sara Anderson,214,U,Economy
105847,Alice Taylor,407,N,Economy
105848,Grace Jones,280,D,Economy
105849,Mia Smith,352,G,Economy
105850,Henry Taylor,268,J,Economy
105851,Noah Brown,291,E,Economy
105852,Carol Taylor,96,P,Business
105853,Carol Martinez,89,F,Business
105854,Jack Martin,301,U,Economy
105855,Frank Johnson,6,V,First
105856,Jack Jones,197,E,Business
105857,Bob White,86,L,Business
105858,Carol Johnson,76,N,Business
105859,Frank Smith,207,X,Business
105860,Leo Jones,176,I,Business
105861,Carol Davis,200,R,Business
105862,Henry Davis,459,C,Economy
105863,Leo Anderson,343,R,Economy
105864,Ryan Garcia,320,C,Economy
105865,Henry Brown,418,P,Economy
105866,Olivia Johnson,341,F,Economy
105867,Leo Brown,103,H,Business
105868,David Rodriguez,37,T,First
105869,Tom Rodriguez,165,V,Business
105870,David Rodriguez,248,Q,Economy
105871,Ivy Wilson,404,T,Economy
105872,Grace White,54,N,First
105873,Paul Miller,330,H,Economy
105874,Quinn Thomas,214,P,Economy
105875,Leo White,84,Q,Business
105876,Quinn Martinez,14,G,First
105877,Tom Harris,151,H,Business
105878,Quinn Taylor,395,Q,Economy
105879,Leo Johnson,8,W,First
105880,Kate Garcia,24,M,First
105881,Jack Taylor,40,M,First
105882,Mia Jones,47,G,First
105883,Carol Martinez,96,Q,Business
105884,Mia Miller,66,O,First
105885,David Harris,290,P,Economy
105886,Tom Wilson,249,V,Economy
105887,Tom Martin,319,D,Economy
105888,Quinn Thomas,295,G,Economy
105889,Mia White,301,O,Economy
105890,Grace Harris,28,L,First
105891,Tom Jones,370,H,Economy
105892,Henry Anderson,109,N,Business
105893,Frank Taylor,53,F,First
105894,Kate Wilson,73,F,Business
105895,Mia Brown,454,H,Economy
105896,Ryan Smith,354,V,Economy
105897,Henry White,113,H,Business
105898,Olivia Davis,230,K,Economy
105899,Bob Jones,445,H,Economy
105900,Leo Thomas,10,I,First
105901,Jack Smith,414,W,Economy
105902,Alice Rodriguez,182,P,Business
105903,Alice Jackson,444,P,Economy
105904,Quinn Jones,154,F,Business
105905,Jack Garcia,324,H,Economy
105906,Henry Wilson,61,K,First
105907,Jack Martinez,266,P,Economy
105908,Quinn Wilson,160,U,Business
105909,Tom Williams,79,B,Business
105910,Sara Wilson,63,Y,First
105911,David Garcia,336,R,Economy
105912,Bob Thomas,169,U,Business
105913,Mia Taylor,386,P,Economy
105914,Noah Smith,92,T,Business
105915,Sara Williams,126,Y,Business
105916,Tom Garcia,42,P,First
105917,Alice Martinez,72,N,Business
105918,Olivia Rodriguez,434,T,Economy
105919,Bob Johnson,320,Y,Economy
105920,Frank Harris,311,S,Economy
105921,Sara Garcia,19,E,First
105922,Tom Wilson,167,R,Business
105923,Noah Martin,327,W,Economy
105924,Mia Miller,133,Y,Business
105925,Alice Taylor,416,T,Economy
105926,Eve Davis,423,U,Economy
105927,David Miller,100,D,Business
105928,Jack Jackson,90,Q,Business
105929,Ryan White,28,V,First
105930,Sara Jackson,142,X,Business
105931,David Smith,45,N,First
105932,Frank Thomas,74,T,Business
105933,Eve Wilson,144,Q,Business
105934,Frank Garcia,75,U,Business
105935,David White,297,O,Economy
105936,Tom Garcia,255,T,Economy
105937,Noah Harris,155,R,Business
105938,Noah Anderson,396,N,Economy
105939,Grace Garcia,398,D,Economy
105940,Paul Jones,26,G,First
105941,Olivia Martin,12,P,First
105942,David Thomas,405,Z,Economy
105943,Bob Thomas,40,Y,First
105944,Henry Martinez,422,J,Economy
105945,Frank Martinez,39,Y,First
105946,Tom Jones,255,N,Economy
105947,Frank Thomas,107,C,Business
105948,Mia Garcia,352,B,Economy
105949,Bob Jones,124,S,Business
105950,Grace Smith,278,H,Economy
105951,Leo Martinez,46,T,First
105952,Ryan Smith,15,F,First
105953,Leo Anderson,383,M,Economy
105954,Frank Jackson,429,J,Economy
105955,Olivia Williams,21,A,First
105956,Sara Taylor,13,U,First
105957,Bob Smith,396,S,Economy
105958,Quinn Williams,415,Z,Economy
105959,Olivia Johnson,233,U,Economy
105960,Leo Smith,219,T,Economy
105961,Sara Smith,315,P,Economy
105962,David Smith,390,U,Economy
105963,Tom Anderson,95,C,Business
105964,David White,3,T,First
105965,Alice Taylor,61,Z,First
105966,Eve Smith,297,Q,Economy
105967,Kate Williams,211,J,Economy
105968,Paul Garcia,430,Y,Economy
105969,Bob Wilson,245,E,Economy
105970,Alice Martinez,22,S,First
105971,David Jackson,63,D,First
105972,Ryan Martinez,458,N,Economy
105973,Olivia Smith,159,X,Business
105974,Eve Taylor,434,V,Economy
105975,Alice Jones,362,X,Economy
105976,Ivy Martin,52,C,First
105977,Noah White,408,I,Economy
105978,Paul Wilson,110,J,Business
105979,David Brown,10,X,First
105980,Kate White,208,P,Business
105981,Sara Taylor,291,S,Economy
105982,Eve Jackson,169,M,Business
105983,Alice Wilson,172,R,Business
105984,David Anderson,155,U,Business
105985,Henry Anderson,346,N,Economy
105986,Tom Miller,282,W,Economy
105987,Jack White,278,C,Economy
105988,Sara White,20,G,First
105989,Sara Brown,36,V,First
105990,Alice Wilson,121,V,Business
105991,Ivy Jones,175,S,Business
105992,Mia Rodriguez,276,D,Economy
105993,Sara Davis,59,E,First
105994,Sara Garcia,211,S,Economy
105995,Eve Williams,260,K,Economy
105996,Eve Anderson,355,U,Economy
105997,Tom Rodriguez,250,C,Economy
105998,Ivy Miller,154,U,Business
105999,Noah Garcia,446,U,Economy
106000,Ivy White,50,K,First
106001,Leo Brown,221,A,Economy
106002,Grace Johnson,165,M,Business
106003,Jack Martin,263,C,Economy
106004,Eve Jackson,8,E,First
106005,Tom Taylor,164,L,Business
106006,David Martin,220,X,Economy
106007,Mia Brown,102,A,Business
106008,Alice Anderson,352,V,Economy
106009,Henry Wilson,394,G,Economy
106010,Grace Anderson,204,K,Business
106011,Sara Davis,131,R,Business
106012,Ivy Jones,449,G,Economy
106013,Alice Jackson,284,O,Economy
106014,Paul Davis,126,T,Business
106015,Noah White,422,S,Economy
106016,Kate Anderson,184,M,Business
106017,Bob Miller,15,N,First
106018,Quinn Martinez,111,S,Business
106019,Grace Davis,295,N,Economy
106020,Carol Garcia,383,C,Economy
106021,Jack Rodriguez,122,R,Business
106022,Jack Martin,425,C,Economy
106023,Alice White,222,K,Economy
106024,Carol Martin,161,M,Business
106025,Paul Martin,402,Y,Economy
106026,Bob Garcia,354,J,Economy
106027,Frank White,378,S,Economy
106028,David Miller,286,C,Economy
106029,Ryan Jackson,93,Z,Business
106030,Frank Thomas,69,E,First
106031,Quinn Jones,49,D,First
106032,Paul Davis,191,F,Business
106033,Olivia Brown,129,D,Business
106034,Leo Miller,252,C,Economy
106035,Kate White,96,N,Business
106036,Henry Anderson,402,L,Economy
106037,Mia White,428,H,Economy
106038,Grace Harris,184,F,Business
106039,Olivia Martinez,441,Q,Economy
106040,Leo White,107,E,Business
106041,Olivia Garcia,298,X,Economy
106042,Kate Smith,450,X,Economy
106043,Noah Smith,43,X,First
106044,Frank Johnson,6,J,First
106045,Olivia Taylor,152,W,Business
106046,Ryan Smith,39,J,First
106047,Frank Williams,23,C,First
106048,Grace Brown,393,N,Economy
106049,Ryan Johnson,76,A,Business
106050,Ryan Johnson,314,A,Economy
106051,Grace Thomas,387,L,Economy
106052,Sara Wilson,113,Z,Business
106053,Mia Brown,213,I,Economy
106054,Frank Thomas,436,E,Economy
106055,Jack Rodriguez,348,Y,Economy
106056,Mia White,29,B,First
106057,Kate Miller,28,K,First
106058,David Martinez,209,U,Business
106059,Ivy Brown,103,A,Business
106060,Grace Jones,350,E,Economy
106061,Bob Rodriguez,3,H,First
106062,Mia Martinez,127,U,Business
106063,Tom Martin,219,I,Economy
106064,Ivy Jones,288,I,Economy
106065,Quinn Smith,234,X,Economy
106066,Frank Jackson,149,R,Business
106067,Kate Davis,387,A,Economy
106068,David Taylor,212,Y,Economy
106069,Kate Harris,330,Z,Economy
106070,Henry Jackson,432,R,Economy
106071,Frank Anderson,361,U,Economy
106072,Leo Johnson,258,Z,Economy
106073,Mia Jones,421,Y,Economy
106074,Quinn White,240,V,Economy
106075,Eve White,201,R,Business
106076,Frank Davis,378,Y,Economy
106077,Ryan Taylor,82,J,Business
106078,Grace Taylor,133,F,Business
106079,David Williams,360,E,Economy
106080,Bob Jones,414,H,Economy
106081,Jack Davis,373,J,Economy
106082,Tom Harris,13,H,First
106083,Mia Miller,434,J,Economy
106084,Bob Rodriguez,92,Y,Business
106085,David Wilson,72,J,Business
106086,Frank Anderson,235,W,Economy
106087,Carol Jones,222,C,Economy
106088,Leo Johnson,154,O,Business
106089,Quinn Martin,245,R,Economy
106090,Ivy Jones,368,X,Economy
106091,Tom Martinez,308,F,Economy
106092,Sara White,114,W,Business
106093,Alice White,331,Y,Economy
106094,Paul Martin,171,Z,Business
106095,Leo Wilson,419,T,Economy
106096,Alice Rodriguez,351,L,Economy
106097,Quinn Taylor,63,U,First
106098,Ivy Anderson,156,V,Business
106099,Bob Jackson,340,V,Economy
106100,Ryan Williams,206,B,Business
106101,Henry Taylor,70,D,First
106102,Mia Jones,190,M,Business
106103,Carol Harris,326,Q,Economy
106104,Leo Smith,28,F,First
106105,Paul Garcia,290,J,Economy
106106,Leo Rodriguez,192,C,Business
106107,Carol Anderson,30,H,First
106108,Eve White,230,T,Economy
106109,Bob Davis,204,J,Business
106110,Henry Williams,217,N,Economy
106111,Quinn Jackson,5,K,First
106112,Ryan Smith,307,C,Economy
106113,Olivia White,60,G,First
106114,Olivia Rodriguez,84,L,Business
106115,Carol Rodriguez,180,A,Business
106116,Bob Davis,156,Q,Business
106117,Jack Jones,150,A,Business
106118,Paul Wilson,215,N,Economy
106119,Grace Jones,166,J,Business
106120,Bob Miller,40,W,First
106121,Ryan Anderson,376,Z,Economy
106122,Bob Rodriguez,146,A,Business
106123,Ivy White,33,T,First
106124,Ryan Wilson,425,V,Economy
106125,Ryan Davis,453,F,Economy
106126,Grace Jackson,195,F,Business
106127,Grace Wilson,259,J,Economy
106128,Carol Taylor,332,C,Economy
106129,Ivy Anderson,407,A,Economy
106130,Tom Taylor,8,N,First
106131,Tom Jones,295,C,Economy
106132,Paul Jackson,399,J,Economy
106133,Ryan Anderson,201,W,Business
106134,Jack Jones,459,L,Economy
106135,Quinn Garcia,258,Q,Economy
106136,Henry Martinez,405,J,Economy
106137,Olivia Wilson,208,M,Business
106138,Grace Garcia,261,S,Economy
106139,Leo Jackson,142,W,Business
106140,Eve Johnson,297,T,Economy
106141,Henry Brown,81,X,Business
106142,Mia Taylor,366,K,Economy
106143,Quinn Thomas,317,U,Economy
106144,Noah Jackson,274,V,Economy
106145,Jack Martinez,76,R,Business
106146,Eve Davis,322,F,Economy
106147,Quinn Harris,368,P,Economy
106148,Jack Smith,399,Z,Economy
106149,Henry Anderson,449,K,Economy
106150,Olivia Davis,436,R,Economy
106151,Kate Martinez,91,W,Business
106152,Frank Williams,73,O,Business
106153,Leo Davis,11,O,First
106154,Jack Martin,131,Y,Business
106155,Noah Jackson,268,X,Economy
106156,David Rodriguez,283,U,Economy
106157,Olivia Jackson,190,V,Business
106158,Sara Wilson,202,A,Business
106159,Noah Williams,120,S,Business
106160,Ryan Jones,3,M,First
106161,Henry Williams,76,O,Business
106162,Mia Johnson,428,J,Economy
106163,Quinn Taylor,223,I,Economy
106164,Henry Jones,419,A,Economy
106165,Tom Martinez,80,S,Business
106166,Sara Williams,283,W,Economy
106167,Eve Jones,208,D,Business
106168,Ivy Johnson,249,R,Economy
106169,Leo Davis,73,G,Business
106170,Mia Wilson,276,P,Economy
106171,Jack Martin,122,C,Business
106172,Grace Anderson,431,N,Economy
106173,Henry Jones,173,P,Business
106174,Alice Harris,129,V,Business
106175,Ivy Jackson,334,W,Economy
106176,Grace Rodriguez,448,U,Economy
106177,Grace Thomas,18,L,First
106178,Frank Jackson,111,Z,Business
106179,David Garcia,426,Q,Economy
106180,Alice Smith,274,Y,Economy
106181,Grace Martin,278,S,Economy
106182,Mia Rodriguez,9,Z,First
106183,Eve Taylor,90,J,Business
106184,Noah Thomas,292,X,Economy
106185,David Williams,445,I,Economy
106186,Tom Harris,454,S,Economy
106187,Alice Thomas,147,V,Business
106188,Eve Rodriguez,102,L,Business
106189,Alice Garcia,42,V,First
106190,Sara Taylor,313,S,Economy
106191,Jack Anderson,408,B,Economy
106192,Frank Martinez,220,J,Economy
106193,Leo Garcia,48,E,First
106194,Bob Rodriguez,215,Y,Economy
106195,Grace Williams,4,M,First
106196,Leo Smith,41,Q,First
106197,Sara Harris,407,E,Economy
106198,Carol Anderson,106,K,Business
106199,Bob Rodriguez,181,K,Business
106200,Mia White,134,R,Business
106201,Paul Brown,362,Z,Economy
106202,Sara Jones,392,H,Economy
106203,Ivy White,156,N,Business
106204,Noah Brown,206,H,Business
106205,Bob Miller,436,J,Economy
106206,Bob Miller,359,M,Economy
106207,Carol Martin,64,X,First
106208,Mia Martin,120,N,Business
106209,David Wilson,378,T,Economy
106210,Frank Smith,391,Y,Economy
106211,Henry Miller,333,Z,Economy
106212,Alice Brown,228,E,Economy
106213,Noah Martin,8,G,First
106214,Quinn White,386,X,Economy
106215,Noah Davis,74,W,Business
106216,Ivy Johnson,264,S,Economy
106217,Henry White,152,A,Business
106218,Noah Thomas,198,H,Business
106219,Grace Garcia,75,D,Business
106220,Sara Martinez,412,T,Economy
106221,Mia Martinez,8,I,First
106222,Paul Davis,281,C,Economy
106223,Alice Davis,30,E,First
106224,Henry Martinez,183,S,Business
106225,Alice Harris,304,U,Economy
106226,Alice Anderson,329,F,Economy
106227,Paul Rodriguez,188,O,Business
106228,Bob Williams,156,Z,Business
106229,Ivy Taylor,12,J,First
106230,Sara White,393,D,Economy
106231,Leo Williams,162,S,Business
106232,Alice Rodriguez,137,K,Business
106233,Olivia Jackson,261,O,Economy
106234,Kate Martinez,91,X,Business
106235,Mia Wilson,441,L,Economy
106236,Alice Garcia,418,N,Economy
106237,Olivia Garcia,230,D,Economy
106238,Paul Martinez,385,C,Economy
106239,Noah Wilson,108,F,Business
106240,Kate Harris,74,A,Business
106241,Quinn Thomas,267,D,Economy
106242,Grace Taylor,7,L,First
106243,Henry Martin,174,Z,Business
106244,Henry Wilson,215,J,Economy
106245,Jack Williams,309,W,Economy
106246,Ivy Jackson,186,C,Business
106247,Olivia Brown,300,S,Economy
106248,Bob Williams,294,P,Economy
106249,David Williams,134,O,Business
106250,David Williams,457,Y,Economy
106251,Noah Anderson,187,H,Business
106252,Grace Williams,33,F,First
106253,Mia Brown,228,S,Economy
106254,Ryan Brown,238,A,Economy
106255,Frank Davis,32,A,First
106256,Ryan Jackson,416,I,Economy
106257,Tom Harris,132,A,Business
106258,Paul Jones,131,Z,Business
106259,Grace Jackson,64,A,First
106260,Henry Harris,242,L,Economy
106261,Frank Jackson,429,K,Economy
106262,Ivy Jones,83,G,Business
106263,Eve Miller,170,U,Business
106264,Alice Garcia,188,F,Business
106265,Kate Smith,64,F,First
106266,Paul Wilson,210,A,Business
106267,Carol Garcia,257,C,Economy
106268,Leo Rodriguez,39,P,First
106269,Grace Taylor,450,Q,Economy
106270,Mia Jones,104,E,Business
106271,Eve Thomas,416,P,Economy
106272,Mia Garcia,65,U,First
106273,David Martinez,96,C,Business
106274,Alice Brown,194,T,Business
106275,Quinn Anderson,11,I,First
106276,Quinn Rodriguez,102,B,Business
106277,Quinn Johnson,119,V,Business
106278,Ivy Martinez,110,D,Business
106279,Henry Miller,331,W,Economy
106280,Bob Jones,286,Q,Economy
106281,Sara Jones,56,C,First
106282,Henry Martinez,5,I,First
106283,Leo Martin,61,H,First
106284,Grace Brown,457,C,Economy
106285,David Martin,307,P,Economy
106286,Kate Garcia,286,A,Economy
106287,Ryan Garcia,262,U,Economy
106288,Kate Anderson,282,O,Economy
106289,Kate Anderson,151,X,Business
106290,Tom Anderson,281,Z,Economy
106291,Bob Smith,26,F,First
106292,Kate Jones,448,I,Economy
106293,Frank Harris,150,N,Business
106294,David Garcia,112,D,Business
106295,Olivia Garcia,305,S,Economy
106296,Olivia Harris,197,J,Business
106297,Frank Garcia,19,L,First
106298,Frank Martin,183,C,Business
106299,Quinn Jones,52,X,First
106300,Grace White,135,I,Business
106301,Alice Martinez,411,H,Economy
106302,Frank Miller,100,Y,Business
106303,Kate Davis,396,U,Economy
106304,Noah Rodriguez,13,W,First
106305,Olivia Wilson,47,Q,First
106306,Ryan Davis,318,I,Economy
106307,Paul Wilson,52,N,First
106308,Ivy Rodriguez,417,D,Economy
106309,Sara Smith,450,T,Economy
106310,Sara Williams,127,Y,Business
106311,Jack Garcia,91,R,Business
106312,Sara Johnson,285,J,Economy
106313,Eve Jones,314,N,Economy
106314,Mia Brown,223,N,Economy
106315,Mia Miller,407,V,Economy
106316,Eve Jackson,314,B,Economy
106317,Sara Williams,62,Y,First
106318,Alice Taylor,1,T,First
106319,Jack Rodriguez,199,A,Business
106320,Leo Davis,437,X,Economy
106321,Paul Jackson,455,S,Economy
106322,Mia Jackson,86,H,Business
106323,Leo Garcia,155,I,Business
106324,Henry Smith,333,S,Economy
106325,Ryan Martinez,189,U,Business
106326,Grace Wilson,329,C,Economy
106327,Tom Garcia,102,J,Business
106328,Henry Davis,52,I,First
106329,Bob Taylor,371,F,Economy
106330,Sara Davis,324,V,Economy
106331,Sara Wilson,46,D,First
106332,Tom Jackson,290,C,Economy
106333,Frank Anderson,273,U,Economy
106334,Grace Jones,63,S,First
106335,Frank Taylor,134,B,Business
106336,Carol Martin,153,E,Business
106337,Frank Wilson,123,E,Business
106338,Ryan Miller,234,Y,Economy
106339,Sara Johnson,351,A,Economy
106340,Ivy Martin,240,O,Economy
106341,Eve Brown,353,U,Economy
106342,Grace Wilson,10,T,First
106343,Paul Smith,226,Y,Economy
106344,Paul Jones,297,Z,Economy
106345,Quinn White,413,D,Economy
106346,Ryan Rodriguez,307,U,Economy
106347,Jack Davis,146,Q,Business
106348,Ivy Rodriguez,384,N,Economy
106349,Henry Martinez,241,C,Economy
106350,Grace Rodriguez,385,L,Economy
106351,Eve Harris,412,Q,Economy
106352,Frank Thomas,57,K,First
106353,Leo Jones,6,Q,First
106354,Henry Johnson,290,Y,Economy
106355,Quinn Williams,191,W,Business
106356,Bob Anderson,170,X,Business
106357,Sara Martinez,30,Z,First
106358,Ryan Taylor,93,W,Business
106359,Henry Taylor,280,X,Economy
106360,Quinn Jackson,6,A,First
106361,Quinn Anderson,209,G,Business
106362,Olivia Harris,161,G,Business
106363,Sara Martin,165,T,Business
106364,Alice White,302,X,Economy
106365,Frank Smith,340,Y,Economy
106366,Noah Garcia,315,Z,Economy
106367,Sara Miller,300,D,Economy
106368,Ryan Smith,241,D,Economy
106369,Mia Williams,202,P,Business
106370,Jack Taylor,328,F,Economy
106371,Sara Williams,343,U,Economy
106372,Jack Rodriguez,275,H,Economy
106373,David White,150,K,Business
106374,Leo Martinez,380,R,Economy
106375,Alice Martin,404,W,Economy
106376,Quinn Rodriguez,438,I,Economy
106377,Paul Jackson,171,U,Business
106378,Carol Jackson,129,Q,Business
106379,Ryan Williams,336,L,Economy
106380,Henry Martinez,87,N,Business
106381,Frank Thomas,300,H,Economy
106382,Tom Taylor,365,Y,Economy
106383,David Jackson,215,R,Economy
106384,Frank Thomas,372,U,Economy
106385,Tom Harris,248,V,Economy
106386,Sara Garcia,358,J,Economy
106387,Eve Jones,117,V,Business
106388,Jack Martin,239,O,Economy
106389,Quinn Anderson,258,O,Economy
106390,Eve Harris,312,Y,Economy
106391,Quinn Taylor,245,S,Economy
106392,Ryan Jackson,297,G,Economy
106393,Ryan Davis,314,E,Economy
106394,Grace Davis,268,T,Economy
106395,Ivy Taylor,119,Y,Business
106396,Ryan Johnson,111,A,Business
106397,Paul Jones,240,L,Economy
106398,Mia Harris,371,O,Economy
106399,Carol Anderson,449,X,Economy
106400,Alice Davis,183,W,Business
106401,Alice Garcia,112,E,Business
106402,Sara White,140,D,Business
106403,Leo Brown,252,U,Economy
106404,Carol Davis,244,F,Economy
106405,Noah Williams,127,P,Business
106406,Henry Martin,300,T,Economy
106407,Quinn Anderson,195,I,Business
106408,Carol Johnson,57,R,First
106409,Paul Williams,391,A,Economy
106410,Frank Harris,327,X,Economy
106411,Kate Davis,3,P,First
106412,Noah Miller,106,D,Business
106413,Noah White,444,Y,Economy
106414,Leo Williams,351,V,Economy
106415,Eve Rodriguez,253,Y,Economy
106416,Olivia Wilson,173,Q,Business
106417,Noah Jackson,135,T,Business
106418,Ryan Taylor,427,M,Economy
106419,Mia Taylor,143,Q,Business
106420,Ivy Harris,152,C,Business
106421,Kate Jackson,155,C,Business
106422,Sara Wilson,133,P,Business
106423,Noah Wilson,350,J,Economy
106424,Jack Thomas,435,G,Economy
106425,Grace Brown,378,R,Economy
106426,Ryan Taylor,412,P,Economy
106427,Grace Davis,389,R,Economy
106428,Olivia Harris,395,K,Economy
106429,Tom Johnson,253,N,Economy
106430,Tom Williams,307,S,Economy
106431,Jack Williams,213,Q,Economy
106432,Bob Rodriguez,5,P,First
106433,Quinn Martin,74,U,Business
106434,Bob Davis,72,Q,Business
106435,Olivia Johnson,184,X,Business
106436,Leo Williams,105,M,Business
106437,Ivy Johnson,405,G,Economy
106438,Alice Jones,42,E,First
106439,Noah Martin,280,L,Economy
106440,Alice Harris,373,H,Economy
106441,Carol Martin,336,T,Economy
106442,Mia Williams,93,H,Business
106443,Sara Taylor,229,T,Economy
106444,Eve White,69,W,First
106445,Alice Taylor,159,T,Business
106446,Paul Taylor,199,M,Business
106447,Olivia Brown,117,E,Business
106448,Paul Smith,309,D,Economy
106449,Olivia Wilson,34,F,First
106450,Olivia Anderson,435,Q,Economy
106451,Alice Brown,363,T,Economy
106452,Noah Thomas,358,I,Economy
106453,Tom White,31,M,First
106454,Frank Jones,262,N,Economy
106455,Noah Wilson,133,T,Business
106456,Sara Smith,406,Y,Economy
106457,Noah Garcia,198,V,Business
106458,Ryan Davis,235,C,Economy
106459,Henry Taylor,38,R,First
106460,Tom Harris,63,P,First
106461,David Garcia,282,N,Economy
106462,Carol Taylor,44,H,First
106463,Olivia Rodriguez,324,X,Economy
106464,Frank Rodriguez,354,D,Economy
106465,Alice Davis,128,V,Business
106466,Alice Thomas,226,I,Economy
106467,Mia Smith,355,S,Economy
106468,Tom Miller,157,N,Business
106469,Eve Smith,8,P,First
106470,Henry Rodriguez,88,O,Business
106471,Grace Miller,311,B,Economy
106472,Paul Williams,211,A,Economy
106473,Paul Smith,218,Q,Economy
106474,Mia Jones,168,E,Business
106475,David Brown,142,B,Business
106476,Paul Thomas,181,J,Business
106477,Leo Davis,190,K,Business
106478,Ryan Thomas,434,E,Economy
106479,Sara Smith,443,F,Economy
106480,Paul Jones,253,B,Economy
106481,Noah Davis,201,T,Business
106482,Jack Rodriguez,289,U,Economy
106483,Sara Garcia,167,X,Business
106484,Ivy Anderson,452,I,Economy
106485,David Williams,46,Q,First
106486,Ivy Taylor,27,T,First
106487,Mia Harris,244,J,Economy
106488,Eve White,252,H,Economy
106489,David Wilson,354,N,Economy
106490,David Smith,40,A,First
106491,Bob Thomas,4,C,First
106492,Sara Johnson,249,Y,Economy
106493,Noah Taylor,272,C,Economy
106494,Olivia Johnson,262,R,Economy
106495,Alice Smith,177,Z,Business
106496,Alice Miller,208,U,Business
106497,Henry Smith,125,B,Business
106498,Frank Davis,362,N,Economy
106499,Jack Jackson,414,Q,Economy
106500,Quinn Garcia,447,A,Economy
106501,Ivy Jones,118,O,Business
106502,Leo Wilson,181,R,Business
106503,Noah Rodriguez,14,X,First
106504,Bob Garcia,82,V,Business
106505,Ivy Thomas,6,S,First
106506,Ryan Harris,388,W,Economy
106507,Ivy Davis,457,Q,Economy
106508,Ivy Williams,187,R,Business
106509,Mia Wilson,84,A,Business
106510,Paul Williams,64,M,First
106511,Kate Taylor,237,S,Economy
106512,Grace Rodriguez,210,R,Business
106513,Olivia Jones,96,T,Business
106514,Ivy Smith,102,R,Business
106515,Kate White,61,I,First
106516,Tom Miller,19,M,First
106517,Paul Smith,185,O,Business
106518,Grace Brown,326,M,Economy
106519,Quinn Thomas,400,J,Economy
106520,Sara Garcia,432,J,Economy
106521,Henry Jackson,153,X,Business
106522,Eve White,401,F,Economy
106523,Quinn Jones,121,N,Business
106524,Ryan Garcia,436,G,Economy
106525,David Martin,444,S,Economy
106526,David Davis,447,M,Economy
106527,Henry Thomas,31,G,First
106528,Grace Harris,219,R,Economy
106529,David Johnson,424,O,Economy
106530,Frank Garcia,112,M,Business
106531,Alice Thomas,17,F,First
106532,Frank Wilson,40,T,First
106533,Noah Miller,436,T,Economy
106534,Henry Wilson,229,B,Economy
106535,Carol Martinez,198,T,Business
106536,Kate Anderson,240,C,Economy
106537,Noah Williams,286,D,Economy
106538,Leo Jackson,41,C,First
106539,Henry Garcia,423,R,Economy
106540,Kate Williams,93,G,Business
106541,Mia Smith,312,Z,Economy
106542,Sara Jones,185,F,Business
106543,Leo Smith,310,D,Economy
106544,Mia Jones,249,T,Economy
106545,Alice Martinez,374,B,Economy
106546,Tom Jones,315,E,Economy
106547,Kate White,119,O,Business
106548,Quinn Smith,132,T,Business
106549,Grace Brown,149,P,Business
106550,Carol Anderson,269,D,Economy
106551,Quinn Thomas,303,K,Economy
106552,Sara Thomas,398,H,Economy
106553,David Williams,181,H,Business
106554,Paul Jackson,369,G,Economy
106555,Olivia Anderson,420,O,Economy
106556,Alice White,64,P,First
106557,Noah Johnson,21,H,First
106558,Frank Jackson,199,F,Business
106559,David Davis,269,V,Economy
106560,Bob Harris,108,L,Business
106561,Leo Davis,18,Q,First
106562,David Rodriguez,43,M,First
106563,Alice Williams,107,V,Business
106564,Ryan Brown,86,Z,Business
106565,Paul Brown,426,L,Economy
106566,Alice Anderson,355,L,Economy
106567,Grace Smith,366,E,Economy
106568,Ivy Rodriguez,84,C,Business
106569,Tom Thomas,93,V,Business
106570,Bob Taylor,38,Y,First
106571,Kate Anderson,288,F,Economy
106572,Eve Jackson,309,C,Economy
106573,Alice Wilson,61,O,First
106574,Kate Taylor,365,O,Economy
106575,Eve Johnson,86,T,Business
106576,Olivia Wilson,365,P,Economy
106577,Alice Anderson,54,Y,First
106578,Bob Davis,190,I,Business
106579,Jack Wilson,192,E,Business
106580,David Jones,102,F,Business
106581,Alice Rodriguez,2,M,First
106582,Henry Wilson,73,C,Business
106583,Ivy Thomas,398,F,Economy
106584,Ivy Taylor,45,S,First
106585,Noah Jones,453,O,Economy
106586,Kate Garcia,89,I,Business
106587,Bob Anderson,214,A,Economy
106588,Carol Johnson,120,Z,Business
106589,Ryan Thomas,258,H,Economy
106590,Quinn Miller,211,D,Economy
106591,Noah Jackson,312,G,Economy
106592,Ivy Jackson,305,W,Economy
106593,Henry Davis,270,H,Economy
106594,Olivia Smith,73,K,Business
106595,Leo Martin,38,X,First
106596,Alice Davis,118,M,Business
106597,Ryan Martin,347,R,Economy
106598,Mia Brown,20,Y,First
106599,Tom Rodriguez,158,V,Business
106600,Quinn Harris,104,Y,Business
106601,David Martin,343,O,Economy
106602,David Jackson,76,J,Business
106603,Olivia Jones,183,M,Business
106604,David Wilson,358,B,Economy
106605,Carol Williams,363,V,Economy
106606,Tom Jones,459,T,Economy
106607,Kate Garcia,162,F,Business
106608,Carol Martinez,311,R,Economy
106609,Frank White,306,H,Economy
106610,Noah Jones,394,M,Economy
106611,Jack Taylor,30,P,First
106612,Quinn Brown,75,Z,Business
106613,Henry Miller,67,F,First
106614,Henry Martinez,393,F,Economy
106615,Frank Taylor,384,M,Economy
106616,Henry Garcia,151,P,Business
106617,Grace Thomas,380,G,Economy
106618,Sara Jones,276,Z,Economy
106619,Eve Jackson,49,S,First
106620,Olivia Garcia,112,A,Business
106621,David Martin,131,F,Business
106622,Mia Martin,252,N,Economy
106623,Carol Williams,15,K,First
106624,Frank Smith,231,K,Economy
106625,Kate Thomas,42,I,First
106626,Ivy Garcia,289,P,Economy
106627,Tom Wilson,49,O,First
106628,Sara Jackson,9,N,First
106629,Noah Brown,4,A,First
106630,Quinn Smith,204,Q,Business
106631,Kate White,447,C,Economy
106632,Ryan White,165,A,Business
106633,Tom Harris,275,N,Economy
106634,Ryan Miller,443,A,Economy
106635,Carol Brown,287,H,Economy
106636,Henry Garcia,425,Z,Economy
106637,Alice Garcia,277,C,Economy
106638,Alice Davis,57,U,First
106639,Ryan Thomas,291,L,Economy
106640,Tom Williams,143,Y,Business
106641,Noah Smith,75,F,Business
106642,Ryan Davis,144,H,Business
106643,Jack Williams,405,Y,Economy
106644,Leo Johnson,79,V,Business
106645,Olivia Anderson,6,U,First
106646,Bob Williams,410,X,Economy
106647,Jack Taylor,441,F,Economy
106648,Olivia Williams,152,G,Business
106649,Noah Anderson,311,P,Economy
106650,Leo Harris,28,W,First
106651,Paul Martin,209,Z,Business
106652,Mia White,271,T,Economy
106653,Carol Taylor,425,J,Economy
106654,Carol Jackson,208,Q,Business
106655,Alice Martin,29,U,First
106656,Olivia Martinez,341,D,Economy
106657,David Davis,198,S,Business
106658,Frank Davis,414,T,Economy
106659,Leo Jones,246,B,Economy
106660,Paul Miller,51,V,First
106661,Quinn Rodriguez,20,J,First
106662,Bob Harris,42,F,First
106663,Bob Thomas,66,B,First
106664,Tom Harris,121,E,Business
106665,Alice Taylor,81,D,Business
106666,Eve Anderson,158,X,Business
106667,Mia Wilson,178,K,Business
106668,Leo Johnson,21,T,First
106669,Sara Martinez,126,B,Business
106670,Frank Smith,149,M,Business
106671,Olivia Johnson,168,G,Business
106672,Eve Miller,68,F,First
106673,Leo Davis,151,M,Business
106674,Kate Thomas,80,V,Business
106675,Olivia Johnson,303,V,Economy
106676,Alice Johnson,269,F,Economy
106677,Mia Davis,232,J,Economy
106678,Eve Anderson,392,B,Economy
106679,Noah Martinez,287,M,Economy
106680,Carol Smith,55,Y,First
106681,Mia Jones,76,X,Business
106682,Carol Garcia,109,B,Business
106683,Henry Wilson,354,P,Economy
106684,Henry Smith,347,B,Economy
106685,Eve Davis,207,K,Business
106686,Alice Anderson,440,J,Economy
106687,David Garcia,216,E,Economy
106688,Paul Jones,450,E,Economy
106689,David Brown,457,O,Economy
106690,Leo Rodriguez,160,X,Business
106691,Paul Thomas,77,Z,Business
106692,Henry White,335,U,Economy
106693,Henry Martin,13,E,First
106694,Henry Williams,203,Y,Business
106695,Ivy Harris,343,I,Economy
106696,Eve Taylor,201,I,Business
106697,Eve Williams,442,X,Economy
106698,Frank Harris,320,W,Economy
106699,Bob Jackson,428,W,Economy
106700,Alice Miller,340,D,Economy
106701,Kate Thomas,410,S,Economy
106702,Mia Brown,168,J,Business
106703,Kate Garcia,82,K,Business
106704,Bob Miller,241,P,Economy
106705,Bob Anderson,12,T,First
106706,Sara Anderson,194,H,Business
106707,Tom Martin,338,N,Economy
106708,Paul Williams,344,S,Economy
106709,Paul Williams,436,L,Economy
106710,Leo Martinez,182,F,Business
106711,Ivy Martin,318,G,Economy
106712,Paul Miller,365,T,Economy
106713,Bob Harris,26,K,First
106714,Ryan Thomas,20,M,First
106715,Bob Johnson,459,M,Economy
106716,Olivia Jackson,4,O,First
106717,Grace Jones,75,J,Business
106718,Grace Brown,458,K,Economy
106719,Bob Jackson,420,S,Economy
106720,Carol Taylor,294,L,Economy
106721,Leo White,348,V,Economy
106722,Mia Brown,288,B,Economy
106723,Ryan Williams,261,E,Economy
106724,Mia Jones,357,E,Economy
106725,Quinn Smith,50,I,First
106726,Paul Johnson,414,K,Economy
106727,David Smith,110,U,Business
106728,Olivia Williams,71,P,Business
106729,Sara Martinez,333,C,Economy
106730,Henry Miller,47,Z,First
106731,Henry Johnson,427,X,Economy
106732,Olivia Anderson,302,T,Economy
106733,Eve Smith,70,Z,First
106734,David Thomas,154,L,Business
106735,Paul Taylor,33,Q,First
106736,Grace Miller,68,Y,First
106737,Grace Smith,458,R,Economy
106738,Olivia Taylor,7,D,First
106739,David White,300,W,Economy
106740,Grace Anderson,189,B,Business
106741,Tom Taylor,128,X,Business
106742,Ivy Martinez,65,C,First
106743,Alice Johnson,441,V,Economy
106744,Ivy Anderson,203,O,Business
106745,Henry Rodriguez,287,A,Economy
106746,Grace Johnson,248,B,Economy
106747,Sara Martinez,85,E,Business
106748,Ryan Brown,78,X,Business
106749,Ryan Jackson,234,E,Economy
106750,Leo White,207,V,Business
106751,Bob Davis,345,N,Economy
106752,Noah Martin,104,L,Business
106753,David White,270,Z,Economy
106754,Frank Wilson,2,V,First
106755,Grace Jackson,427,A,Economy
106756,David Rodriguez,440,Z,Economy
106757,Frank Davis,151,D,Business
106758,Mia Rodriguez,134,V,Business
106759,Noah Smith,188,W,Business
106760,Leo Garcia,418,H,Economy
106761,Carol Harris,76,F,Business
106762,Leo Miller,231,G,Economy
106763,Olivia Brown,116,X,Business
106764,Kate Jackson,159,C,Business
106765,Sara Johnson,413,U,Economy
106766,Eve Harris,3,G,First
106767,Quinn Thomas,123,A,Business
106768,Sara Miller,444,H,Economy
106769,Frank Jones,35,C,First
106770,Mia Smith,38,M,First
106771,Ivy Miller,129,R,Business
106772,Mia Martinez,102,N,Business
106773,Bob Martinez,250,H,Economy
106774,Leo Williams,176,E,Business
106775,Kate Martinez,260,Y,Economy
106776,Eve Anderson,288,U,Economy
106777,Grace Anderson,316,K,Economy
106778,Frank Miller,131,V,Business
106779,Henry Smith,409,E,Economy
106780,Ivy Johnson,388,J,Economy
106781,Sara Miller,100,Q,Business
106782,David Jackson,217,Q,Economy
106783,Kate Smith,391,K,Economy
106784,Grace White,445,R,Economy
106785,Henry Smith,423,C,Economy
106786,Henry Wilson,34,G,First
106787,Bob Martin,445,X,Economy
106788,Henry Smith,74,E,Business
106789,Jack Harris,51,J,First
106790,Quinn Smith,186,J,Business
106791,Sara Rodriguez,195,J,Business
106792,Sara Thomas,84,O,Business
106793,Eve Johnson,311,Y,Economy
106794,Quinn Rodriguez,324,I,Economy
106795,Quinn Jackson,196,M,Business
106796,Leo Brown,154,X,Business
106797,Henry Harris,46,A,First
106798,Alice Johnson,295,J,Economy
106799,Paul Johnson,330,O,Economy
106800,Bob Miller,325,I,Economy
106801,Frank Smith,384,T,Economy
106802,Olivia Rodriguez,68,G,First
106803,Jack Davis,111,R,Business
106804,Ivy Harris,139,T,Business
106805,Paul Jones,88,T,Business
106806,Sara Martinez,115,J,Business
106807,Jack Harris,428,E,Economy
106808,Carol Brown,148,D,Business
106809,Noah Harris,184,U,Business
106810,Ivy Williams,57,E,First
106811,Jack Jones,26,U,First
106812,Mia Davis,128,Q,Business
106813,David Miller,322,M,Economy
106814,David Johnson,11,Y,First
106815,Bob Davis,377,Y,Economy
106816,Ivy Johnson,213,M,Economy
106817,Olivia Jackson,364,S,Economy
106818,Olivia Miller,144,D,Business
106819,Sara Brown,257,O,Economy
106820,Grace Davis,181,L,Business
106821,Kate Martin,175,W,Business
106822,Tom Jones,161,P,Business
106823,Carol Davis,297,K,Economy
106824,Tom Garcia,110,Z,Business
106825,Bob Wilson,273,Z,Economy
106826,Quinn Martin,330,D,Economy
106827,Ryan Smith,218,P,Economy
106828,Frank Anderson,172,K,Business
106829,Tom Rodriguez,439,W,Economy
106830,Henry Williams,157,E,Business
106831,Jack Anderson,186,K,Business
106832,Noah Miller,329,Q,Economy
106833,David Taylor,250,U,Economy
106834,Grace Rodriguez,273,P,Economy
106835,Ivy Johnson,132,K,Business
106836,Eve Johnson,442,C,Economy
106837,Paul Davis,370,K,Economy
106838,Alice Davis,168,B,Business
106839,Frank White,9,F,First
106840,Kate Garcia,154,Y,Business
106841,Bob Brown,364,Y,Economy
106842,Sara Jones,96,A,Business
106843,Leo Anderson,192,O,Business
106844,Carol Jackson,372,X,Economy
106845,Noah Taylor,23,L,First
106846,Paul Miller,361,B,Economy
106847,Henry Rodriguez,275,S,Economy
106848,Mia Johnson,133,I,Business
106849,Kate Harris,66,U,First
106850,Bob Harris,39,A,First
106851,Noah Williams,40,O,First
106852,Noah Martinez,279,F,Economy
106853,Mia Davis,66,M,First
106854,Eve Jackson,447,O,Economy
106855,Leo Martinez,58,O,First
106856,Frank Martinez,356,N,Economy
106857,Quinn White,54,L,First
106858,Carol Brown,413,L,Economy
106859,Jack Martinez,205,H,Business
106860,Eve Miller,164,H,Business
106861,Frank Rodriguez,168,Z,Business
106862,Bob Davis,71,U,Business
106863,Olivia Garcia,223,J,Economy
106864,Noah Wilson,35,U,First
106865,Paul Jones,144,R,Business
106866,Mia Martinez,298,I,Economy
106867,Eve Smith,89,S,Business
106868,Grace Wilson,151,G,Business
106869,Frank Harris,27,R,First
106870,Quinn Miller,311,L,Economy
106871,Frank White,274,D,Economy
106872,Alice Smith,139,O,Business
106873,Olivia Rodriguez,330,S,Economy
106874,Henry Johnson,105,G,Business
106875,Noah Smith,314,V,Economy
106876,Grace Jackson,32,R,First
106877,Ryan Rodriguez,455,E,Economy
106878,Carol Rodriguez,406,X,Economy
106879,Noah White,246,G,Economy
106880,Tom White,97,A,Business
106881,Ryan Davis,420,I,Economy
106882,Tom Wilson,212,X,Economy
106883,Bob Rodriguez,238,Q,Economy
106884,Noah White,176,J,Business
106885,Sara Martinez,381,I,Economy
106886,Noah Brown,38,N,First
106887,Grace Thomas,178,D,Business
106888,Olivia Martin,120,Q,Business
106889,Alice Miller,346,W,Economy
106890,Olivia Thomas,416,M,Economy
106891,Ryan Jones,139,M,Business
106892,Kate Miller,446,Y,Economy
106893,Tom Jones,327,U,Economy
106894,Noah Anderson,395,Y,Economy
106895,Kate Davis,397,W,Economy
106896,Ryan Jones,340,O,Economy
106897,Henry Johnson,347,Q,Economy
106898,David Williams,335,V,Economy
106899,David Rodriguez,396,Y,Economy
106900,Olivia Garcia,351,M,Economy
106901,Quinn Anderson,308,T,Economy
106902,Alice Miller,40,L,First
106903,Eve Harris,160,F,Business
106904,Ryan Taylor,156,T,Business
106905,Carol Smith,22,B,First
106906,Mia Smith,203,M,Business
106907,Mia Brown,262,T,Economy
106908,Bob Smith,31,W,First
106909,Bob Smith,101,U,Business
106910,Bob Williams,369,Q,Economy
106911,Grace Johnson,176,T,Business
106912,Carol Smith,450,K,Economy
106913,Frank Smith,283,M,Economy
106914,Kate Miller,201,K,Business
106915,Paul Martin,358,V,Economy
106916,David Garcia,71,R,Business
106917,Sara Thomas,213,H,Economy
106918,Paul Martin,346,T,Economy
106919,Eve Jones,91,Q,Business
106920,Jack Miller,389,P,Economy
106921,Olivia Martin,164,N,Business
106922,Paul Martinez,431,E,Economy
106923,Ivy Brown,130,X,Business
106924,Leo Brown,196,U,Business
106925,Leo Brown,335,C,Economy
106926,Mia Smith,363,J,Economy
106927,Frank Johnson,154,Z,Business
106928,Olivia Anderson,177,H,Business
106929,Bob Harris,381,P,Economy
106930,Quinn Wilson,249,P,Economy
106931,Alice Taylor,398,A,Economy
106932,Bob Rodriguez,448,O,Economy
106933,Tom Wilson,141,B,Business
106934,Sara White,166,U,Business
106935,Noah White,370,V,Economy
106936,Tom Miller,16,X,First
106937,Leo Martinez,417,L,Economy
106938,Alice Brown,15,P,First
106939,Kate Brown,341,H,Economy
106940,Henry Jackson,329,I,Economy
106941,Quinn Jones,88,Y,Business
106942,Paul Martinez,157,J,Business
106943,Leo Brown,267,Y,Economy
106944,Jack Smith,231,B,Economy
106945,Ivy Harris,312,J,Economy
106946,Eve Garcia,345,R,Economy
106947,Tom Martinez,381,M,Economy
106948,Alice Martin,338,F,Economy
106949,Bob Brown,339,W,Economy
106950,Ivy Rodriguez,188,T,Business
106951,Ryan Williams,55,K,First
106952,Sara Harris,140,S,Business
106953,Noah Jones,134,Q,Business
106954,Eve Johnson,36,C,First
106955,Mia Smith,156,H,Business
106956,Noah Williams,208,T,Business
106957,Tom Anderson,337,O,Economy
106958,Alice Jackson,397,R,Economy
106959,Bob Williams,30,M,First
106960,Bob Johnson,106,F,Business
106961,Kate Brown,152,U,Business
106962,Mia Jones,356,F,Economy
106963,David Jackson,221,W,Economy
106964,Mia Smith,136,U,Business
106965,Quinn Brown,109,V,Business
106966,Sara Davis,415,T,Economy
106967,Quinn Smith,327,E,Economy
106968,Ryan Smith,268,L,Economy
106969,Noah Rodriguez,391,V,Economy
106970,Ivy Miller,435,M,Economy
106971,Bob Brown,219,D,Economy
106972,Ivy Jones,29,X,First
106973,Tom Martinez,143,A,Business
106974,Paul Wilson,73,Q,Business
106975,Tom Smith,357,U,Economy
106976,Tom Brown,108,S,Business
106977,Eve Wilson,195,K,Business
106978,Quinn Taylor,103,U,Business
106979,Paul Wilson,198,M,Business
106980,Paul Miller,134,Y,Business
106981,Mia Smith,144,W,Business
106982,Grace Smith,199,S,Business
106983,Frank Jones,253,O,Economy
106984,Noah Miller,45,V,First
106985,Paul Brown,77,F,Business
106986,Frank Jackson,361,Z,Economy
106987,Sara Smith,296,H,Economy
106988,Quinn Garcia,223,U,Economy
106989,Jack Jones,393,S,Economy
106990,Leo Williams,137,Q,Business
106991,Ryan Harris,241,S,Economy
106992,Henry Williams,58,Q,First
106993,Quinn Williams,1,V,First
106994,Carol Williams,86,U,Business
106995,Mia Miller,85,F,Business
106996,Tom Garcia,20,D,First
106997,Mia Jackson,267,P,Economy
106998,Mia Davis,14,B,First
106999,Paul Wilson,259,S,Economy
107000,David Anderson,250,G,Economy
107001,David Anderson,68,R,First
107002,Grace Johnson,384,W,Economy
107003,Grace White,166,M,Business
107004,Paul Rodriguez,17,A,First
107005,Quinn Martin,247,O,Economy
107006,Kate Taylor,80,Q,Business
107007,Frank Brown,110,F,Business
107008,Frank Davis,142,N,Business
107009,Quinn Rodriguez,170,B,Business
107010,David Davis,125,Y,Business
107011,Jack Anderson,17,Z,First
107012,Eve Brown,184,R,Business
107013,Quinn Rodriguez,257,D,Economy
107014,Mia Martinez,119,A,Business
107015,Jack Thomas,214,C,Economy
107016,Henry Smith,266,Y,Economy
107017,Jack Williams,180,Q,Business
107018,David Martin,29,Q,First
107019,Frank White,296,W,Economy
107020,Ivy Jackson,435,W,Economy
107021,Kate Williams,385,W,Economy
107022,Leo Davis,317,G,Economy
107023,Paul Jackson,258,J,Economy
107024,Frank White,249,G,Economy
107025,Ryan Jones,21,V,First
107026,Leo Davis,373,P,Economy
107027,Grace Smith,400,B,Economy
107028,Tom Jones,9,Q,First
107029,Eve White,75,G,Business
107030,Quinn Thomas,96,R,Business
107031,Tom Taylor,53,X,First
107032,Kate Anderson,345,M,Economy
107033,Jack Jones,371,I,Economy
107034,Ivy Garcia,82,N,Business
107035,Olivia Taylor,129,H,Business
107036,Grace Jackson,125,A,Business
107037,Ryan Rodriguez,294,T,Economy
107038,Noah Taylor,195,P,Business
107039,Eve Williams,103,K,Business
107040,David Johnson,190,P,Business
107041,Jack Harris,282,V,Economy
107042,Tom Johnson,180,J,Business
107043,Carol Davis,182,H,Business
107044,Tom Rodriguez,54,U,First
107045,Leo Garcia,105,H,Business
107046,Bob Smith,88,J,Business
107047,David Brown,109,I,Business
107048,Leo Martin,380,C,Economy
107049,Paul Harris,229,Q,Economy
107050,Kate Garcia,55,B,First
107051,Quinn Miller,166,T,Business
107052,Carol Taylor,13,D,First
107053,Paul Martinez,79,J,Business
107054,Eve Anderson,134,X,Business
107055,Quinn Davis,36,O,First
107056,Eve Jones,133,Q,Business
107057,Ryan Davis,286,Z,Economy
107058,Ivy Smith,118,S,Business
107059,Mia Miller,45,L,First
107060,Eve Smith,172,F,Business
107061,Eve Martinez,326,P,Economy
107062,Sara Martin,271,R,Economy
107063,Jack Taylor,171,C,Business
107064,Henry Jones,112,W,Business
107065,Henry Taylor,325,C,Economy
107066,Ivy Jones,339,L,Economy
107067,Ivy Brown,192,L,Business
107068,Olivia Jackson,416,V,Economy
107069,Olivia Harris,9,Y,First
107070,Eve Davis,122,J,Business
107071,Mia White,60,R,First
107072,Bob Harris,29,C,First
107073,Leo Thomas,441,P,Economy
107074,Noah Martinez,45,Z,First
107075,Leo Wilson,303,B,Economy
107076,Carol Johnson,209,T,Business
107077,Kate White,235,O,Economy
107078,Frank Rodriguez,226,H,Economy
107079,Jack White,263,Q,Economy
107080,Kate Martinez,209,M,Business
107081,Paul Anderson,137,C,Business
107082,Sara Jones,328,O,Economy
107083,Quinn Martinez,81,K,Business
107084,Eve White,127,X,Business
107085,Ivy Jackson,452,W,Economy
107086,Henry Smith,349,F,Economy
107087,David Martin,16,T,First
107088,David Smith,383,O,Economy
107089,Frank Smith,397,C,Economy
107090,Henry Jackson,66,V,First
107091,Paul Martin,144,F,Business
107092,Tom Thomas,358,O,Economy
107093,David Jackson,91,H,Business
107094,Carol Garcia,349,D,Economy
107095,Ryan Davis,106,J,Business
107096,Eve Miller,155,Q,Business
107097,Grace Garcia,282,S,Economy
107098,Kate Johnson,109,K,Business
107099,Bob Taylor,172,P,Business
107100,Noah Rodriguez,17,K,First
107101,Carol Anderson,47,B,First
107102,Frank Jackson,34,H,First
107103,Quinn Smith,449,U,Economy
107104,Eve Harris,29,G,First
107105,Quinn Johnson,132,C,Business
107106,Noah Smith,177,P,Business
107107,Ryan Rodriguez,47,D,First
107108,Bob Miller,57,W,First
107109,Olivia Brown,45,O,First
107110,Paul Martinez,297,J,Economy
107111,Mia White,4,R,First
107112,Eve Harris,177,Q,Business
107113,Kate Martinez,62,G,First
107114,Kate Martinez,122,U,Business
107115,Henry Davis,257,E,Economy
107116,Jack Taylor,166,O,Business
107117,Alice Jones,106,I,Business
107118,Ryan White,150,M,Business
107119,Mia Williams,170,T,Business
107120,Jack Garcia,59,D,First
107121,David Williams,44,Q,First
107122,Grace Martin,146,V,Business
107123,Grace Thomas,208,Y,Business
107124,Eve Jackson,160,Q,Business
107125,David Miller,8,R,First
107126,Eve Harris,435,A,Economy
107127,David Davis,43,Q,First
107128,Ryan Jones,128,K,Business
107129,Eve Martinez,136,V,Business
107130,Henry Brown,217,B,Economy
107131,Bob Smith,363,G,Economy
107132,Bob Rodriguez,93,S,Business
107133,Quinn Jackson,326,L,Economy
107134,Olivia Miller,38,T,First
107135,Olivia White,325,Y,Economy
107136,Eve Thomas,289,A,Economy
107137,Ivy Garcia,294,A,Economy
107138,Paul Davis,36,D,First
107139,Mia Johnson,131,E,Business
107140,Eve Anderson,424,C,Economy
107141,Henry Williams,142,V,Business
107142,Noah Smith,106,C,Business
107143,Ivy Martinez,143,B,Business
107144,Alice Williams,97,Q,Business
107145,Quinn Miller,345,L,Economy
107146,Jack Miller,460,F,Economy
107147,Grace White,197,X,Business
107148,Quinn Jackson,142,R,Business
107149,Olivia Jackson,99,T,Business
107150,Carol Johnson,160,N,Business
107151,David Jackson,184,A,Business
107152,Leo Harris,258,U,Economy
107153,Bob Williams,398,N,Economy
107154,Olivia Davis,254,Q,Economy
107155,Kate Williams,450,W,Economy
107156,Bob Davis,174,K,Business
107157,Olivia Anderson,105,O,Business
107158,Noah Rodriguez,234,M,Economy
107159,Ryan White,344,M,Economy
107160,Paul Martin,256,V,Economy
107161,Paul Smith,50,Z,First
107162,Tom Harris,340,C,Economy
107163,Grace Thomas,150,L,Business
107164,Olivia Jackson,397,T,Economy
107165,Ivy Anderson,325,O,Economy
107166,Quinn Miller,44,I,First
107167,Paul Rodriguez,28,Q,First
107168,Grace Garcia,408,Z,Economy
107169,Sara Anderson,213,S,Economy
107170,Carol Anderson,230,J,Economy
107171,Olivia Davis,214,O,Economy
107172,Kate Brown,237,P,Economy
107173,Grace Rodriguez,156,X,Business
107174,Grace Jones,353,J,Economy
107175,Grace Martinez,385,Q,Economy
107176,Frank White,217,R,Economy
107177,Kate Anderson,452,Y,Economy
107178,Paul Harris,7,Q,First
107179,Ivy Williams,427,J,Economy
107180,Ryan Jackson,11,D,First
107181,Leo Brown,25,S,First
107182,Paul Jackson,24,D,First
107183,Ryan White,433,U,Economy
107184,Olivia Martinez,253,S,Economy
107185,Frank Wilson,138,Y,Business
107186,Grace Thomas,10,U,First
107187,Carol Davis,292,D,Economy
107188,Quinn Wilson,454,B,Economy
107189,Sara Rodriguez,444,J,Economy
107190,Paul Williams,199,Q,Business
107191,Carol Williams,117,B,Business
107192,Ryan Davis,19,G,First
107193,Bob Brown,420,Z,Economy
107194,Jack Anderson,423,J,Economy
107195,Tom Jones,302,A,Economy
107196,Ivy Jackson,202,O,Business
107197,Noah Anderson,212,A,Economy
107198,Kate Jackson,109,C,Business
107199,Carol Smith,61,W,First
107200,Bob Smith,18,G,First
107201,Paul Jackson,458,M,Economy
107202,Jack Martinez,273,L,Economy
107203,David Taylor,127,Q,Business
107204,Carol Harris,8,S,First
107205,Frank Miller,411,P,Economy
107206,Paul White,344,C,Economy
107207,Noah Harris,399,S,Economy
107208,David Thomas,120,R,Business
107209,Grace Brown,341,E,Economy
107210,Ryan Garcia,301,I,Economy
107211,Henry Martinez,250,K,Economy
107212,Grace Anderson,287,J,Economy
107213,Quinn Jackson,429,O,Economy
107214,Carol Miller,374,Q,Economy
107215,Jack Martinez,359,Y,Economy
107216,Carol Anderson,180,Y,Business
107217,Carol White,345,O,Economy
107218,Noah Rodriguez,108,G,Business
107219,Tom Wilson,48,S,First
107220,Frank Taylor,217,V,Economy
107221,David Miller,392,X,Economy
107222,Quinn Harris,332,Y,Economy
107223,Eve Jones,377,B,Economy
107224,Jack Anderson,336,Q,Economy
107225,Mia Martin,420,D,Economy
107226,Noah Anderson,145,V,Business
107227,Eve Harris,179,Q,Business
107228,Carol Johnson,11,G,First
107229,Grace Miller,255,L,Economy
107230,Henry White,309,E,Economy
107231,Quinn Harris,295,T,Economy
107232,Eve Williams,91,J,Business
107233,Carol Jackson,87,K,Business
107234,Bob Anderson,342,R,Economy
107235,Ivy Martin,436,U,Economy
107236,Grace Jones,390,R,Economy
107237,Ryan Garcia,100,E,Business
107238,Mia Brown,132,U,Business
107239,Grace Davis,15,C,First
107240,Grace Anderson,74,N,Business
107241,Frank Taylor,67,C,First
107242,Henry Martinez,133,U,Business
107243,Frank Taylor,107,X,Business
107244,Carol Martin,80,E,Business
107245,Ryan White,130,C,Business
107246,Frank Williams,170,R,Business
107247,Noah Williams,298,R,Economy
107248,Ivy Harris,435,T,Economy
107249,Ryan Miller,449,M,Economy
107250,Frank Miller,313,Y,Economy
107251,Quinn Davis,59,K,First
107252,Mia Martin,41,F,First
107253,Noah Johnson,391,Z,Economy
107254,Quinn Jones,291,O,Economy
107255,Olivia Jackson,235,J,Economy
107256,Carol Rodriguez,75,T,Business
107257,Paul Martinez,386,V,Economy
107258,Olivia Jackson,79,P,Business
107259,Kate Wilson,39,H,First
107260,Ryan Smith,301,C,Economy
107261,Bob Taylor,213,V,Economy
107262,Jack White,446,W,Economy
107263,Grace Garcia,322,W,Economy
107264,David Martinez,408,O,Economy
107265,Frank Martinez,305,Q,Economy
107266,Ryan Anderson,115,E,Business
107267,Ivy Harris,210,Q,Business
107268,Eve White,52,B,First
107269,Quinn Martin,218,F,Economy
107270,Olivia Garcia,126,J,Business
107271,Carol Williams,126,U,Business
107272,Carol Taylor,39,V,First
107273,Carol Anderson,107,Z,Business
107274,Grace Jackson,177,K,Business
107275,Mia Davis,306,Z,Economy
107276,Jack Harris,198,U,Business
107277,Grace Martin,198,Y,Business
107278,Bob Garcia,232,G,Economy
107279,Ryan Martin,282,J,Economy
107280,Jack Smith,174,Q,Business
107281,Bob Jones,445,T,Economy
107282,Leo Garcia,430,U,Economy
107283,Quinn Davis,430,Q,Economy
107284,Grace Jackson,201,N,Business
107285,Carol Garcia,207,G,Business
107286,Bob Rodriguez,143,U,Business
107287,Mia Miller,19,U,First
107288,Tom Taylor,410,Y,Economy
107289,Grace Taylor,159,I,Business
107290,Grace White,18,T,First
107291,Kate Anderson,412,R,Economy
107292,Paul Jackson,28,R,First
107293,Noah Davis,137,F,Business
107294,Carol White,150,S,Business
107295,Jack Martinez,187,O,Business
107296,David Miller,99,R,Business
107297,Quinn Wilson,386,L,Economy
107298,Ivy Davis,49,U,First
107299,Ryan Martinez,52,U,First
107300,Tom Thomas,88,D,Business
107301,Quinn Anderson,68,V,First
107302,Eve Harris,253,W,Economy
107303,Frank Miller,381,Z,Economy
107304,Carol Smith,158,L,Business
107305,Sara Rodriguez,100,P,Business
107306,Noah Martin,133,W,Business
107307,Paul Taylor,388,Y,Economy
107308,Bob Garcia,15,H,First
107309,Jack Anderson,215,A,Economy
107310,Alice Martin,146,L,Business
107311,Carol Johnson,169,Y,Business
107312,Noah Harris,85,A,Business
107313,Tom Harris,253,R,Economy
107314,Mia Davis,358,X,Economy
107315,Paul Anderson,24,U,First
107316,Quinn Jones,424,Q,Economy
107317,Eve Brown,409,W,Economy
107318,Olivia Miller,29,O,First
107319,David Martinez,355,W,Economy
107320,Carol Thomas,270,O,Economy
107321,David White,8,U,First
107322,Olivia Rodriguez,416,W,Economy
107323,Ivy Jackson,336,O,Economy
107324,Grace Martin,209,H,Business
107325,David Taylor,228,C,Economy
107326,Ryan White,330,Q,Economy
107327,Mia Smith,459,P,Economy
107328,Carol Davis,183,P,Business
107329,Olivia Rodriguez,170,M,Business
107330,Frank Anderson,278,M,Economy
107331,Ryan Rodriguez,191,S,Business
107332,Olivia Johnson,372,M,Economy
107333,Leo Miller,47,P,First
107334,Noah Taylor,193,Q,Business
107335,Eve Harris,291,G,Economy
107336,Olivia Martin,152,X,Business
107337,Paul Johnson,215,K,Economy
107338,Noah Johnson,195,S,Business
107339,Ivy Anderson,104,K,Business
107340,Mia White,206,A,Business
107341,Grace Taylor,412,M,Economy
107342,Alice Davis,321,I,Economy
107343,Leo White,238,B,Economy
107344,Ryan Williams,159,S,Business
107345,David Johnson,172,L,Business
107346,Noah Anderson,413,Q,Economy
107347,Kate Martin,238,W,Economy
107348,Grace Garcia,186,I,Business
107349,David Miller,404,Z,Economy
107350,Jack White,150,G,Business
107351,Henry Anderson,282,L,Economy
107352,Ivy Rodriguez,220,O,Economy
107353,Bob Garcia,179,P,Business
107354,David Miller,448,S,Economy
107355,David Garcia,88,A,Business
107356,Tom Johnson,44,V,First
107357,Henry Taylor,363,S,Economy
107358,Leo Miller,182,R,Business
107359,Quinn Johnson,43,A,First
107360,Grace Harris,356,D,Economy
107361,Olivia Martin,75,N,Business
107362,Carol Garcia,193,F,Business
107363,Frank Davis,449,W,Economy
107364,Grace Martinez,236,E,Economy
107365,Carol Martinez,182,T,Business
107366,Frank Williams,119,L,Business
107367,Quinn Taylor,363,F,Economy
107368,Mia Davis,64,H,First
107369,Alice Jackson,210,G,Business
107370,Bob Harris,95,Z,Business
107371,Kate Taylor,201,V,Business
107372,Ryan Garcia,433,Y,Economy
107373,Ryan Rodriguez,417,S,Economy
107374,Carol Jackson,153,O,Business
107375,Jack Garcia,363,Q,Economy
107376,Quinn Rodriguez,403,C,Economy
107377,Eve Martinez,83,K,Business
107378,Paul Williams,82,W,Business
107379,Ivy Miller,105,Z,Business
107380,Mia Harris,159,H,Business
107381,Grace Miller,29,R,First
107382,Jack Williams,17,O,First
107383,Ivy Martin,3,O,First
107384,Henry Taylor,62,P,First
107385,Henry Brown,326,J,Economy
107386,Ivy Martin,210,Y,Business
107387,Grace Taylor,38,F,First
107388,Alice Davis,86,R,Business
107389,Olivia Anderson,42,G,First
107390,Ryan Johnson,62,Q,First
107391,Bob Williams,248,S,Economy
107392,Jack Miller,24,C,First
107393,Grace Taylor,233,Y,Economy
107394,Tom Martin,406,P,Economy
107395,Leo Martinez,381,G,Economy
107396,Paul White,143,M,Business
107397,Olivia Garcia,221,D,Economy
107398,Quinn Taylor,9,A,First
107399,Carol Anderson,79,A,Business
107400,Olivia Davis,395,G,Economy
107401,Alice Brown,431,K,Economy
107402,Ivy Williams,162,T,Business
107403,Jack Thomas,185,B,Business
107404,Bob Martinez,137,N,Business
107405,David Brown,196,R,Business
107406,Quinn Brown,399,F,Economy
107407,Carol Johnson,45,Y,First
107408,Ryan Brown,182,D,Business
107409,Quinn Garcia,120,J,Business
107410,Eve Martinez,32,M,First
107411,Bob Rodriguez,13,O,First
107412,Noah Wilson,138,T,Business
107413,Mia White,328,T,Economy
107414,David Davis,294,D,Economy
107415,Bob Thomas,32,K,First
107416,Paul Martin,129,X,Business
107417,Paul Rodriguez,307,N,Economy
107418,Tom Wilson,289,Q,Economy
107419,Olivia Martin,369,C,Economy
107420,Ryan Davis,262,Q,Economy
107421,Henry Jones,237,A,Economy
107422,Tom Jones,120,H,Business
107423,Eve Harris,328,L,Economy
107424,Paul Thomas,262,H,Economy
107425,Alice Rodriguez,200,S,Business
107426,Henry Smith,194,D,Business
107427,Ivy Harris,118,E,Business
107428,Paul Williams,66,D,First
107429,Ivy Harris,198,W,Business
107430,Jack Taylor,396,E,Economy
107431,Paul Martinez,198,J,Business
107432,Ryan Taylor,289,C,Economy
107433,Tom Rodriguez,83,I,Business
107434,Olivia Jones,267,F,Economy
107435,Sara Thomas,178,Z,Business
107436,Ivy Smith,218,B,Economy
107437,Mia Martin,290,K,Economy
107438,Alice Williams,104,M,Business
107439,Ryan Jackson,143,E,Business
107440,Kate Harris,358,Y,Economy
107441,Olivia Wilson,222,R,Economy
107442,Paul White,164,I,Business
107443,Jack Smith,117,Z,Business
107444,Noah Miller,312,V,Economy
107445,Ryan Williams,295,B,Economy
107446,Quinn Taylor,319,T,Economy
107447,Noah Wilson,126,W,Business
107448,Noah Smith,78,Z,Business
107449,Frank Johnson,86,I,Business
107450,Frank Johnson,356,C,Economy
107451,Leo Martin,308,N,Economy
107452,Sara Miller,278,T,Economy
107453,Noah Wilson,417,I,Economy
107454,Henry White,400,G,Economy
107455,Noah Taylor,392,G,Economy
107456,Tom White,135,M,Business
107457,Mia Johnson,343,A,Economy
107458,Noah Johnson,393,O,Economy
107459,Ivy Taylor,263,S,Economy
107460,Olivia Johnson,111,V,Business
107461,Sara Harris,119,I,Business
107462,Olivia Rodriguez,150,P,Business
107463,David Jackson,216,M,Economy
107464,Mia Garcia,206,Z,Business
107465,Quinn Garcia,257,U,Economy
107466,Noah Rodriguez,30,W,First
107467,Bob Wilson,13,C,First
107468,David Garcia,141,X,Business
107469,Jack Harris,37,K,First
107470,Grace Garcia,386,G,Economy
107471,Mia Johnson,204,X,Business
107472,Jack Brown,186,S,Business
107473,Carol Jackson,170,J,Business
107474,Olivia Harris,447,N,Economy
107475,Alice Davis,140,C,Business
107476,Ivy White,58,F,First
107477,Henry Martin,318,B,Economy
107478,Grace Harris,72,D,Business
107479,Grace Miller,111,X,Business
107480,Paul Wilson,24,V,First
107481,Henry Rodriguez,261,C,Economy
107482,Frank Davis,317,V,Economy
107483,David White,143,L,Business
107484,Eve Harris,420,M,Economy
107485,Grace Davis,424,H,Economy
107486,Ivy Martinez,225,H,Economy
107487,Grace Thomas,39,T,First
107488,Jack Smith,58,P,First
107489,Tom Thomas,31,U,First
107490,Tom Jones,287,U,Economy
107491,Grace Brown,155,T,Business
107492,Alice Garcia,245,Y,Economy
107493,Eve Rodriguez,126,Q,Business
107494,Alice White,33,H,First
107495,Frank Rodriguez,265,Y,Economy
107496,Noah White,27,G,First
107497,Leo Garcia,19,I,First
107498,Henry Rodriguez,174,G,Business
107499,Eve White,316,N,Economy
107500,Ivy Smith,314,F,Economy
107501,Ryan Jones,269,N,Economy
107502,Quinn Jackson,436,O,Economy
107503,Ivy Garcia,405,O,Economy
107504,Ryan Brown,222,O,Economy
107505,David Miller,226,Q,Economy
107506,Ivy Wilson,245,U,Economy
107507,Sara Smith,78,R,Business
107508,Frank Brown,231,U,Economy
107509,Carol Anderson,273,C,Economy
107510,Alice Williams,2,G,First
107511,Mia Smith,200,W,Business
107512,Olivia Williams,228,I,Economy
107513,Noah Wilson,98,P,Business
107514,Grace Williams,301,N,Economy
107515,Leo Wilson,46,U,First
107516,Quinn Davis,27,O,First
107517,Eve Rodriguez,102,Y,Business
107518,Grace Martin,135,W,Business
107519,Carol Smith,171,H,Business
107520,Sara Johnson,392,M,Economy
107521,Ryan Taylor,138,H,Business
107522,Sara Davis,124,Z,Business
107523,Ivy Martin,51,Z,First
107524,Bob Smith,341,W,Economy
107525,David Rodriguez,365,A,Economy
107526,Paul Smith,215,W,Economy
107527,Ivy Taylor,40,P,First
107528,Ryan Williams,164,S,Business
107529,Mia Taylor,13,J,First
107530,Frank Miller,144,P,Business
107531,Leo Johnson,140,X,Business
107532,Ivy Taylor,384,S,Economy
107533,Jack Taylor,289,D,Economy
107534,Tom Williams,32,I,First
107535,Paul Williams,273,D,Economy
107536,Paul Brown,123,U,Business
107537,Henry Davis,68,I,First
107538,Paul Davis,172,Q,Business
107539,Alice Miller,202,W,Business
107540,Olivia Davis,85,U,Business
107541,Noah Harris,182,I,Business
107542,David Jones,255,C,Economy
107543,Eve Martin,385,S,Economy
107544,Noah Miller,375,V,Economy
107545,Jack Anderson,392,Q,Economy
107546,Jack Harris,205,X,Business
107547,Ryan Anderson,255,Z,Economy
107548,Jack Jackson,90,V,Business
107549,Sara Brown,199,U,Business
107550,Ryan Martinez,267,A,Economy
107551,Bob Jones,220,C,Economy
107552,Grace Miller,460,A,Economy
107553,Paul Thomas,366,P,Economy
107554,Quinn Anderson,71,Y,Business
107555,Quinn Wilson,120,D,Business
107556,Olivia Harris,192,I,Business
107557,Tom Harris,167,E,Business
107558,Quinn Williams,24,S,First
107559,Alice Brown,116,C,Business
107560,Kate White,4,L,First
107561,Carol Taylor,70,V,First
107562,Noah Jackson,235,N,Economy
107563,Noah Harris,269,E,Economy
107564,Alice Martin,254,H,Economy
107565,Carol Jones,89,O,Business
107566,Bob Williams,161,Y,Business
107567,Grace Brown,218,A,Economy
107568,Carol Martin,163,I,Business
107569,Tom Martinez,395,E,Economy
107570,Carol Jones,443,O,Economy
107571,Bob Martin,98,D,Business
107572,Carol Garcia,176,K,Business
107573,Ryan Williams,180,D,Business
107574,Bob Garcia,342,O,Economy
107575,Quinn Williams,420,J,Economy
107576,Ivy Wilson,164,T,Business
107577,Ryan Taylor,15,Q,First
107578,David Smith,131,M,Business
107579,David Jackson,69,N,First
107580,Tom Davis,196,S,Business
107581,Tom White,246,W,Economy
107582,Grace Harris,46,O,First
107583,Eve Jackson,94,Y,Business
107584,Alice White,132,H,Business
107585,Leo Davis,302,G,Economy
107586,Olivia Smith,8,B,First
107587,Jack Martinez,114,I,Business
107588,Jack Thomas,398,T,Economy
107589,Mia Harris,428,A,Economy
107590,Frank Thomas,70,M,First
107591,Bob Anderson,63,G,First
107592,Olivia Davis,121,B,Business
107593,Mia Anderson,240,E,Economy
107594,Alice Brown,44,E,First
107595,Eve Garcia,83,U,Business
107596,Leo Brown,278,J,Economy
107597,Henry Anderson,20,K,First
107598,Kate Jones,37,W,First
107599,Kate Jackson,276,X,Economy
107600,Ivy Garcia,425,R,Economy
107601,Alice Jackson,53,G,First
107602,Mia Harris,147,L,Business
107603,David Thomas,408,E,Economy
107604,Carol Thomas,24,L,First
107605,Henry Davis,33,O,First
107606,David Johnson,206,P,Business
107607,Ivy Miller,232,A,Economy
107608,Leo Anderson,183,I,Business
107609,Henry Taylor,432,D,Economy
107610,Mia Taylor,372,C,Economy
107611,Eve Smith,42,W,First
107612,Jack Smith,192,N,Business
107613,Jack Wilson,253,E,Economy
107614,Frank Johnson,137,T,Business
107615,Henry Davis,328,C,Economy
107616,Paul Martin,56,F,First
107617,Henry Williams,222,N,Economy
107618,Eve Martinez,24,J,First
107619,Ivy Anderson,267,I,Economy
107620,Mia Johnson,369,K,Economy
107621,Mia Harris,447,V,Economy
107622,Noah Martinez,227,D,Economy
107623,Henry Williams,120,C,Business
107624,Ivy Martinez,320,O,Economy
107625,Grace Brown,323,Y,Economy
107626,Sara Jackson,388,V,Economy
107627,Kate Miller,28,B,First
107628,Noah Taylor,3,D,First
107629,Ivy Martin,10,Q,First
107630,David Wilson,179,V,Business
107631,Mia Taylor,107,D,Business
107632,Henry Taylor,186,O,Business
107633,Quinn White,293,P,Economy
107634,Bob Jackson,246,N,Economy
107635,Alice Miller,41,Y,First
107636,Sara Wilson,25,U,First
107637,Bob White,267,X,Economy
107638,Bob Johnson,172,B,Business
107639,Noah Miller,147,A,Business
107640,Jack Rodriguez,371,X,Economy
107641,Paul Garcia,406,E,Economy
107642,Sara White,91,Y,Business
107643,Olivia Garcia,414,E,Economy
107644,Carol Jackson,65,N,First
107645,Olivia Miller,186,L,Business
107646,Sara Davis,96,J,Business
107647,Frank Martin,194,C,Business
107648,Alice Wilson,178,Q,Business
107649,Jack Harris,175,P,Business
107650,Jack Davis,300,C,Economy
107651,Leo Wilson,211,X,Economy
107652,Bob Martinez,44,S,First
107653,Frank Harris,251,V,Economy
107654,Mia Harris,251,D,Economy
107655,Eve Martinez,162,C,Business
107656,Henry Harris,304,X,Economy
107657,Paul Davis,242,D,Economy
107658,Noah Brown,201,H,Business
107659,Olivia Rodriguez,32,U,First
107660,Bob Jones,1,W,First
107661,Ryan Thomas,342,P,Economy
107662,Bob Martin,181,U,Business
107663,Tom Brown,221,G,Economy
107664,David Smith,419,G,Economy
107665,Olivia Martin,438,V,Economy
107666,Leo Garcia,37,Z,First
107667,Henry Taylor,49,W,First
107668,Olivia Garcia,144,N,Business
107669,Frank White,134,A,Business
107670,Alice Harris,108,N,Business
107671,Eve Miller,226,G,Economy
107672,Alice Jackson,58,J,First
107673,Alice Taylor,448,Z,Economy
107674,Ryan Martin,84,E,Business
107675,Bob Anderson,373,U,Economy
107676,Carol Miller,268,U,Economy
107677,Grace Brown,339,D,Economy
107678,Bob White,104,S,Business
107679,Alice Brown,40,N,First
107680,Alice Taylor,6,Z,First
107681,Kate Martin,445,B,Economy
107682,Olivia Martinez,297,F,Economy
107683,David Miller,221,C,Economy
107684,Olivia Smith,145,R,Business
107685,Quinn Martin,163,J,Business
107686,Henry Thomas,227,R,Economy
107687,Tom Harris,440,Q,Economy
107688,Alice Thomas,68,M,First
107689,Kate Rodriguez,66,L,First
107690,Frank White,154,S,Business
107691,Bob Martinez,183,T,Business
107692,Alice Miller,83,S,Business
107693,Leo Garcia,356,Y,Economy
107694,Frank Taylor,23,O,First
107695,Tom Miller,160,A,Business
107696,Noah Martin,178,B,Business
107697,Olivia Johnson,383,X,Economy
107698,Tom Jackson,435,P,Economy
107699,Bob Taylor,401,B,Economy
107700,Mia Smith,59,H,First
107701,Tom Brown,258,E,Economy
107702,Noah Harris,218,L,Economy
107703,Mia Martin,410,B,Economy
107704,Ryan Davis,152,Q,Business
107705,Bob Williams,185,T,Business
107706,Carol Taylor,84,U,Business
107707,Mia Anderson,43,H,First
107708,Sara Rodriguez,248,C,Economy
107709,Eve Jones,400,W,Economy
107710,Olivia Martin,367,D,Economy
107711,Leo Garcia,191,V,Business
107712,Tom Rodriguez,363,X,Economy
107713,Grace Taylor,104,Z,Business
107714,Ryan Martin,235,Y,Economy
107715,Carol Johnson,142,I,Business
107716,Jack Davis,351,W,Economy
107717,Ivy Wilson,96,S,Business
107718,Leo Smith,164,P,Business
107719,Noah Taylor,236,U,Economy
107720,Noah Johnson,171,W,Business
107721,Jack Anderson,263,E,Economy
107722,Noah Rodriguez,225,W,Economy
107723,Ryan Williams,163,M,Business
107724,Grace Rodriguez,57,I,First
107725,Tom Anderson,341,A,Economy
107726,Sara Garcia,302,K,Economy
107727,Grace Wilson,61,A,First
107728,Mia Davis,29,F,First
107729,Kate Jones,343,E,Economy
107730,Quinn Miller,400,O,Economy
107731,Quinn Rodriguez,74,F,Business
107732,Sara Thomas,288,D,Economy
107733,Carol Anderson,339,H,Economy
107734,David Davis,420,L,Economy
107735,Carol Jackson,50,Q,First
107736,Leo Thomas,208,A,Business
107737,Paul Miller,322,R,Economy
107738,Henry Williams,310,K,Economy
107739,Paul Harris,450,S,Economy
107740,Bob Rodriguez,96,H,Business
107741,Bob Johnson,159,Y,Business
107742,Paul Smith,321,S,Economy
107743,Mia Harris,306,F,Economy
107744,David Rodriguez,198,Z,Business
107745,Olivia Smith,18,Z,First
107746,Sara Martin,365,C,Economy
107747,Mia Jackson,344,O,Economy
107748,Jack Wilson,213,X,Economy
107749,Mia Brown,11,J,First
107750,Alice White,126,S,Business
107751,Sara Jones,84,P,Business
107752,Leo Smith,443,D,Economy
107753,Leo Brown,188,U,Business
107754,Ryan Smith,220,G,Economy
107755,Ivy Rodriguez,435,K,Economy
107756,David Jackson,443,Z,Economy
107757,Eve Davis,148,Q,Business
107758,Alice Johnson,58,S,First
107759,Noah Thomas,318,C,Economy
107760,Ryan Thomas,99,N,Business
107761,Paul Wilson,120,X,Business
107762,Mia Smith,413,H,Economy
107763,Noah Martin,429,C,Economy
107764,Carol White,51,P,First
107765,Paul Johnson,375,K,Economy
107766,Sara Miller,349,H,Economy
107767,Noah Miller,152,B,Business
107768,Grace Rodriguez,134,J,Business
107769,Jack Williams,188,P,Business
107770,Paul Thomas,241,A,Economy
107771,Carol Wilson,276,I,Economy
107772,Jack Rodriguez,245,V,Economy
107773,Jack Jackson,21,Q,First
107774,Noah Brown,223,T,Economy
107775,Alice Johnson,202,B,Business
107776,Eve White,173,K,Business
107777,Quinn Thomas,106,N,Business
107778,Bob Jackson,394,Y,Economy
107779,Paul Smith,407,M,Economy
107780,Eve Brown,118,G,Business
107781,Carol Garcia,450,F,Economy
107782,Olivia Thomas,358,N,Economy
107783,Olivia Wilson,206,K,Business
107784,Carol Wilson,125,V,Business
107785,Kate Williams,175,K,Business
107786,Jack Smith,85,Q,Business
107787,Frank Jackson,346,I,Economy
107788,Mia Martinez,36,M,First
107789,Olivia Taylor,63,J,First
107790,Quinn Smith,313,Q,Economy
107791,Jack White,114,Y,Business
107792,Henry Williams,118,Q,Business
107793,Olivia Johnson,63,E,First
107794,Ryan Garcia,47,C,First
107795,Henry Jackson,115,C,Business
107796,Carol Martin,34,E,First
107797,Mia Miller,76,T,Business
107798,Olivia Williams,96,O,Business
107799,Paul Taylor,138,Q,Business
107800,Kate Jackson,296,R,Economy
107801,Sara Taylor,46,X,First
107802,Carol White,455,R,Economy
107803,Jack White,158,C,Business
107804,Alice Smith,202,V,Business
107805,David Wilson,40,U,First
107806,Carol Johnson,301,T,Economy
107807,David Martinez,459,U,Economy
107808,Jack Taylor,391,J,Economy
107809,Noah Garcia,68,L,First
107810,David Jones,126,E,Business
107811,Grace Brown,388,F,Economy
107812,Noah Harris,293,G,Economy
107813,Sara Anderson,234,H,Economy
107814,Olivia Williams,76,E,Business
107815,Olivia Johnson,37,L,First
107816,Mia Anderson,298,U,Economy
107817,Mia Brown,396,K,Economy
107818,Tom Smith,84,T,Business
107819,Eve Martinez,433,D,Economy
107820,Alice Jackson,109,Y,Business
107821,Mia Davis,91,A,Business
107822,Paul Smith,119,R,Business
107823,Mia Harris,284,H,Economy
107824,David Martinez,100,G,Business
107825,Paul Jones,449,L,Economy
107826,Mia White,88,Q,Business
107827,Alice Martin,374,S,Economy
107828,Ivy Martinez,345,Q,Economy
107829,Mia Smith,120,B,Business
107830,Henry Wilson,21,K,First
107831,Bob Wilson,215,B,Economy
107832,Tom Martin,78,T,Business
107833,Henry Rodriguez,169,R,Business
107834,Grace Johnson,251,Y,Economy
107835,Kate Martinez,190,H,Business
107836,Alice Taylor,453,N,Economy
107837,Kate Anderson,373,S,Economy
107838,Tom Davis,420,G,Economy
107839,Jack Taylor,16,D,First
107840,Ivy Martin,160,V,Business
107841,Eve Taylor,204,P,Business
107842,Grace Martinez,338,S,Economy
107843,Jack Jones,127,F,Business
107844,Mia White,63,I,First
107845,Leo Smith,339,R,Economy
107846,Carol Anderson,15,G,First
107847,Noah Brown,88,L,Business
107848,Paul Jackson,128,H,Business
107849,Kate Williams,286,M,Economy
107850,Kate Jones,346,X,Economy
107851,Kate Thomas,49,X,First
107852,Leo Martinez,331,S,Economy
107853,Alice Brown,41,S,First
107854,Henry Thomas,60,Y,First
107855,David Rodriguez,27,P,First
107856,Paul Brown,241,W,Economy
107857,David Garcia,96,F,Business
107858,Carol Anderson,412,D,Economy
107859,Noah Harris,454,V,Economy
107860,Paul Brown,43,O,First
107861,Henry Anderson,98,B,Business
107862,Noah Martinez,235,V,Economy
107863,Ryan Wilson,331,K,Economy
107864,David Martinez,236,Z,Economy
107865,Mia White,276,E,Economy
107866,Carol Williams,334,N,Economy
107867,David Harris,219,M,Economy
107868,Henry Wilson,1,Y,First
107869,Mia Davis,205,A,Business
107870,Henry Williams,170,G,Business
107871,Paul Johnson,199,V,Business
107872,Ryan Anderson,224,A,Economy
107873,David Brown,146,X,Business
107874,Mia Thomas,196,T,Business
107875,Noah Anderson,437,C,Economy
107876,Eve Williams,350,R,Economy
107877,Sara Williams,207,D,Business
107878,Alice Thomas,369,B,Economy
107879,Leo Martinez,419,E,Economy
107880,Sara White,414,U,Economy
107881,Alice Garcia,33,E,First
107882,Quinn Miller,23,T,First
107883,Carol Garcia,172,O,Business
107884,Sara Garcia,66,T,First
107885,David Brown,148,T,Business
107886,Ivy Rodriguez,132,N,Business
107887,Henry Thomas,417,B,Economy
107888,Henry Thomas,384,L,Economy
107889,Bob Jones,252,F,Economy
107890,Noah Thomas,285,D,Economy
107891,Mia Jones,302,N,Economy
107892,Sara Thomas,315,B,Economy
107893,Carol Martinez,1,F,First
107894,Kate Garcia,174,P,Business
107895,Eve Jones,35,E,First
107896,Ivy White,164,D,Business
107897,Mia Anderson,27,S,First
107898,Ryan Garcia,29,K,First
107899,Henry Anderson,105,P,Business
107900,David Thomas,460,S,Economy
107901,Frank Johnson,383,A,Economy
107902,Tom Wilson,145,C,Business
107903,Ivy Davis,351,N,Economy
107904,Sara White,326,F,Economy
107905,Mia Harris,70,G,First
107906,Quinn Jones,163,V,Business
107907,Ivy Taylor,103,T,Business
107908,Paul Anderson,169,V,Business
107909,Quinn Brown,296,G,Economy
107910,Jack Martin,401,P,Economy
107911,Kate Thomas,348,C,Economy
107912,Frank Williams,402,F,Economy
107913,Ivy Anderson,162,L,Business
107914,Sara Williams,312,A,Economy
107915,David Jackson,378,X,Economy
107916,Carol Williams,380,E,Economy
107917,Kate Johnson,276,V,Economy
107918,Eve Jones,111,E,Business
107919,Leo Harris,435,S,Economy
107920,Ryan Wilson,157,Y,Business
107921,Olivia Taylor,46,E,First
107922,Carol Harris,384,B,Economy
107923,Leo Harris,109,R,Business
107924,Ivy Wilson,77,C,Business
107925,Bob Martinez,184,Y,Business
107926,Olivia Harris,434,A,Economy
107927,Sara Miller,442,D,Economy
107928,Jack Garcia,223,P,Economy
107929,Quinn Miller,177,L,Business
107930,Frank Brown,28,N,First
107931,Noah Anderson,53,S,First
107932,Henry Garcia,428,U,Economy
107933,Leo Anderson,41,D,First
107934,Eve White,34,P,First
107935,Jack Rodriguez,394,C,Economy
107936,Ryan Anderson,444,T,Economy
107937,Ivy Jones,113,R,Business
107938,Eve Anderson,89,H,Business
107939,Kate Thomas,377,K,Economy
107940,Frank Davis,107,T,Business
107941,Kate Harris,8,H,First
107942,Mia Taylor,128,E,Business
107943,Paul Davis,434,B,Economy
107944,Ivy Jones,56,Q,First
107945,Kate Thomas,404,X,Economy
107946,Sara Thomas,319,Z,Economy
107947,Noah Martinez,154,P,Business
107948,Kate Martinez,112,N,Business
107949,Ryan Miller,90,U,Business
107950,Bob Davis,411,G,Economy
107951,Noah Rodriguez,304,I,Economy
107952,Bob Williams,68,S,First
107953,Kate Anderson,104,D,Business
107954,Ivy Miller,77,O,Business
107955,Kate Jones,30,G,First
107956,Paul Martinez,405,S,Economy
107957,Henry White,249,Q,Economy
107958,Kate Thomas,341,M,Economy
107959,Quinn Jones,233,T,Economy
107960,Noah Anderson,69,M,First
107961,David Smith,257,Y,Economy
107962,Grace Jones,48,N,First
107963,Leo Rodriguez,360,J,Economy
107964,Jack Harris,261,V,Economy
107965,Olivia Miller,5,J,First
107966,Sara Johnson,265,C,Economy
107967,Ryan Martinez,91,S,Business
107968,Kate Jackson,305,C,Economy
107969,Bob Thomas,102,Z,Business
107970,Jack Garcia,150,F,Business
107971,Ryan Rodriguez,299,F,Economy
107972,Frank Harris,157,F,Business
107973,Frank Davis,227,A,Economy
107974,David Johnson,226,P,Economy
107975,David Brown,197,M,Business
107976,Noah Martin,129,Z,Business
107977,Mia Davis,370,E,Economy
107978,Tom Harris,173,F,Business
107979,Mia Martin,21,C,First
107980,Ivy White,165,D,Business
107981,Carol Williams,246,J,Economy
107982,David Brown,237,J,Economy
107983,Noah Williams,148,E,Business
107984,Henry Taylor,71,F,Business
107985,Leo Harris,430,K,Economy
107986,Tom Miller,36,P,First
107987,Jack Brown,202,R,Business
107988,Frank Garcia,412,L,Economy
107989,Bob Thomas,343,P,Economy
107990,David Martinez,146,Y,Business
107991,Jack Davis,201,X,Business
107992,David Johnson,302,Q,Economy
107993,Jack White,445,F,Economy
107994,Tom Smith,62,T,First
107995,Carol Martinez,455,Y,Economy
107996,Eve Davis,8,Y,First
107997,Ryan Martinez,221,Y,Economy
107998,Quinn Martin,98,Q,Business
107999,Tom White,173,O,Business
108000,Tom Martin,145,Y,Business
108001,Eve Johnson,105,S,Business
108002,Frank Johnson,315,U,Economy
108003,Mia Harris,87,J,Business
108004,Sara Taylor,368,O,Economy
108005,Bob White,409,N,Economy
108006,Frank Smith,85,C,Business
108007,Grace Rodriguez,194,G,Business
108008,Carol Anderson,372,K,Economy
108009,Olivia Jackson,328,N,Economy
108010,Eve Miller,47,T,First
108011,Bob Wilson,291,T,Economy
108012,Jack Garcia,205,U,Business
108013,Mia Johnson,334,V,Economy
108014,Ivy Wilson,376,S,Economy
108015,Frank Thomas,387,W,Economy
108016,Noah Taylor,193,R,Business
108017,Paul Jones,368,A,Economy
108018,Sara Johnson,129,T,Business
108019,Bob Williams,216,W,Economy
108020,Quinn Harris,90,G,Business
108021,Sara Davis,439,J,Economy
108022,David Miller,336,P,Economy
108023,Leo Jackson,422,H,Economy
108024,Ryan Johnson,37,I,First
108025,Noah Davis,220,Z,Economy
108026,Kate Anderson,325,M,Economy
108027,Carol Martin,183,R,Business
108028,Mia White,95,Y,Business
108029,Bob Garcia,353,F,Economy
108030,Ryan Williams,190,T,Business
108031,Sara Jackson,302,R,Economy
108032,Bob Thomas,256,D,Economy
108033,Olivia Johnson,41,B,First
108034,Bob Miller,249,S,Economy
108035,Ryan Johnson,425,E,Economy
108036,Frank Jones,352,P,Economy
108037,Quinn Davis,264,A,Economy
108038,Frank Thomas,2,K,First
108039,David Wilson,296,B,Economy
108040,Eve Jackson,235,G,Economy
108041,Henry Garcia,136,J,Business
108042,David Garcia,201,E,Business
108043,Bob Rodriguez,91,N,Business
108044,Leo Brown,116,Y,Business
108045,Grace Davis,187,J,Business
108046,Leo Miller,376,R,Economy
108047,Carol Anderson,363,C,Economy
108048,Bob Davis,167,T,Business
108049,Leo Brown,335,R,Economy
108050,Quinn White,116,P,Business
108051,Mia Wilson,391,E,Economy
108052,Sara Anderson,360,U,Economy
108053,Ryan Jackson,305,L,Economy
108054,Kate Thomas,57,C,First
108055,Quinn Johnson,114,G,Business
108056,Ryan Williams,23,Z,First
108057,Sara Davis,30,U,First
108058,Bob Smith,300,Z,Economy
108059,Quinn Thomas,425,F,Economy
108060,Alice Anderson,28,O,First
108061,David Thomas,260,H,Economy
108062,Paul Miller,319,S,Economy
108063,Eve Brown,156,G,Business
108064,Mia Jackson,284,A,Economy
108065,Kate Thomas,213,G,Economy
108066,David Jackson,113,U,Business
108067,Jack Williams,336,X,Economy
108068,Mia Garcia,206,W,Business
108069,Paul Wilson,46,R,First
108070,Jack Taylor,193,P,Business
108071,David Garcia,176,F,Business
108072,Jack Jones,275,U,Economy
108073,Ivy Davis,71,O,Business
108074,David Johnson,205,P,Business
108075,Eve Jackson,237,W,Economy
108076,Kate Johnson,210,I,Business
108077,Mia Jones,59,B,First
108078,David Taylor,14,V,First
108079,Ivy Jones,401,N,Economy
108080,Paul Rodriguez,250,Z,Economy
108081,Leo Wilson,183,H,Business
108082,Ivy Williams,87,M,Business
108083,Henry White,260,Z,Economy
108084,Frank Martin,143,S,Business
108085,Ryan Harris,139,V,Business
108086,Bob Wilson,354,H,Economy
108087,Henry Harris,84,M,Business
108088,Sara Wilson,262,I,Economy
108089,Mia Davis,115,X,Business
108090,Sara Thomas,400,Z,Economy
108091,Sara Williams,44,D,First
108092,Jack Rodriguez,137,U,Business
108093,Leo Jones,227,F,Economy
108094,David Johnson,305,K,Economy
108095,Jack Anderson,453,Y,Economy
108096,Kate Jones,253,Z,Economy
108097,Frank Anderson,206,S,Business
108098,Leo Smith,265,K,Economy
108099,Ivy White,130,Z,Business
108100,Eve Rodriguez,131,G,Business
108101,Quinn Johnson,453,T,Economy
108102,Carol Jackson,211,M,Economy
108103,Mia Jackson,308,K,Economy
108104,Grace Thomas,397,N,Economy
108105,Sara Miller,160,P,Business
108106,Henry Jackson,206,M,Business
108107,Alice Anderson,362,E,Economy
108108,Tom Johnson,33,M,First
108109,Quinn Smith,362,Y,Economy
108110,Grace Martinez,30,I,First
108111,Leo Harris,383,P,Economy
108112,Noah Williams,293,O,Economy
108113,Jack Miller,362,C,Economy
108114,Eve Brown,299,U,Economy
108115,David Johnson,408,Q,Economy
108116,Sara Jackson,303,N,Economy
108117,Kate Thomas,86,F,Business
108118,Eve Williams,353,M,Economy
108119,Olivia Martin,273,N,Economy
108120,Eve Wilson,82,R,Business
108121,Alice Anderson,443,V,Economy
108122,Leo Miller,157,X,Business
108123,Eve Williams,187,X,Business
108124,Tom Martin,331,T,Economy
108125,Alice Garcia,51,Q,First
108126,Noah White,243,D,Economy
108127,Tom Miller,369,O,Economy
108128,Paul Rodriguez,140,Y,Business
108129,Alice Wilson,186,F,Business
108130,Tom Thomas,389,U,Economy
108131,Jack Davis,286,H,Economy
108132,Grace Martinez,77,S,Business
108133,Tom Thomas,72,U,Business
108134,Henry Harris,323,B,Economy
108135,Ivy Garcia,137,B,Business
108136,Henry Martinez,55,W,First
108137,Ivy Harris,132,E,Business
108138,Ryan White,144,Z,Business
108139,Mia Martin,72,Y,Business
108140,Tom Miller,426,D,Economy
108141,Ryan Smith,120,T,Business
108142,Leo Wilson,45,D,First
108143,Mia Miller,10,E,First
108144,Grace White,225,X,Economy
108145,Kate Williams,378,U,Economy
108146,Sara Anderson,250,W,Economy
108147,Henry Martin,324,O,Economy
108148,Grace Davis,202,G,Business
108149,Jack Wilson,72,F,Business
108150,David Wilson,15,O,First
108151,Quinn Thomas,225,S,Economy
108152,Sara Jackson,121,W,Business
108153,Kate White,192,B,Business
108154,Carol Taylor,31,Q,First
108155,Frank Anderson,138,W,Business
108156,Olivia Brown,283,K,Economy
108157,Quinn Davis,295,F,Economy
108158,Grace Martinez,394,K,Economy
108159,Quinn Garcia,165,I,Business
108160,Paul Jones,129,C,Business
108161,Quinn Garcia,360,X,Economy
108162,Jack White,184,L,Business
108163,Grace Martin,338,Y,Economy
108164,Ivy Taylor,109,F,Business
108165,Alice Rodriguez,457,P,Economy
108166,Noah Wilson,247,Q,Economy
108167,Ryan Williams,9,P,First
108168,Quinn Davis,357,I,Economy
108169,Sara Jackson,274,O,Economy
108170,Kate Harris,79,Q,Business
108171,Grace Davis,235,Z,Economy
108172,Carol White,136,E,Business
108173,Ryan Thomas,127,N,Business
108174,Tom Anderson,101,P,Business
108175,Mia Thomas,401,D,Economy
108176,Alice Martin,354,S,Economy
108177,Paul Harris,166,W,Business
108178,Frank Smith,148,G,Business
108179,Frank Garcia,17,L,First
108180,Bob Garcia,195,R,Business
108181,Kate Jackson,380,L,Economy
108182,Tom Martinez,12,N,First
108183,Mia Harris,343,Q,Economy
108184,Kate Wilson,231,X,Economy
108185,Alice Davis,81,Z,Business
108186,Kate Martin,163,E,Business
108187,Carol Jackson,265,Z,Economy
108188,Mia Harris,40,H,First
108189,Ryan Wilson,223,L,Economy
108190,Olivia Garcia,395,N,Economy
108191,Noah Brown,388,A,Economy
108192,Paul Taylor,388,K,Economy
108193,Tom Thomas,269,Q,Economy
108194,Grace Davis,17,Q,First
108195,Tom Anderson,132,R,Business
108196,David Jones,167,M,Business
108197,Noah Taylor,338,R,Economy
108198,Mia Davis,83,J,Business
108199,Carol Smith,79,Z,Business
108200,Sara Jones,289,X,Economy
108201,Ryan Miller,255,H,Economy
108202,Frank White,295,X,Economy
108203,Frank Brown,328,P,Economy
108204,Olivia Williams,234,F,Economy
108205,Carol Martin,222,I,Economy
108206,Leo Martinez,444,D,Economy
108207,Tom Anderson,329,O,Economy
108208,Henry Thomas,374,Z,Economy
108209,Eve Miller,397,V,Economy
108210,Sara Martin,204,A,Business
108211,Noah Garcia,9,K,First
108212,Grace White,309,M,Economy
108213,Olivia Garcia,242,B,Economy
108214,David Jones,43,V,First
108215,Henry Jones,92,N,Business
108216,Noah Wilson,84,W,Business
108217,Kate Anderson,190,R,Business
108218,Ivy Williams,126,R,Business
108219,Eve Davis,417,V,Economy
108220,David Martin,186,G,Business
108221,Olivia Miller,143,F,Business
108222,Frank White,123,Y,Business
108223,Quinn Smith,303,C,Economy
108224,Ivy Brown,221,R,Economy
108225,Paul Brown,429,Q,Economy
108226,Henry White,211,R,Economy
108227,Jack Garcia,135,R,Business
108228,Leo Brown,77,U,Business
108229,Leo Miller,419,O,Economy
108230,Leo Harris,294,B,Economy
108231,Quinn Martinez,44,U,First
108232,Paul Brown,234,A,Economy
108233,Quinn Garcia,388,N,Economy
108234,Tom Jackson,277,U,Economy
108235,Leo Davis,361,F,Economy
108236,Jack Garcia,181,S,Business
108237,Sara Brown,369,D,Economy
108238,Kate Johnson,26,H,First
108239,Jack Williams,58,W,First
108240,Quinn Martinez,51,G,First
108241,David Jackson,189,K,Business
108242,Olivia Johnson,5,B,First
108243,Alice Miller,181,M,Business
108244,Tom Jones,303,Z,Economy
108245,Frank Smith,125,O,Business
108246,Olivia Thomas,155,P,Business
108247,Ryan Miller,196,N,Business
108248,Paul Brown,417,Z,Economy
108249,Carol Martin,87,B,Business
108250,David Johnson,353,H,Economy
108251,Sara Smith,237,L,Economy
108252,Tom Harris,281,B,Economy
108253,Kate Davis,28,U,First
108254,Frank Taylor,71,E,Business
108255,Tom Miller,174,F,Business
108256,Carol Davis,104,H,Business
108257,Noah Taylor,396,I,Economy
108258,Noah Wilson,30,L,First
108259,Frank Smith,60,M,First
108260,Ivy Harris,174,X,Business
108261,Ivy Johnson,433,X,Economy
108262,Mia Johnson,12,O,First
108263,Jack Wilson,224,S,Economy
108264,Noah Harris,301,M,Economy
108265,Jack Anderson,357,R,Economy
108266,Kate Jones,10,K,First
108267,Ryan Davis,407,I,Economy
108268,Leo Wilson,82,P,Business
108269,Kate Davis,22,V,First
108270,Sara Smith,386,D,Economy
108271,Noah Wilson,342,Z,Economy
108272,Quinn White,381,O,Economy
108273,Alice White,331,U,Economy
108274,Tom Williams,384,R,Economy
108275,Henry Miller,311,T,Economy
108276,Ryan Williams,36,K,First
108277,Jack Taylor,329,P,Economy
108278,Frank Johnson,175,Q,Business
108279,Bob Miller,342,T,Economy
108280,Jack Brown,342,M,Economy
108281,Alice Garcia,102,V,Business
108282,Grace Davis,319,H,Economy
108283,Alice Davis,59,R,First
108284,Frank White,302,H,Economy
108285,Carol Williams,73,T,Business
108286,Kate Taylor,117,D,Business
108287,Ryan Martinez,402,W,Economy
108288,Bob Martinez,414,V,Economy
108289,Leo Martinez,97,G,Business
108290,Kate Miller,6,N,First
108291,Jack Martinez,324,E,Economy
108292,Henry Smith,127,C,Business
108293,David Williams,58,K,First
108294,Kate Brown,211,Q,Economy
108295,Mia Martinez,214,R,Economy
108296,Frank Brown,21,G,First
108297,Jack Taylor,88,X,Business
108298,Bob Martin,48,K,First
108299,Jack White,94,U,Business
108300,Alice Brown,288,T,Economy
108301,David Jackson,51,S,First
108302,Ivy Smith,304,P,Economy
108303,Ryan Johnson,230,O,Economy
108304,Mia Jackson,248,Y,Economy
108305,Ryan Martinez,83,M,Business
108306,Quinn Johnson,151,Y,Business
108307,Noah Taylor,399,T,Economy
108308,Henry Taylor,45,J,First
108309,Alice Rodriguez,64,I,First
108310,Ivy Harris,376,E,Economy
108311,Alice Rodriguez,121,M,Business
108312,Kate Jackson,209,X,Business
108313,David Davis,349,V,Economy
108314,Olivia Wilson,167,W,Business
108315,Quinn Taylor,356,Z,Economy
108316,Alice Anderson,131,B,Business
108317,Bob Garcia,94,A,Business
108318,Sara Brown,39,D,First
108319,Olivia Williams,68,D,First
108320,Grace Harris,443,K,Economy
108321,Ivy Miller,237,F,Economy
108322,Kate Martin,35,D,First
108323,Leo Miller,22,Q,First
108324,Mia Rodriguez,160,L,Business
108325,Paul Brown,2,E,First
108326,Alice Martin,401,K,Economy
108327,David Brown,363,U,Economy
108328,Kate Martin,113,W,Business
108329,Noah Davis,240,W,Economy
108330,Olivia Smith,239,A,Economy
108331,Carol Garcia,32,O,First
108332,Olivia Davis,209,I,Business
108333,Noah Anderson,217,Z,Economy
108334,Leo Garcia,209,A,Business
108335,Grace Martin,95,F,Business
108336,Grace Anderson,360,S,Economy
108337,Leo Davis,168,H,Business
108338,Paul White,103,G,Business
108339,Tom White,81,I,Business
108340,Olivia Taylor,365,U,Economy
108341,Tom Johnson,161,F,Business
108342,Frank Thomas,65,S,First
108343,Bob Harris,130,M,Business
108344,Paul Thomas,111,P,Business
108345,Noah Davis,350,N,Economy
108346,Noah Garcia,322,U,Economy
108347,Ryan Harris,342,S,Economy
108348,Leo Johnson,105,T,Business
108349,Paul White,367,E,Economy
108350,Grace Rodriguez,396,Q,Economy
108351,Henry Brown,227,Y,Economy
108352,Olivia White,86,K,Business
108353,Alice Martinez,40,J,First
108354,Tom Jones,2,N,First
108355,Sara Jackson,262,X,Economy
108356,Grace Anderson,204,U,Business
108357,Ivy Brown,389,I,Economy
108358,Mia Miller,36,Z,First
108359,Henry Williams,255,O,Economy
108360,Tom Miller,134,M,Business
108361,Grace Martinez,194,S,Business
108362,Noah Harris,301,E,Economy
108363,Quinn Williams,378,B,Economy
108364,Noah Garcia,221,Z,Economy
108365,Carol Martin,170,A,Business
108366,Frank Harris,145,F,Business
108367,David Johnson,6,O,First
108368,Paul Wilson,219,V,Economy
108369,Jack Miller,155,E,Business
108370,Olivia Williams,167,D,Business
108371,Mia Rodriguez,320,V,Economy
108372,Kate Smith,379,Q,Economy
108373,Alice Brown,21,Y,First
108374,Grace Wilson,209,Q,Business
108375,Kate Anderson,34,I,First
108376,Carol Anderson,248,O,Economy
108377,Frank Jackson,185,R,Business
108378,Paul Thomas,323,V,Economy
108379,Ryan Harris,13,Q,First
108380,Paul Taylor,182,U,Business
108381,Noah Martin,81,G,Business
108382,Leo Taylor,33,Y,First
108383,Sara Miller,192,Z,Business
108384,Frank Wilson,166,R,Business
108385,Paul White,396,H,Economy
108386,Paul Taylor,78,C,Business
108387,Jack Smith,208,V,Business
108388,Kate Smith,145,G,Business
108389,Quinn Wilson,146,I,Business
108390,David Davis,188,H,Business
108391,Frank Jackson,286,R,Economy
108392,Ivy Smith,162,J,Business
108393,Olivia Rodriguez,16,S,First
108394,Ivy Miller,187,S,Business
108395,Eve Anderson,61,R,First
108396,Eve Wilson,74,Y,Business
108397,Eve Jones,342,B,Economy
108398,Leo Jones,348,K,Economy
108399,Carol Brown,437,Q,Economy
108400,Leo Wilson,35,Q,First
108401,Frank Jones,103,W,Business
108402,Tom Williams,262,B,Economy
108403,Tom Jones,141,Q,Business
108404,Quinn Anderson,437,F,Economy
108405,Carol Martinez,162,E,Business
108406,Eve Jackson,211,Y,Economy
108407,Frank Brown,117,I,Business
108408,Olivia Johnson,45,Q,First
108409,Olivia Taylor,240,D,Economy
108410,Alice Davis,381,N,Economy
108411,Ryan Martinez,387,C,Economy
108412,Kate Williams,326,S,Economy
108413,Grace Anderson,131,S,Business
108414,Mia White,30,X,First
108415,Henry Miller,254,W,Economy
108416,Quinn Harris,389,F,Economy
108417,Mia Harris,139,L,Business
108418,Tom Taylor,449,C,Economy
108419,Quinn Thomas,323,E,Economy
108420,Mia White,91,F,Business
108421,Noah Jones,392,P,Economy
108422,Ryan Johnson,272,U,Economy
108423,Bob Taylor,394,B,Economy
108424,Bob Jackson,164,J,Business
108425,Quinn Williams,160,O,Business
108426,Ivy Jackson,166,G,Business
108427,Eve Wilson,224,I,Economy
108428,Grace Rodriguez,58,M,First
108429,Ryan Martinez,187,A,Business
108430,Frank Martin,41,M,First
108431,Olivia Williams,19,F,First
108432,Grace Johnson,38,Z,First
108433,David Williams,101,X,Business
108434,Sara Johnson,166,A,Business
108435,Tom Wilson,98,S,Business
108436,Kate Martinez,230,A,Economy
108437,Alice Wilson,55,J,First
108438,Henry Williams,52,F,First
108439,Quinn Jones,246,Q,Economy
108440,Bob Anderson,189,R,Business
108441,Sara Rodriguez,10,D,First
108442,Noah Rodriguez,158,E,Business
108443,David Williams,330,F,Economy
108444,Ivy Davis,341,C,Economy
108445,Carol Thomas,333,L,Economy
108446,Frank Martinez,293,S,Economy
108447,Noah Martin,164,E,Business
108448,Ivy Harris,106,Y,Business
108449,Mia Miller,197,V,Business
108450,Olivia Thomas,205,M,Business
108451,Mia Miller,169,P,Business
108452,Bob Wilson,317,X,Economy
108453,Sara Garcia,173,R,Business
108454,Eve Rodriguez,146,J,Business
108455,Mia Brown,314,O,Economy
108456,Frank White,443,J,Economy
108457,Mia Jackson,53,I,First
108458,Henry Martin,422,N,Economy
108459,Grace Taylor,383,Q,Economy
108460,Grace Jones,230,Y,Economy
108461,Henry Thomas,107,B,Business
108462,Eve Jones,460,P,Economy
108463,Alice Anderson,273,M,Economy
108464,Quinn Garcia,18,W,First
108465,Ivy Davis,181,G,Business
108466,Paul Rodriguez,366,T,Economy
108467,Henry Anderson,441,T,Economy
108468,David Anderson,427,L,Economy
108469,Tom Rodriguez,169,F,Business
108470,Jack Anderson,423,F,Economy
108471,Mia Jackson,243,G,Economy
108472,Henry Thomas,58,V,First
108473,Henry Harris,260,U,Economy
108474,Kate Wilson,175,N,Business
108475,Carol White,64,K,First
108476,Grace Thomas,251,G,Economy
108477,David Miller,140,Z,Business
108478,Ryan Martin,224,L,Economy
108479,Tom Anderson,430,S,Economy
108480,Eve Johnson,8,T,First
108481,Paul Williams,246,E,Economy
108482,Bob Garcia,278,Z,Economy
108483,Tom Williams,26,V,First
108484,Noah Thomas,348,J,Economy
108485,Paul Thomas,42,Z,First
108486,Alice Jackson,87,V,Business
108487,Grace Thomas,130,S,Business
108488,Alice Wilson,131,O,Business
108489,Alice Jackson,256,R,Economy
108490,Henry Jones,212,W,Economy
108491,Sara Miller,106,X,Business
108492,Eve Johnson,242,V,Economy
108493,Paul White,167,L,Business
108494,Eve Wilson,435,L,Economy
108495,Jack Brown,27,Y,First
108496,Sara Smith,404,B,Economy
108497,Tom Williams,158,Q,Business
108498,Carol Rodriguez,190,J,Business
108499,Alice Martin,2,F,First
108500,Henry Davis,93,E,Business
108501,Tom Martin,402,O,Economy
108502,Jack Martin,179,A,Business
108503,Tom Martinez,393,Z,Economy
108504,Alice Martinez,159,P,Business
108505,Sara Jackson,233,C,Economy
108506,Mia Jones,166,H,Business
108507,Bob Martinez,146,E,Business
108508,Olivia Martin,326,E,Economy
108509,Sara Davis,189,I,Business
108510,Frank Martinez,37,Y,First
108511,David Miller,175,Z,Business
108512,Bob Johnson,324,F,Economy
108513,Kate Jackson,10,Y,First
108514,Jack Johnson,330,V,Economy
108515,Ivy Harris,116,K,Business
108516,Sara Davis,145,I,Business
108517,Eve Taylor,38,Q,First
108518,Henry White,395,R,Economy
108519,Noah Harris,177,Y,Business
108520,Carol Smith,378,F,Economy
108521,Grace Anderson,288,E,Economy
108522,Sara Rodriguez,404,H,Economy
108523,David Taylor,168,W,Business
108524,Kate Thomas,450,I,Economy
108525,Quinn Jones,13,I,First
108526,Grace Smith,265,L,Economy
108527,Bob Martinez,352,T,Economy
108528,David Jones,197,B,Business
108529,Sara Martin,74,L,Business
108530,Tom Brown,180,W,Business
108531,Grace Martin,274,J,Economy
108532,Mia Thomas,181,T,Business
108533,Leo Martin,344,X,Economy
108534,Bob Martinez,284,N,Economy
108535,Noah Martinez,177,C,Business
108536,Bob White,235,I,Economy
108537,Mia Jones,365,M,Economy
108538,Ryan Rodriguez,162,X,Business
108539,David Martin,430,I,Economy
108540,Alice Smith,159,E,Business
108541,Ryan Taylor,158,J,Business
108542,Henry Brown,51,A,First
108543,Frank White,23,F,First
108544,Mia Rodriguez,249,J,Economy
108545,Paul Smith,168,P,Business
108546,Noah Wilson,366,U,Economy
108547,Carol Brown,236,I,Economy
108548,Ryan Garcia,148,L,Business
108549,Sara Martin,357,H,Economy
108550,Ryan Miller,57,B,First
108551,Leo Rodriguez,405,L,Economy
108552,Carol Brown,145,U,Business
108553,Noah Harris,377,W,Economy
108554,Jack Wilson,141,J,Business
108555,Carol Anderson,281,I,Economy
108556,Tom Martinez,303,G,Economy
108557,Jack Wilson,153,C,Business
108558,Sara Harris,207,H,Business
108559,Sara Wilson,386,J,Economy
108560,Mia Garcia,89,Z,Business
108561,Ryan Wilson,316,W,Economy
108562,Frank Anderson,279,I,Economy
108563,Grace Thomas,165,F,Business
108564,Frank Wilson,136,X,Business
108565,Ryan Martinez,363,O,Economy
108566,Bob Jackson,376,I,Economy
108567,Noah Thomas,338,J,Economy
108568,Quinn Johnson,115,W,Business
108569,Tom Miller,249,N,Economy
108570,Olivia Martinez,314,W,Economy
108571,Ivy Miller,77,T,Business
108572,Henry Brown,454,X,Economy
108573,Quinn Thomas,222,Y,Economy
108574,Noah Thomas,396,M,Economy
108575,Frank Taylor,345,G,Economy
108576,Eve Williams,202,U,Business
108577,Henry Jones,299,N,Economy
108578,Jack Thomas,71,L,Business
108579,Tom Williams,139,P,Business
108580,Sara Smith,125,H,Business
108581,Leo White,69,K,First
108582,Bob Martin,12,M,First
108583,Bob Williams,302,E,Economy
108584,Grace Wilson,274,Z,Economy
108585,David Taylor,322,O,Economy
108586,Jack Taylor,87,C,Business
108587,Alice Rodriguez,51,X,First
108588,Carol White,309,R,Economy
108589,Mia White,53,U,First
108590,Mia White,385,A,Economy
108591,Henry Davis,75,H,Business
108592,Leo Anderson,48,W,First
108593,Bob Davis,334,F,Economy
108594,Noah Jones,401,S,Economy
108595,Paul Brown,387,S,Economy
108596,Paul Davis,304,F,Economy
108597,Bob Smith,321,F,Economy
108598,Quinn Martin,123,S,Business
108599,Sara Anderson,195,L,Business
108600,Eve Garcia,71,M,Business
108601,Quinn Rodriguez,122,W,Business
108602,Kate Martin,59,I,First
108603,Eve Jones,234,Z,Economy
108604,Bob Rodriguez,235,S,Economy
108605,Olivia Jackson,254,E,Economy
108606,Eve Jackson,352,Z,Economy
108607,Bob Miller,371,R,Economy
108608,Leo Martin,244,B,Economy
108609,Mia Smith,409,G,Economy
108610,Ryan Wilson,300,R,Economy
108611,Olivia Davis,260,I,Economy
108612,Olivia Taylor,7,X,First
108613,Ryan Martinez,360,Q,Economy
108614,Noah Harris,8,D,First
108615,Noah Williams,128,M,Business
108616,Bob Jones,19,Z,First
108617,Ryan Brown,242,E,Economy
108618,Frank Jones,97,J,Business
108619,Quinn Davis,270,R,Economy
108620,Mia White,423,B,Economy
108621,Eve Rodriguez,320,X,Economy
108622,Eve Davis,296,P,Economy
108623,Quinn Taylor,17,X,First
108624,Leo Miller,262,F,Economy
108625,Olivia Martin,52,V,First
108626,Olivia Jackson,2,W,First
108627,Henry Johnson,344,H,Economy
108628,Noah Williams,437,D,Economy
108629,Quinn Rodriguez,307,X,Economy
108630,Jack Martinez,400,U,Economy
108631,Frank Johnson,121,J,Business
108632,Ivy Taylor,198,A,Business
108633,Carol White,149,T,Business
108634,Ivy Taylor,417,F,Economy
108635,Leo Davis,148,J,Business
108636,Sara Brown,171,R,Business
108637,Eve Taylor,112,T,Business
108638,Leo Jackson,34,K,First
108639,Mia Davis,431,S,Economy
108640,David Taylor,456,F,Economy
108641,Alice Brown,190,B,Business
108642,Grace Davis,73,J,Business
108643,Jack Taylor,451,X,Economy
108644,Bob Rodriguez,111,C,Business
108645,Tom Taylor,179,C,Business
108646,Quinn Jones,275,I,Economy
108647,Jack Rodriguez,115,Z,Business
108648,Ryan Taylor,131,J,Business
108649,Frank Garcia,454,L,Economy
108650,Eve Rodriguez,45,T,First
108651,Carol Taylor,23,P,First
108652,Noah White,272,N,Economy
108653,Olivia Jones,3,W,First
108654,Eve Wilson,307,Y,Economy
108655,Eve Johnson,215,E,Economy
108656,Bob Johnson,54,D,First
108657,Frank Brown,460,C,Economy
108658,Ryan Williams,62,Z,First
108659,Henry Thomas,71,W,Business
108660,Olivia Garcia,175,H,Business
108661,Frank Rodriguez,160,C,Business
108662,Paul Jackson,62,N,First
108663,Paul Garcia,457,W,Economy
108664,Sara Smith,94,R,Business
108665,Frank Miller,144,O,Business
108666,Eve Davis,457,V,Economy
108667,Bob Williams,214,B,Economy
108668,Frank White,262,K,Economy
108669,Ryan Davis,299,L,Economy
108670,Carol Williams,23,D,First
108671,Noah Martin,15,B,First
108672,Grace Martin,94,Q,Business
108673,Carol Anderson,238,Z,Economy
108674,Olivia Smith,262,A,Economy
108675,Quinn Rodriguez,122,V,Business
108676,Eve White,209,R,Business
108677,David Jackson,267,N,Economy
108678,Paul Brown,105,V,Business
108679,Sara Anderson,247,M,Economy
108680,Ryan Johnson,334,U,Economy
108681,Henry Anderson,20,P,First
108682,Alice Davis,77,A,Business
108683,Kate White,124,A,Business
108684,Olivia Jackson,375,O,Economy
108685,Eve Williams,286,O,Economy
108686,Noah Wilson,44,G,First
108687,Eve Johnson,133,D,Business
108688,Henry Rodriguez,250,J,Economy
108689,Leo Jackson,86,A,Business
108690,Grace Smith,267,B,Economy
108691,Eve Thomas,47,A,First
108692,Henry Anderson,290,R,Economy
108693,Frank Wilson,114,V,Business
108694,Ryan Brown,57,O,First
108695,Olivia Harris,156,R,Business
108696,David Jones,337,J,Economy
108697,Quinn Martin,175,D,Business
108698,Alice Jackson,18,V,First
108699,Eve Rodriguez,205,O,Business
108700,Mia Harris,385,V,Economy
108701,Olivia Wilson,331,D,Economy
108702,Sara Anderson,102,O,Business
108703,Bob Jones,349,O,Economy
108704,Noah Jones,39,Q,First
108705,Frank Anderson,287,X,Economy
108706,Quinn White,47,I,First
108707,Leo Miller,3,Z,First
108708,Sara Garcia,228,V,Economy
108709,Eve Davis,182,L,Business
108710,Leo Harris,292,N,Economy
108711,Alice Davis,13,T,First
108712,Alice Davis,42,B,First
108713,Noah Rodriguez,75,P,Business
108714,Ryan Williams,22,D,First
108715,Frank Davis,153,G,Business
108716,Tom Brown,419,H,Economy
108717,Alice Johnson,84,F,Business
108718,Sara Smith,271,I,Economy
108719,Leo Johnson,88,W,Business
108720,Paul Thomas,89,C,Business
108721,Ryan Garcia,54,G,First
108722,Quinn Harris,376,P,Economy
108723,Ivy Jackson,353,D,Economy
108724,Ryan Thomas,308,Q,Economy
108725,Bob Anderson,168,T,Business
108726,Quinn Jones,126,L,Business
108727,Sara Garcia,121,I,Business
108728,Eve Martinez,418,W,Economy
108729,Ivy Davis,380,F,Economy
108730,Alice Johnson,67,J,First
108731,Quinn Jones,435,I,Economy
108732,Mia Anderson,452,X,Economy
108733,Alice Smith,179,F,Business
108734,Leo Jones,136,W,Business
108735,Ryan Taylor,459,Q,Economy
108736,Ivy Davis,254,P,Economy
108737,Bob Garcia,268,I,Economy
108738,Noah Rodriguez,330,X,Economy
108739,Carol Johnson,30,D,First
108740,Noah Brown,312,S,Economy
108741,Henry Anderson,227,N,Economy
108742,Quinn Williams,199,W,Business
108743,Ryan Thomas,186,M,Business
108744,Mia Jackson,132,L,Business
108745,Olivia Martin,271,Q,Economy
108746,Jack Harris,452,H,Economy
108747,Ivy Martinez,289,K,Economy
108748,Ryan Brown,261,P,Economy
108749,Olivia Wilson,371,Y,Economy
108750,Sara White,240,S,Economy
108751,Mia Johnson,203,U,Business
108752,Bob Rodriguez,2,U,First
108753,Carol Harris,348,T,Economy
108754,Ryan Wilson,149,G,Business
108755,Paul Wilson,308,L,Economy
108756,Olivia Martin,151,N,Business
108757,Frank Harris,37,P,First
108758,Leo White,254,T,Economy
108759,Kate Martinez,298,T,Economy
108760,Mia Taylor,5,L,First
108761,Grace Jones,458,D,Economy
108762,Olivia Williams,121,T,Business
108763,Paul Miller,17,B,First
108764,Grace Martin,187,N,Business
108765,David Rodriguez,287,T,Economy
108766,Ivy Brown,408,M,Economy
108767,Grace Davis,37,V,First
108768,Ivy Anderson,112,F,Business
108769,Henry Miller,325,B,Economy
108770,Grace Johnson,187,D,Business
108771,Tom Rodriguez,90,O,Business
108772,Tom Rodriguez,90,W,Business
108773,Bob Rodriguez,348,S,Economy
108774,Frank Smith,197,F,Business
108775,Sara Garcia,430,G,Economy
108776,Bob Miller,277,J,Economy
108777,Mia Harris,73,R,Business
108778,Jack Martinez,127,O,Business
108779,Noah Taylor,424,L,Economy
108780,Bob Miller,187,C,Business
108781,Carol Smith,332,N,Economy
108782,Grace Jones,175,I,Business
108783,Ryan Davis,392,A,Economy
108784,Jack Smith,130,I,Business
108785,Leo Jones,189,Q,Business
108786,Jack Garcia,220,A,Economy
108787,Ivy Rodriguez,91,T,Business
108788,Jack Thomas,71,X,Business
108789,Ryan Jackson,87,P,Business
108790,Alice Wilson,359,N,Economy
108791,Sara Johnson,278,N,Economy
108792,Frank Martinez,208,X,Business
108793,Paul Davis,228,T,Economy
108794,Ivy Brown,326,X,Economy
108795,Grace Williams,158,Y,Business
108796,Jack Brown,124,M,Business
108797,Noah Williams,427,F,Economy
108798,Carol Wilson,408,P,Economy
108799,Noah Taylor,290,M,Economy
108800,Eve Garcia,129,A,Business
108801,Eve Anderson,141,G,Business
108802,Jack Garcia,319,X,Economy
108803,Jack Harris,266,H,Economy
108804,Grace Wilson,98,R,Business
108805,Ivy Anderson,265,R,Economy
108806,Tom Jackson,133,V,Business
108807,Ivy White,46,M,First
108808,Quinn Martinez,300,B,Economy
108809,Olivia Davis,120,U,Business
108810,Noah Rodriguez,189,X,Business
108811,Alice Jackson,152,K,Business
108812,Paul Harris,338,Q,Economy
108813,Noah Miller,335,D,Economy
108814,Quinn Garcia,430,O,Economy
108815,Grace Anderson,206,O,Business
108816,Eve Harris,70,S,First
108817,Ryan Martin,407,L,Economy
108818,Eve Wilson,101,R,Business
108819,Olivia Martinez,85,T,Business
108820,Eve Smith,371,C,Economy
108821,Bob Martinez,150,I,Business
108822,Carol Martin,388,X,Economy
108823,Frank Rodriguez,270,F,Economy
108824,Jack Davis,357,G,Economy
108825,Kate Garcia,149,L,Business
108826,David Williams,307,I,Economy
108827,Noah Davis,263,B,Economy
108828,Ryan Martin,85,B,Business
108829,Frank Miller,424,U,Economy
108830,Alice Garcia,141,A,Business
108831,Henry Miller,351,O,Economy
108832,Quinn Jackson,55,U,First
108833,Quinn Williams,413,J,Economy
108834,Alice Jackson,155,W,Business
108835,Quinn Thomas,446,F,Economy
108836,Jack Wilson,225,O,Economy
108837,Ryan Smith,190,F,Business
108838,David Wilson,65,D,First
108839,Tom Davis,5,F,First
108840,Ryan Anderson,199,Y,Business
108841,Quinn Johnson,163,R,Business
108842,Alice Johnson,12,S,First
108843,Olivia Anderson,318,L,Economy
108844,Frank Anderson,353,T,Economy
108845,Frank Martin,140,R,Business
108846,Carol Jackson,123,J,Business
108847,Paul Johnson,11,N,First
108848,Bob Jackson,161,Z,Business
108849,Alice Jackson,227,K,Economy
108850,Tom Rodriguez,239,I,Economy
108851,Grace Martinez,144,K,Business
108852,Alice Rodriguez,187,E,Business
108853,Olivia Brown,332,F,Economy
108854,Kate Anderson,163,X,Business
108855,Kate Harris,167,S,Business
108856,Ryan Miller,379,L,Economy
108857,Sara Taylor,204,E,Business
108858,Sara Harris,103,E,Business
108859,Jack Martinez,91,V,Business
108860,Ryan Miller,39,S,First
108861,Leo Williams,70,C,First
108862,Bob Williams,269,C,Economy
108863,Noah Martin,4,X,First
108864,Kate White,29,A,First
108865,Ryan Jones,241,I,Economy
108866,Henry Anderson,44,L,First
108867,Kate Taylor,67,A,First
108868,Kate Williams,178,V,Business
108869,Leo Miller,283,P,Economy
108870,Alice Miller,105,A,Business
108871,Paul Harris,397,D,Economy
108872,Grace Martinez,57,A,First
108873,Olivia Martin,455,U,Economy
108874,David Smith,413,W,Economy
108875,Noah Thomas,13,M,First
108876,Henry Brown,309,O,Economy
108877,Noah Taylor,381,H,Economy
108878,Eve Taylor,433,F,Economy
108879,Alice Jones,210,D,Business
108880,David Martin,12,X,First
108881,Jack Brown,368,R,Economy
108882,Tom Brown,439,F,Economy
108883,Jack Wilson,233,B,Economy
108884,Bob Garcia,213,W,Economy
108885,Olivia Davis,212,Q,Economy
108886,Bob Taylor,346,M,Economy
108887,Frank Brown,128,I,Business
108888,Quinn Jones,453,U,Economy
108889,Kate Martinez,58,R,First
108890,Alice Brown,135,G,Business
108891,Mia Williams,190,O,Business
108892,Alice Harris,154,N,Business
108893,Eve Harris,431,V,Economy
108894,Ivy Williams,201,P,Business
108895,Jack Taylor,272,Q,Economy
108896,Henry Brown,245,P,Economy
108897,Ivy White,266,Q,Economy
108898,Leo Wilson,173,Z,Business
108899,David Garcia,310,C,Economy
108900,David Martinez,427,Z,Economy
108901,Quinn Johnson,363,R,Economy
108902,Quinn Thomas,91,M,Business
108903,Henry Harris,10,C,First
108904,Paul Anderson,455,J,Economy
108905,Eve Davis,311,E,Economy
108906,Henry Brown,236,L,Economy
108907,Frank Miller,286,G,Economy
108908,Kate Taylor,416,Z,Economy
108909,Grace Miller,299,D,Economy
108910,Quinn Jackson,5,S,First
108911,Grace Jones,359,L,Economy
108912,Jack Jones,236,M,Economy
108913,Kate Rodriguez,186,N,Business
108914,Grace Rodriguez,416,J,Economy
108915,Alice Smith,406,D,Economy
108916,Frank Jackson,237,E,Economy
108917,Paul White,110,C,Business
108918,Alice Martin,388,Z,Economy
108919,Paul Martin,149,F,Business
108920,Olivia Rodriguez,61,E,First
108921,Bob Williams,89,V,Business
108922,Mia Harris,32,S,First
108923,Frank Wilson,191,C,Business
108924,Kate Garcia,30,A,First
108925,Quinn Jones,240,H,Economy
108926,Leo Williams,260,T,Economy
108927,Kate Harris,303,T,Economy
108928,Quinn Johnson,406,L,Economy
108929,Ivy Anderson,60,V,First
108930,Carol Jones,432,M,Economy
108931,Carol Jackson,421,X,Economy
108932,Kate Martin,137,V,Business
108933,Alice Jones,81,V,Business
108934,Leo Rodriguez,442,I,Economy
108935,Henry Miller,82,G,Business
108936,Leo Jones,183,X,Business
108937,Bob Rodriguez,388,H,Economy
108938,Leo Anderson,286,S,Economy
108939,Olivia Thomas,238,S,Economy
108940,Leo Miller,88,P,Business
108941,Jack Martin,85,V,Business
108942,Paul Smith,103,X,Business
108943,Carol Rodriguez,300,K,Economy
108944,Paul Johnson,133,H,Business
108945,Olivia Garcia,127,D,Business
108946,Kate White,147,C,Business
108947,Grace Williams,341,Z,Economy
108948,Frank Wilson,156,B,Business
108949,Sara White,39,F,First
108950,Leo Martinez,401,E,Economy
108951,Kate Martin,315,A,Economy
108952,Quinn Brown,86,O,Business
108953,Noah Rodriguez,228,L,Economy
108954,Grace Harris,389,W,Economy
108955,Henry Wilson,40,G,First
108956,Quinn Wilson,241,J,Economy
108957,Sara Garcia,119,Q,Business
108958,Bob Williams,169,G,Business
108959,Jack Williams,84,J,Business
108960,Kate Taylor,19,A,First
108961,Ryan Martin,181,W,Business
108962,Carol Garcia,247,E,Economy
108963,Alice Miller,342,H,Economy
108964,Noah Jones,200,X,Business
108965,Ivy Jones,240,Z,Economy
108966,Ryan Taylor,150,D,Business
108967,Bob Anderson,292,M,Economy
108968,Henry Rodriguez,58,H,First
108969,Noah Anderson,306,Y,Economy
108970,Kate Martin,293,E,Economy
108971,Ryan White,157,R,Business
108972,Bob Garcia,46,S,First
108973,Frank Rodriguez,308,V,Economy
108974,Quinn Davis,93,Q,Business
108975,Olivia Taylor,89,K,Business
108976,Henry Davis,20,C,First
108977,Kate Harris,355,N,Economy
108978,Bob Martinez,151,R,Business
108979,Grace Williams,156,O,Business
108980,Sara Thomas,291,C,Economy
108981,Frank Taylor,56,E,First
108982,Alice Jones,342,U,Economy
108983,Ryan Miller,138,D,Business
108984,Quinn Jones,199,T,Business
108985,Jack Jackson,163,U,Business
108986,Leo Jackson,19,W,First
108987,Mia Martin,98,L,Business
108988,Alice Taylor,57,Q,First
108989,Eve Johnson,428,M,Economy
108990,Kate Jones,103,O,Business
108991,Sara Williams,395,A,Economy
108992,Sara Martin,200,Z,Business
108993,Tom Taylor,101,I,Business
108994,Paul Anderson,228,K,Economy
108995,David Martinez,386,E,Economy
108996,Leo Smith,273,W,Economy
108997,Ivy Johnson,311,J,Economy
108998,Noah Taylor,38,I,First
108999,Quinn Taylor,451,N,Economy
109000,Ryan Wilson,80,A,Business
109001,Carol White,293,B,Economy
109002,Alice Anderson,357,D,Economy
109003,Sara Martinez,108,A,Business
109004,Leo Davis,146,M,Business
109005,Carol Johnson,280,F,Economy
109006,Ryan Harris,117,W,Business
109007,Ivy Garcia,186,D,Business
109008,Bob Martin,24,G,First
109009,Grace Williams,63,K,First
109010,Eve Wilson,273,F,Economy
109011,Quinn Anderson,319,U,Economy
109012,Ryan Johnson,97,B,Business
109013,Mia Smith,411,W,Economy
109014,Ivy Anderson,257,N,Economy
109015,Ryan Miller,354,M,Economy
109016,Grace Johnson,28,H,First
109017,Carol Martin,15,U,First
109018,Carol Martin,2,H,First
109019,Ryan Miller,189,J,Business
109020,Olivia Jackson,77,K,Business
109021,Tom Brown,166,F,Business
109022,Jack Miller,28,J,First
109023,Noah Miller,69,A,First
109024,Olivia Garcia,346,Q,Economy
109025,David Jones,219,J,Economy
109026,Ivy Martinez,197,C,Business
109027,Jack Martinez,123,N,Business
109028,Kate Williams,133,R,Business
109029,Noah Davis,419,P,Economy
109030,Jack Anderson,414,Z,Economy
109031,Noah Jones,221,L,Economy
109032,Alice Williams,296,D,Economy
109033,Paul White,17,J,First
109034,Tom Williams,82,U,Business
109035,Alice Harris,133,N,Business
109036,Grace Wilson,49,T,First
109037,David Williams,84,X,Business
109038,Carol Wilson,286,K,Economy
109039,Kate Garcia,55,F,First
109040,Jack Garcia,322,I,Economy
109041,Ryan Thomas,373,M,Economy
109042,Henry Jackson,211,V,Economy
109043,David Wilson,138,S,Business
109044,Eve Miller,39,U,First
109045,Paul Wilson,219,Z,Economy
109046,Olivia Williams,434,G,Economy
109047,Alice Martinez,436,N,Economy
109048,Grace Taylor,390,W,Economy
109049,Eve Wilson,130,E,Business
109050,David Williams,358,E,Economy
109051,Leo Jones,131,P,Business
109052,Ivy Brown,396,C,Economy
109053,Frank Miller,71,C,Business
109054,David Davis,320,E,Economy
109055,Ivy Johnson,106,R,Business
109056,Kate Johnson,114,O,Business
109057,Quinn Jackson,130,R,Business
109058,Noah Rodriguez,237,T,Economy
109059,Frank Brown,223,C,Economy
109060,Carol Thomas,333,M,Economy
109061,Bob Jackson,216,G,Economy
109062,Tom Garcia,98,A,Business
109063,Olivia Miller,334,K,Economy
109064,Quinn Johnson,192,D,Business
109065,Leo Smith,429,S,Economy
109066,Leo Taylor,428,B,Economy
109067,Sara Davis,390,L,Economy
109068,Leo Miller,444,G,Economy
109069,Carol Jones,321,N,Economy
109070,Quinn Anderson,205,W,Business
109071,Henry Jones,447,X,Economy
109072,Leo Thomas,394,E,Economy
109073,Kate Garcia,297,D,Economy
109074,Frank Jackson,105,U,Business
109075,Bob Brown,42,J,First
109076,Tom Brown,170,K,Business
109077,Quinn Brown,231,T,Economy
109078,Ivy Martinez,14,J,First
109079,Ivy Garcia,124,O,Business
109080,Jack Garcia,2,R,First
109081,Noah Smith,171,O,Business
109082,Alice Martin,70,H,First
109083,Noah Taylor,424,E,Economy
109084,Sara White,112,G,Business
109085,Grace Miller,129,Y,Business
109086,David Jones,345,E,Economy
109087,Jack Davis,431,P,Economy
109088,Noah Taylor,342,F,Economy
109089,David Garcia,46,K,First
109090,Bob Johnson,170,L,Business
109091,Frank Jackson,229,L,Economy
109092,Grace Rodriguez,313,F,Economy
109093,Noah Wilson,135,A,Business
109094,Alice Brown,234,K,Economy
109095,Jack Martinez,375,J,Economy
109096,Eve Martinez,48,B,First
109097,Olivia Taylor,228,A,Economy
109098,Ryan Brown,19,K,First
109099,Bob Martin,165,C,Business
109100,Alice Taylor,93,P,Business
109101,Frank Martinez,72,Z,Business
109102,David Wilson,75,A,Business
109103,Paul Jones,419,Y,Economy
109104,David Johnson,150,H,Business
109105,Henry Martinez,307,L,Economy
109106,Tom Anderson,369,N,Economy
109107,David Rodriguez,96,M,Business
109108,Frank Anderson,79,X,Business
109109,Mia Martin,81,A,Business
109110,Olivia White,224,R,Economy
109111,Olivia Wilson,323,R,Economy
109112,Henry Williams,41,A,First
109113,Frank Wilson,164,V,Business
109114,Henry Martinez,225,E,Economy
109115,Alice Taylor,368,F,Economy
109116,Kate Jones,249,O,Economy
109117,Eve Wilson,26,X,First
109118,Alice White,243,Y,Economy
109119,Ivy Martinez,408,X,Economy
109120,Henry Wilson,406,R,Economy
109121,Paul White,34,C,First
109122,Paul Thomas,115,N,Business
109123,Noah Anderson,189,N,Business
109124,Eve Jackson,70,Y,First
109125,Ryan Harris,388,U,Economy
109126,Carol Wilson,174,U,Business
109127,Mia Jackson,67,U,First
109128,Carol Martin,164,B,Business
109129,Henry Harris,76,V,Business
109130,Olivia Smith,300,V,Economy
109131,Alice Wilson,192,U,Business
109132,Alice Williams,100,A,Business
109133,Frank Jackson,65,P,First
109134,David Brown,318,M,Economy
109135,Alice Rodriguez,123,K,Business
109136,Alice Anderson,204,Y,Business
109137,Frank White,181,Q,Business
109138,Ivy Garcia,33,C,First
109139,Eve White,33,W,First
109140,Quinn Davis,87,D,Business
109141,Tom Harris,184,B,Business
109142,Noah Harris,283,T,Economy
109143,Quinn Johnson,121,L,Business
109144,Ivy Martin,332,M,Economy
109145,Kate Martin,448,R,Economy
109146,Tom Jones,56,H,First
109147,Kate White,381,J,Economy
109148,Frank Brown,117,T,Business
109149,Kate Rodriguez,261,A,Economy
109150,Kate Wilson,298,V,Economy
109151,Bob Harris,7,I,First
109152,Bob Davis,170,W,Business
109153,Olivia White,84,Y,Business
109154,Jack Miller,38,J,First
109155,Frank Taylor,233,Z,Economy
109156,Henry Garcia,74,X,Business
109157,Tom Wilson,388,C,Economy
109158,Quinn Rodriguez,37,H,First
109159,Sara Johnson,168,S,Business
109160,Kate Taylor,104,I,Business
109161,Henry Harris,50,R,First
109162,Grace Brown,318,Q,Economy
109163,Leo Smith,135,O,Business
109164,Mia Jones,227,G,Economy
109165,Paul Johnson,12,V,First
109166,Jack Anderson,117,K,Business
109167,Frank Williams,380,T,Economy
109168,Mia Brown,409,H,Economy
109169,Sara Martin,312,I,Economy
109170,Alice White,56,V,First
109171,Sara Davis,446,P,Economy
109172,Paul Jones,345,B,Economy
109173,Olivia White,150,J,Business
109174,Olivia Anderson,446,T,Economy
109175,Sara Wilson,95,Q,Business
109176,Ryan Rodriguez,32,F,First
109177,Henry Anderson,65,J,First
109178,Tom Taylor,162,M,Business
109179,Mia Johnson,178,P,Business
109180,Ivy Jackson,180,L,Business
109181,Eve Harris,63,V,First
109182,Quinn Rodriguez,338,P,Economy
109183,Mia Rodriguez,81,L,Business
109184,Alice Davis,41,N,First
109185,Jack Harris,130,P,Business
109186,Frank Wilson,247,L,Economy
109187,Quinn Martinez,60,Q,First
109188,Leo Garcia,396,B,Economy
109189,Quinn Miller,174,H,Business
109190,Carol Garcia,131,Q,Business
109191,David Garcia,362,F,Economy
109192,Paul Martinez,200,D,Business
109193,Grace Anderson,22,H,First
109194,Grace Brown,8,L,First
109195,Grace Martinez,185,L,Business
109196,Tom Martinez,109,P,Business
109197,Noah Thomas,440,S,Economy
109198,Tom Anderson,99,Z,Business
109199,Mia Jones,219,K,Economy
109200,Mia Harris,94,O,Business
109201,Ivy Wilson,181,P,Business
109202,Paul Miller,229,Y,Economy
109203,Henry Smith,410,I,Economy
109204,Sara Rodriguez,92,A,Business
109205,Bob Jones,370,O,Economy
109206,Ivy Rodriguez,80,L,Business
109207,Paul Williams,304,H,Economy
109208,Ivy Martin,390,H,Economy
109209,Henry Wilson,381,A,Economy
109210,Bob Wilson,14,A,First
109211,Alice Harris,132,X,Business
109212,Henry Rodriguez,259,O,Economy
109213,Ivy Jackson,206,G,Business
109214,Eve Jackson,410,Z,Economy
109215,Ivy Smith,387,F,Economy
109216,Eve Johnson,161,B,Business
109217,Ryan Jackson,55,E,First
109218,Quinn Martin,158,N,Business
109219,Sara Smith,136,L,Business
109220,Kate Taylor,284,V,Economy
109221,Mia Johnson,418,L,Economy
109222,Ryan Williams,30,J,First
109223,Noah Davis,92,W,Business
109224,Henry Davis,49,P,First
109225,Ivy Jackson,86,G,Business
109226,David Harris,86,B,Business
109227,Paul Taylor,189,E,Business
109228,Jack Rodriguez,43,C,First
109229,David Martinez,80,B,Business
109230,Ryan White,251,X,Economy
109231,Bob Jones,282,M,Economy
109232,Grace Brown,184,Q,Business
109233,Ivy Smith,397,E,Economy
109234,Ryan Jackson,246,H,Economy
109235,Kate Martinez,349,U,Economy
109236,Frank Martin,131,X,Business
109237,Olivia Taylor,153,I,Business
109238,Henry Martin,321,Q,Economy
109239,Quinn Rodriguez,119,D,Business
109240,Grace White,223,M,Economy
109241,Jack Wilson,215,P,Economy
109242,Bob Thomas,121,C,Business
109243,Tom Johnson,136,Q,Business
109244,Ivy Jones,86,Y,Business
109245,Quinn Thomas,82,B,Business
109246,Quinn Thomas,348,B,Economy
109247,David Miller,4,U,First
109248,Henry Martinez,77,I,Business
109249,Noah Thomas,350,G,Economy
109250,Noah Thomas,33,G,First
109251,Paul Garcia,445,M,Economy
109252,Bob Williams,200,A,Business
109253,Sara Jackson,337,P,Economy
109254,Alice Anderson,255,G,Economy
109255,Eve Miller,13,A,First
109256,Paul Williams,262,J,Economy
109257,Sara Garcia,98,G,Business
109258,Tom Jackson,28,M,First
109259,David Brown,114,H,Business
109260,Carol Davis,438,N,Economy
109261,Grace Wilson,67,P,First
109262,Noah Davis,145,D,Business
109263,Jack Wilson,397,H,Economy
109264,Ryan Jackson,249,I,Economy
109265,Tom Johnson,173,B,Business
109266,Tom Miller,94,V,Business
109267,Quinn Jackson,201,Y,Business
109268,Jack Jackson,326,A,Economy
109269,Ryan White,62,L,First
109270,Mia Smith,167,H,Business
109271,Ryan Jones,427,W,Economy
109272,Ivy Thomas,101,T,Business
109273,Grace Jackson,82,Y,Business
109274,Frank Taylor,24,N,First
109275,Henry Thomas,33,A,First
109276,Kate Jones,307,H,Economy
109277,Carol Garcia,401,V,Economy
109278,Quinn White,203,I,Business
109279,Frank Jones,324,T,Economy
109280,Frank Harris,436,D,Economy
109281,Sara Davis,425,P,Economy
109282,Quinn Thomas,8,O,First
109283,Frank Davis,192,R,Business
109284,Jack Williams,272,Y,Economy
109285,Tom Anderson,333,E,Economy
109286,Carol Thomas,368,S,Economy
109287,Jack Harris,136,M,Business
109288,Olivia Brown,418,O,Economy
109289,Bob Garcia,107,A,Business
109290,Eve Brown,109,X,Business
109291,Grace Anderson,66,W,First
109292,Leo Rodriguez,77,N,Business
109293,Leo Smith,65,A,First
109294,Henry Taylor,116,L,Business
109295,Ivy Williams,89,R,Business
109296,Kate Anderson,269,B,Economy
109297,Mia Rodriguez,57,F,First
109298,Frank Johnson,32,X,First
109299,Sara Harris,164,K,Business
109300,Henry Brown,245,O,Economy
109301,Kate Jones,134,Z,Business
109302,Ryan Thomas,138,E,Business
109303,Carol Wilson,360,C,Economy
109304,Olivia Miller,92,L,Business
109305,Olivia Williams,139,Q,Business
109306,Jack Martinez,258,X,Economy
109307,Eve Taylor,343,K,Economy
109308,David Jones,24,E,First
109309,Leo Brown,72,G,Business
109310,Jack Harris,421,O,Economy
109311,Paul Rodriguez,458,J,Economy
109312,Quinn Martinez,389,B,Economy
109313,Henry Harris,431,T,Economy
109314,Bob Jones,445,P,Economy
109315,Grace Martin,219,Y,Economy
109316,Paul Martin,200,E,Business
109317,Noah Williams,252,Z,Economy
109318,Tom Miller,297,E,Economy
109319,Quinn Thomas,190,Y,Business
109320,Grace Jackson,258,B,Economy
109321,Eve Wilson,423,Q,Economy
109322,Ivy Rodriguez,197,T,Business
109323,David Martin,267,O,Economy
109324,Noah Thomas,69,Q,First
109325,Olivia Martinez,364,L,Economy
109326,Sara Smith,78,F,Business
109327,Alice Davis,48,D,First
109328,Alice Martinez,45,F,First
109329,Paul Harris,458,W,Economy
109330,Mia Brown,347,L,Economy
109331,Ryan Johnson,391,G,Economy
109332,Sara Taylor,124,B,Business
109333,Ivy Jones,62,K,First
109334,Mia Martinez,242,N,Economy
109335,Ivy Martin,238,F,Economy
109336,Carol Davis,34,L,First
109337,Henry Thomas,419,V,Economy
109338,Mia Smith,22,N,First
109339,Paul Jackson,436,S,Economy
109340,Frank Rodriguez,414,S,Economy
109341,Jack Rodriguez,119,U,Business
109342,Leo Jones,216,B,Economy
109343,Bob White,323,U,Economy
109344,Quinn Harris,451,F,Economy
109345,Frank Brown,97,X,Business
109346,Olivia Harris,59,U,First
109347,Quinn Smith,276,C,Economy
109348,Ryan Williams,101,N,Business
109349,Kate Martinez,142,S,Business
109350,Jack Smith,435,E,Economy
109351,Leo Davis,204,F,Business
109352,Quinn Brown,181,Z,Business
109353,Bob Rodriguez,355,O,Economy
109354,Olivia White,85,K,Business
109355,Frank Taylor,266,R,Economy
109356,Henry Harris,8,A,First
109357,Ivy Anderson,44,W,First
109358,Tom Miller,202,D,Business
109359,Quinn Anderson,117,N,Business
109360,Mia Anderson,264,C,Economy
109361,Ivy Davis,331,X,Economy
109362,Henry Jackson,139,Z,Business
109363,Sara Davis,100,W,Business
109364,Leo Smith,102,P,Business
109365,Leo Anderson,422,Y,Economy
109366,Leo Davis,204,L,Business
109367,David Martinez,292,A,Economy
109368,Noah Thomas,309,G,Economy
109369,Henry Rodriguez,179,H,Business
109370,Grace White,154,A,Business
109371,Kate Martinez,243,W,Economy
109372,Leo Garcia,218,I,Economy
109373,Ryan Martin,42,Y,First
109374,Olivia Brown,154,V,Business
109375,Grace Martin,317,E,Economy
109376,Tom Jones,257,L,Economy
109377,Jack Garcia,245,T,Economy
109378,Grace Brown,338,B,Economy
109379,Alice Taylor,381,W,Economy
109380,Paul Brown,449,Y,Economy
109381,Alice White,169,N,Business
109382,Olivia Smith,133,B,Business
109383,Paul Jones,195,Q,Business
109384,Noah Williams,387,X,Economy
109385,Sara Anderson,406,V,Economy
109386,Bob Martin,19,S,First
109387,David Martin,416,O,Economy
109388,Carol Harris,369,S,Economy
109389,Frank Rodriguez,321,Z,Economy
109390,Tom Johnson,443,L,Economy
109391,Kate Williams,381,E,Economy
109392,Leo Jones,109,W,Business
109393,Carol White,132,W,Business
109394,Ryan Harris,300,E,Economy
109395,Bob Martin,426,O,Economy
109396,Mia Martinez,25,T,First
109397,Grace Jackson,61,U,First
109398,Ivy Jackson,254,M,Economy
109399,Quinn Rodriguez,229,G,Economy
109400,Carol Jones,87,X,Business
109401,David Williams,454,J,Economy
109402,Eve Rodriguez,125,E,Business
109403,Olivia Thomas,59,L,First
109404,Ivy Williams,321,V,Economy
109405,Leo Anderson,3,C,First
109406,Carol Johnson,76,G,Business
109407,Olivia Martinez,348,L,Economy
109408,Carol Garcia,366,A,Economy
109409,Grace Martinez,96,X,Business
109410,Frank Garcia,438,F,Economy
109411,David Smith,130,K,Business
109412,Eve Martinez,231,A,Economy
109413,Carol Johnson,316,P,Economy
109414,David Thomas,256,O,Economy
109415,Mia Garcia,96,L,Business
109416,Alice Martinez,75,K,Business
109417,Ivy Garcia,163,K,Business
109418,Jack Thomas,41,E,First
109419,Henry Martin,3,R,First
109420,Bob Jones,23,A,First
109421,Henry Brown,361,L,Economy
109422,Ivy White,455,B,Economy
109423,Carol Thomas,39,N,First
109424,David Thomas,10,W,First
109425,Jack Jackson,139,K,Business
109426,David Taylor,419,F,Economy
109427,Jack Jackson,261,T,Economy
109428,Bob Harris,376,O,Economy
109429,Paul Taylor,128,C,Business
109430,Alice Smith,441,M,Economy
109431,Sara Jones,123,X,Business
109432,Henry Martin,260,B,Economy
109433,Eve Jackson,135,L,Business
109434,Mia Wilson,114,J,Business
109435,Grace Thomas,235,Q,Economy
109436,Paul Martinez,377,F,Economy
109437,Frank Harris,35,N,First
109438,Bob Harris,310,I,Economy
109439,Eve Smith,75,B,Business
109440,David Davis,174,Y,Business
109441,Jack Martin,23,Q,First
109442,Sara White,273,G,Economy
109443,Olivia Harris,108,I,Business
109444,Jack White,139,F,Business
109445,Jack Rodriguez,61,X,First
109446,Alice White,90,A,Business
109447,Mia Brown,317,B,Economy
109448,Noah Anderson,80,T,Business
109449,Jack Rodriguez,71,K,Business
109450,Carol Anderson,132,Z,Business
109451,Olivia Miller,11,Q,First
109452,Tom Williams,50,S,First
109453,Alice Jones,380,X,Economy
109454,Bob Smith,299,I,Economy
109455,Bob Garcia,127,T,Business
109456,Mia Thomas,190,E,Business
109457,Bob Johnson,263,I,Economy
109458,Ryan White,182,K,Business
109459,David Harris,90,H,Business
109460,Eve Wilson,43,G,First
109461,Mia Williams,19,O,First
109462,Grace Taylor,225,F,Economy
109463,Bob Jackson,420,X,Economy
109464,Olivia Harris,166,N,Business
109465,Grace Jackson,146,G,Business
109466,Eve Rodriguez,199,B,Business
109467,Mia Jones,366,X,Economy
109468,Mia Jackson,118,J,Business
109469,Carol Williams,57,S,First
109470,Grace Jackson,119,S,Business
109471,Jack Martinez,163,L,Business
109472,David Martinez,370,I,Economy
109473,Kate Brown,236,F,Economy
109474,Bob Taylor,365,X,Economy
109475,Alice Taylor,151,T,Business
109476,Jack Garcia,141,W,Business
109477,Noah Jones,358,F,Economy
109478,Jack Davis,180,U,Business
109479,Tom White,29,D,First
109480,Carol White,250,N,Economy
109481,Grace Wilson,230,I,Economy
109482,Paul Garcia,308,P,Economy
109483,Noah Jones,157,W,Business
109484,Mia Miller,362,M,Economy
109485,Bob Davis,151,F,Business
109486,Mia Garcia,414,F,Economy
109487,Alice Martinez,85,D,Business
109488,Eve White,154,Q,Business
109489,Noah Johnson,47,W,First
109490,Alice Rodriguez,40,Q,First
109491,Alice Martinez,446,R,Economy
109492,Henry Rodriguez,283,R,Economy
109493,Quinn Taylor,372,T,Economy
109494,Paul Smith,48,U,First
109495,Frank Davis,117,L,Business
109496,David Brown,62,O,First
109497,Olivia Davis,230,E,Economy
109498,Quinn Martinez,98,E,Business
109499,Ryan Martinez,28,C,First
109500,Eve Brown,154,K,Business
109501,Carol Martin,83,L,Business
109502,Leo Taylor,206,I,Business
109503,Tom Taylor,436,Q,Economy
109504,Frank Brown,379,S,Economy
109505,Quinn Smith,345,C,Economy
109506,Sara Anderson,229,W,Economy
109507,Carol Garcia,156,I,Business
109508,Ivy Smith,136,Y,Business
109509,Olivia Davis,438,W,Economy
109510,Leo White,252,X,Economy
109511,Henry Martin,242,G,Economy
109512,Olivia Jackson,43,I,First
109513,Noah Martinez,108,U,Business
109514,Paul Smith,8,F,First
109515,Alice Brown,197,G,Business
109516,Eve Taylor,297,N,Economy
109517,Olivia Davis,451,K,Economy
109518,Paul Garcia,358,R,Economy
109519,Noah Williams,318,O,Economy
109520,Mia Davis,207,P,Business
109521,Sara White,252,O,Economy
109522,Leo Brown,103,C,Business
109523,Eve Johnson,5,V,First
109524,Bob Johnson,15,X,First
109525,Tom Miller,234,G,Economy
109526,Alice Smith,96,G,Business
109527,Leo Martinez,396,Z,Economy
109528,Leo Wilson,312,U,Economy
109529,Kate Rodriguez,342,V,Economy
109530,Henry Thomas,251,R,Economy
109531,Jack Brown,107,S,Business
109532,Jack Anderson,422,D,Economy
109533,Leo Davis,203,E,Business
109534,Henry Garcia,178,Y,Business
109535,Jack Brown,173,T,Business
109536,Frank Brown,244,K,Economy
109537,Mia Rodriguez,129,W,Business
109538,Ryan Harris,389,Q,Economy
109539,Sara Anderson,153,A,Business
109540,Olivia White,116,V,Business
109541,Grace Garcia,92,D,Business
109542,Ivy Taylor,353,A,Economy
109543,Paul Rodriguez,122,E,Business
109544,Quinn Wilson,194,Q,Business
109545,Paul Miller,235,A,Economy
109546,Eve Harris,326,W,Economy
109547,Noah Rodriguez,35,R,First
109548,Carol Miller,69,T,First
109549,Paul Williams,199,C,Business
109550,Jack Brown,93,U,Business
109551,Paul Martinez,417,M,Economy
109552,Ivy White,166,S,Business
109553,Quinn Harris,51,W,First
109554,Alice Smith,402,N,Economy
109555,Bob Davis,154,R,Business
109556,Quinn Johnson,148,Z,Business
109557,Tom Davis,9,O,First
109558,Frank Brown,118,L,Business
109559,Henry Taylor,119,Z,Business
109560,Leo Rodriguez,48,O,First
109561,Kate White,196,L,Business
109562,Sara Smith,108,X,Business
109563,Olivia Brown,458,L,Economy
109564,Ivy Taylor,151,S,Business
109565,Eve Smith,99,C,Business
109566,Leo White,62,F,First
109567,Tom Martinez,427,N,Economy
109568,Sara Martinez,121,Q,Business
109569,Carol Martinez,433,E,Economy
109570,Bob Williams,173,L,Business
109571,Quinn Johnson,288,V,Economy
109572,Jack Thomas,149,U,Business
109573,Mia Anderson,123,F,Business
109574,Noah Miller,256,T,Economy
109575,Ryan Jackson,373,I,Economy
109576,David Martin,163,Y,Business
109577,Carol Williams,53,A,First
109578,Alice Johnson,95,P,Business
109579,Mia Miller,213,B,Economy
109580,Tom Wilson,271,J,Economy
109581,Tom Brown,282,I,Economy
109582,Sara Davis,125,F,Business
109583,Carol Johnson,85,N,Business
109584,Alice Jackson,74,P,Business
109585,Jack White,23,J,First
109586,Quinn Taylor,416,Q,Economy
109587,Alice Taylor,25,Y,First
109588,Bob Davis,106,L,Business
109589,Kate Smith,430,J,Economy
109590,Kate Taylor,364,R,Economy
109591,Mia Wilson,74,G,Business
109592,Carol Williams,77,E,Business
109593,Noah Smith,207,M,Business
109594,Sara Taylor,223,R,Economy
109595,Sara Williams,239,S,Economy
109596,Ryan White,135,P,Business
109597,Tom Rodriguez,162,Q,Business
109598,Frank Martin,29,E,First
109599,Olivia Smith,225,L,Economy
109600,Ryan Garcia,283,X,Economy
109601,Quinn Martinez,411,E,Economy
109602,Alice Jones,343,S,Economy
109603,Mia Jones,184,P,Business
109604,Paul Smith,93,J,Business
109605,Bob Jackson,357,C,Economy
109606,Ivy Garcia,326,D,Economy
109607,Ivy Martin,1,C,First
109608,Leo Johnson,153,F,Business
109609,Carol Harris,185,Q,Business
109610,Noah Smith,65,H,First
109611,Eve Wilson,170,Y,Business
109612,Kate Wilson,282,U,Economy
109613,Ryan Rodriguez,14,I,First
109614,Leo Jones,399,A,Economy
109615,Bob Harris,145,J,Business
109616,Grace Harris,147,R,Business
109617,Henry Brown,187,T,Business
109618,David Davis,90,Z,Business
109619,Carol Williams,115,A,Business
109620,Ivy Anderson,202,N,Business
109621,Ryan White,90,P,Business
109622,Frank Harris,413,F,Economy
109623,Olivia Williams,67,M,First
109624,Paul Jackson,396,X,Economy
109625,Ryan Wilson,46,I,First
109626,Frank Jackson,260,A,Economy
109627,Mia Harris,216,X,Economy
109628,Bob Davis,263,L,Economy
109629,Olivia Garcia,113,G,Business
109630,Noah Martin,263,O,Economy
109631,Leo Miller,120,P,Business
109632,Frank Anderson,3,A,First
109633,Carol Jones,35,L,First
109634,Jack Martin,84,G,Business
109635,Kate Taylor,60,F,First
109636,Mia Martin,132,Y,Business
109637,Olivia Rodriguez,239,J,Economy
109638,Noah Miller,11,E,First
109639,Sara Jackson,214,X,Economy
109640,Jack Johnson,20,U,First
109641,Jack Jones,301,G,Economy
109642,David Martinez,179,W,Business
109643,Olivia Anderson,196,J,Business
109644,Quinn Harris,46,F,First
109645,Paul White,206,J,Business
109646,Ivy Williams,42,U,First
109647,Mia Jackson,195,N,Business
109648,Eve Wilson,101,C,Business
109649,Quinn Smith,95,M,Business
109650,Grace Brown,40,B,First
109651,Mia Smith,114,B,Business
109652,Sara Williams,356,U,Economy
109653,Sara Williams,68,K,First
109654,Ryan Wilson,377,N,Economy
109655,Ivy Davis,113,X,Business
109656,Paul Martin,314,T,Economy
109657,Leo Jackson,50,L,First
109658,Sara Rodriguez,245,A,Economy
109659,Quinn Martinez,176,W,Business
109660,Leo Rodriguez,119,B,Business
109661,Eve Anderson,128,A,Business
109662,Quinn Martinez,116,R,Business
109663,Jack Miller,139,X,Business
109664,Leo White,387,U,Economy
109665,David Johnson,224,N,Economy
109666,Olivia Taylor,430,B,Economy
109667,Leo Thomas,267,H,Economy
109668,Ryan Martinez,193,D,Business
109669,Olivia Taylor,197,P,Business
109670,Alice Jones,177,V,Business
109671,David Wilson,145,L,Business
109672,Eve Martinez,53,Q,First
109673,Eve Jones,162,D,Business
109674,Ivy Thomas,319,F,Economy
109675,Ivy Martinez,11,W,First
109676,Jack Miller,44,K,First
109677,Eve Anderson,355,A,Economy
109678,Mia Williams,207,F,Business
109679,Sara Martin,437,H,Economy
109680,Paul White,402,E,Economy
109681,Alice Williams,252,W,Economy
109682,Olivia Davis,457,U,Economy
109683,Frank Smith,253,G,Economy
109684,Carol Davis,3,B,First
109685,Jack Martin,179,M,Business
109686,Ryan Taylor,204,H,Business
109687,Kate Brown,212,R,Economy
109688,Leo Garcia,232,F,Economy
109689,Paul Anderson,58,A,First
109690,Quinn Rodriguez,117,O,Business
109691,Paul Martinez,441,C,Economy
109692,Jack Rodriguez,402,Z,Economy
109693,Henry Miller,354,X,Economy
109694,Jack Miller,59,S,First
109695,David Jones,180,R,Business
109696,Mia Martinez,156,Y,Business
109697,Kate Rodriguez,33,J,First
109698,Bob Martinez,112,L,Business
109699,Frank Williams,454,P,Economy
109700,Alice Garcia,409,U,Economy
109701,Sara Jones,81,P,Business
109702,Sara Rodriguez,108,C,Business
109703,David Miller,370,X,Economy
109704,Sara Taylor,277,I,Economy
109705,Ivy Harris,59,O,First
109706,Alice Anderson,210,P,Business
109707,Kate Johnson,355,Q,Economy
109708,Ryan Smith,194,M,Business
109709,Ryan Brown,265,N,Economy
109710,Ivy Wilson,199,I,Business
109711,Ryan Martinez,427,S,Economy
109712,Henry Davis,439,C,Economy
109713,Ivy White,95,S,Business
109714,Paul Martin,417,W,Economy
109715,Jack White,418,Y,Economy
109716,Frank Brown,171,N,Business
109717,Ryan Garcia,382,L,Economy
109718,Alice Harris,149,V,Business
109719,Ivy Jones,426,C,Economy
109720,Paul Williams,2,Z,First
109721,Tom Miller,455,K,Economy
109722,Quinn Martinez,73,E,Business
109723,Grace Thomas,72,A,Business
109724,Grace Anderson,225,D,Economy
109725,Leo Martin,79,R,Business
109726,Eve Miller,432,K,Economy
109727,Frank Wilson,378,L,Economy
109728,Ivy Martin,442,L,Economy
109729,Jack White,128,B,Business
109730,Bob Johnson,455,I,Economy
109731,Bob Jones,86,M,Business
109732,Mia Rodriguez,360,V,Economy
109733,Alice Rodriguez,418,V,Economy
109734,Ivy Jackson,113,V,Business
109735,Paul Jones,269,M,Economy
109736,Ryan Johnson,323,O,Economy
109737,Tom Wilson,351,B,Economy
109738,Sara Martinez,439,Z,Economy
109739,Bob Harris,34,Q,First
109740,Leo Anderson,212,M,Economy
109741,Alice Garcia,278,I,Economy
109742,Tom Harris,279,O,Economy
109743,Alice Anderson,194,X,Business
109744,Mia Thomas,457,G,Economy
109745,Alice Miller,349,C,Economy
109746,Ryan Taylor,265,O,Economy
109747,Ryan Smith,66,I,First
109748,David Jones,95,I,Business
109749,Bob Miller,384,J,Economy
109750,Frank Martin,16,Q,First
109751,Quinn Thomas,393,E,Economy
109752,Olivia Anderson,141,S,Business
109753,Bob Smith,143,O,Business
109754,Henry White,52,O,First
109755,Alice Taylor,374,D,Economy
109756,Sara Harris,260,X,Economy
109757,Bob Jones,426,E,Economy
109758,Noah Brown,333,W,Economy
109759,Sara Smith,372,J,Economy
109760,Sara White,97,K,Business
109761,Carol Davis,455,V,Economy
109762,Mia Johnson,305,N,Economy
109763,Ryan Garcia,177,G,Business
109764,Leo Martin,72,O,Business
109765,Jack Anderson,2,T,First
109766,Leo White,126,I,Business
109767,Jack Rodriguez,115,U,Business
109768,Tom Taylor,39,O,First
109769,David White,264,V,Economy
109770,Jack Harris,31,I,First
109771,Tom Brown,261,F,Economy
109772,Carol Smith,414,O,Economy
109773,Olivia White,371,W,Economy
109774,Carol Rodriguez,187,W,Business
109775,Bob Anderson,63,N,First
109776,Sara Rodriguez,385,K,Economy
109777,Jack White,29,S,First
109778,Frank Harris,294,E,Economy
109779,Olivia Jones,53,M,First
109780,Sara Taylor,89,T,Business
109781,Sara Wilson,385,Y,Economy
109782,Olivia Brown,310,T,Economy
109783,Alice Brown,205,V,Business
109784,Noah White,55,M,First
109785,Leo Wilson,178,G,Business
109786,Paul Jackson,9,V,First
109787,Olivia Williams,98,Z,Business
109788,Olivia Smith,32,P,First
109789,Paul Wilson,238,X,Economy
109790,Olivia Taylor,416,C,Economy
109791,Alice Harris,325,V,Economy
109792,Ryan Anderson,134,F,Business
109793,Mia Martin,240,U,Economy
109794,Noah Jones,91,Z,Business
109795,Leo Smith,108,D,Business
109796,Carol Miller,456,Y,Economy
109797,Noah Williams,184,E,Business
109798,Paul Garcia,71,T,Business
109799,Mia Williams,361,K,Economy
109800,Grace White,261,L,Economy
109801,Tom Wilson,11,F,First
109802,Kate Harris,204,R,Business
109803,Noah Jackson,364,H,Economy
109804,Jack Harris,78,W,Business
109805,David Jackson,436,Z,Economy
109806,Eve Smith,114,A,Business
109807,Alice Wilson,130,U,Business
109808,Eve Harris,322,H,Economy
109809,Frank Williams,250,A,Economy
109810,Paul Rodriguez,169,Q,Business
109811,Olivia Brown,376,V,Economy
109812,Bob White,1,J,First
109813,Quinn Johnson,70,R,First
109814,Noah Rodriguez,284,X,Economy
109815,Kate Taylor,149,Y,Business
109816,Eve Miller,211,K,Economy
109817,Carol Garcia,345,V,Economy
109818,Leo Thomas,10,P,First
109819,Grace Davis,99,G,Business
109820,Ryan Jones,409,K,Economy
109821,Tom Johnson,123,D,Business
109822,Olivia Rodriguez,99,V,Business
109823,Henry Harris,158,A,Business
109824,Henry Williams,325,U,Economy
109825,Henry Harris,24,W,First
109826,Paul Harris,156,M,Business
109827,Eve Johnson,37,M,First
109828,Carol Martin,165,E,Business
109829,Ryan Brown,6,T,First
109830,Tom Smith,24,Q,First
109831,Carol Davis,129,S,Business
109832,Alice Miller,305,E,Economy
109833,Alice Taylor,180,P,Business
109834,Mia Williams,64,O,First
109835,Leo White,374,M,Economy
109836,Carol Miller,265,V,Economy
109837,Jack Martinez,451,R,Economy
109838,Ryan Thomas,56,S,First
109839,Noah Martinez,116,U,Business
109840,Paul Johnson,393,G,Economy
109841,Sara Garcia,240,I,Economy
109842,Henry Jones,379,A,Economy
109843,Bob Wilson,230,R,Economy
109844,Paul Harris,1,G,First
109845,Paul Rodriguez,326,I,Economy
109846,Henry Anderson,333,D,Economy
109847,Kate Smith,200,K,Business
109848,Sara Wilson,397,I,Economy
109849,Bob Martinez,389,O,Economy
109850,Olivia Jackson,190,X,Business
109851,Olivia Jackson,272,M,Economy
109852,Grace Smith,208,Z,Business
109853,Alice White,214,Q,Economy
109854,Henry Brown,175,C,Business
109855,Jack Williams,159,L,Business
109856,Ivy Harris,320,Z,Economy
109857,Olivia Davis,449,D,Economy
109858,Frank Thomas,276,A,Economy
109859,Leo Thomas,22,R,First
109860,Kate Wilson,372,N,Economy
109861,Sara Jones,324,L,Economy
109862,Eve Miller,125,U,Business
109863,Eve White,158,M,Business
109864,Quinn White,6,M,First
109865,Henry Jackson,149,O,Business
109866,Tom Wilson,234,B,Economy
109867,Frank Rodriguez,59,Y,First
109868,Grace Anderson,348,G,Economy
109869,Ivy Davis,185,Z,Business
109870,Sara Williams,13,L,First
109871,Carol Miller,368,N,Economy
109872,Quinn Jones,182,C,Business
109873,Mia Johnson,61,L,First
109874,Bob Rodriguez,83,F,Business
109875,Tom Martinez,181,V,Business
109876,Olivia Harris,80,C,Business
109877,Olivia Davis,205,T,Business
109878,Tom Garcia,392,T,Economy
109879,Grace Garcia,106,U,Business
109880,Bob Harris,230,W,Economy
109881,Ivy Williams,245,I,Economy
109882,Eve Wilson,90,B,Business
109883,Grace Jones,216,C,Economy
109884,Noah Jackson,128,G,Business
109885,Alice Wilson,113,E,Business
109886,Paul Martinez,295,H,Economy
109887,Olivia Smith,118,F,Business
109888,Eve White,334,R,Economy
109889,Carol Jones,446,M,Economy
109890,Noah Jones,425,A,Economy
109891,Henry Garcia,448,V,Economy
109892,Henry Harris,416,F,Economy
109893,Eve Anderson,56,D,First
109894,Tom Miller,62,C,First
109895,Kate Rodriguez,460,J,Economy
109896,Quinn Thomas,283,L,Economy
109897,David Wilson,136,C,Business
109898,Eve Thomas,226,O,Economy
109899,Tom Martin,364,V,Economy
109900,David Jones,407,B,Economy
109901,Kate Johnson,228,P,Economy
109902,Eve Smith,72,K,Business
109903,Henry Martin,4,Q,First
109904,Jack Jones,70,O,First
109905,Leo Garcia,94,I,Business
109906,Leo Johnson,64,D,First
109907,Frank Johnson,364,D,Economy
109908,Ryan Harris,46,Z,First
109909,Ivy Thomas,151,L,Business
109910,Tom Wilson,230,B,Economy
109911,Leo Garcia,27,B,First
109912,Noah Johnson,180,O,Business
109913,Bob Martinez,141,N,Business
109914,Henry Miller,404,L,Economy
109915,Bob Anderson,337,W,Economy
109916,Mia Martinez,171,P,Business
109917,Carol Johnson,378,H,Economy
109918,Alice Rodriguez,293,D,Economy
109919,Quinn Johnson,209,L,Business
109920,Carol Jackson,333,F,Economy
109921,Paul Martin,337,F,Economy
109922,Kate Taylor,8,V,First
109923,Olivia Jackson,120,O,Business
109924,Sara Taylor,207,U,Business
109925,Ivy White,119,H,Business
109926,Kate Anderson,214,H,Economy
109927,Quinn Anderson,298,N,Economy
109928,Alice Anderson,205,K,Business
109929,Sara Brown,298,C,Economy
109930,Ryan White,236,P,Economy
109931,Jack Jones,202,Y,Business
109932,Grace Harris,432,U,Economy
109933,Ryan Jones,226,X,Economy
109934,Carol Williams,83,R,Business
109935,Mia Brown,344,K,Economy
109936,Tom Miller,392,V,Economy
109937,Tom Miller,176,U,Business
109938,Ivy Martinez,332,K,Economy
109939,David Williams,292,O,Economy
109940,Eve Williams,39,W,First
109941,Sara Thomas,18,U,First
109942,Frank Wilson,85,Y,Business
109943,Henry Rodriguez,339,Y,Economy
109944,Jack Johnson,161,T,Business
109945,Bob Miller,9,D,First
109946,Quinn Miller,412,A,Economy
109947,Olivia Martin,229,N,Economy
109948,Ryan Wilson,38,L,First
109949,Kate White,25,D,First
109950,Carol Johnson,29,M,First
109951,Sara Johnson,353,K,Economy
109952,Grace Rodriguez,138,X,Business
109953,Sara Anderson,310,O,Economy
109954,Quinn Garcia,192,K,Business
109955,Henry Taylor,118,D,Business
109956,Paul Davis,333,B,Economy
109957,Mia Williams,79,I,Business
109958,Olivia Garcia,78,K,Business
109959,Kate Harris,182,G,Business
109960,Mia Johnson,169,J,Business
109961,Noah Rodriguez,416,A,Economy
109962,Tom Brown,113,L,Business
109963,Bob Harris,379,X,Economy
109964,Quinn Jones,170,S,Business
109965,Paul Anderson,278,D,Economy
109966,Noah Jones,11,Z,First
109967,Henry Johnson,177,J,Business
109968,Sara Harris,108,T,Business
109969,Alice Jones,316,A,Economy
109970,Carol Brown,355,Z,Economy
109971,Henry Thomas,287,K,Economy
109972,Jack White,378,J,Economy
109973,Quinn Martinez,104,A,Business
109974,Noah Wilson,182,M,Business
109975,Quinn Anderson,96,B,Business
109976,Tom Davis,85,H,Business
109977,Alice Garcia,11,X,First
109978,David Thomas,416,U,Economy
109979,Quinn Smith,25,A,First
109980,Carol Brown,86,C,Business
109981,Henry Miller,209,P,Business
109982,Olivia Anderson,274,E,Economy
109983,Ryan Johnson,195,U,Business
109984,Eve Thomas,1,K,First
109985,Henry Davis,175,U,Business
109986,Mia Anderson,197,O,Business
109987,Sara Smith,405,E,Economy
109988,Eve Miller,95,K,Business
109989,Jack Johnson,74,I,Business
109990,Henry Anderson,115,H,Business
109991,Mia Martin,275,K,Economy
109992,Olivia Harris,246,K,Economy
109993,Henry Davis,87,T,Business
109994,Jack Taylor,36,J,First
109995,Ryan Harris,264,O,Economy
109996,Sara Rodriguez,268,M,Economy
109997,Grace Williams,127,W,Business
109998,Eve Jones,231,R,Economy
